x0,x1,y,scenario,y_obs
-0.6210447288608156,2.651432126063652,6.400803162696242,train,6.401058239258903
-2.135482678851109,-1.792670178807024,-1.609258847810778,train,-1.6092204205935867
-1.5575641102585842,-0.42309600483572996,0.4928960423541635,train,0.49260694508950525
2.506067187841463,2.781616220402568,9.31805724831361,train,9.318226059266474
-1.2387789276612862,1.007262565290418,-0.4585518542250645,train,-0.45921061930418045
-0.22683554655596794,-1.721066788466478,-0.37259733361491953,train,-0.37256748533137696
-1.5594380201220834,1.271678279220466,-0.47650062717944863,train,-0.47699849583799414
2.4660927614428747,1.107848047049167,1.116946646456337,train,1.1168985139782328
-2.841984342658153,-1.0203972603473892,-2.4766257819878614,train,-2.47646900981993
-1.1528274154644256,-0.4354491293684458,0.7512445393078521,train,0.7509678543774245
2.5145988863636664,1.95808793353214,3.3268218272777075,train,3.3270347075993545
1.144983566149513,-2.410795434098988,-4.385018192787067,train,-4.385116765430244
1.4110673047538516,-0.4153077406060499,0.3189376980473373,train,0.31898052176842906
1.0145019374880668,-0.6743736727284342,0.3574796156850053,train,0.3573956809622102
-2.121305762802745,-0.685387329825677,-0.1870135981737624,train,-0.18692403223888784
-0.7799534511192476,-0.355166676928083,0.6988823685771159,train,0.699110401953749
0.3938813425526595,2.3948290015315634,3.808904840378418,train,3.8090212681364877
1.1502040978062187,-1.7673869529794284,-0.910255721916307,train,-0.9102776432462499
-0.8495535691064098,-1.325070085110118,0.728943175832441,train,0.7289544990902128
-1.53167622347297,0.35624093239067767,-0.3577184691026245,train,-0.3575700344529629
0.2017473093632467,-0.7289791976725335,0.5818500232292481,train,0.5816404317030358
-2.2436017501111087,-0.7731952420631296,-0.4402303607029454,train,-0.43985839457575915
0.3828964283064522,-2.752628892901333,-7.305353799633676,train,-7.305247767056896
1.9161893000080523,-1.0445579698447527,1.132681266003337,train,1.1333260190431265
-0.37832759562795815,-1.458752408718729,0.37675418925896653,train,0.37686947296874757
-2.473690799529999,1.2309357808333887,-2.3350939241233424,train,-2.334986855724298
-0.3478988722646106,0.30104160739309505,-0.18208087930180739,train,-0.18234243395865457
2.249182970749062,0.8505586440551332,0.4380506449631585,train,0.43827532171048156
1.5683102762314078,-1.3370749531198562,0.3966262305823631,train,0.39628849857642257
-1.134847982791449,-0.10112262317807075,0.39594451879631415,train,0.39548183566459627
-1.0074957388061831,0.6780031588800596,-0.35855210628802636,train,-0.3587529099625466
2.075176004062115,-0.011621633622427296,0.7636462715551335,train,0.7640798444102261
-0.8176183616591657,1.3243258676023484,-0.12837022010299037,train,-0.12857215481682396
-1.580262774267354,1.717746898921632,0.47381777936984815,train,0.473799959028249
-1.9359901539106068,-0.09684749974529949,-0.3674827397796645,train,-0.36722839153396725
0.48219195024414585,-0.6974761742191844,0.4486465667925206,train,0.4486117252602381
1.5170084809721276,-1.8621762718117787,-1.054404685322977,train,-1.0541915440699468
-0.7685522207740965,-1.9567143032122227,-1.1043254833076044,train,-1.104609065631895
1.7141543483737651,-2.113421764573683,-2.033476131412653,train,-2.03310494428216
-1.6855278386087944,-2.9241159847362717,-9.107275233539346,train,-9.107141271203472
0.7530136484653944,2.0505411170176746,1.5592145009747247,train,1.559269362195373
0.6489412415471372,-2.072535472196674,-2.233958848700526,train,-2.233927342909093
1.374445932219687,2.869062480811587,8.197567570241327,train,8.197176653834942
1.917311098395988,1.6633273754821327,0.7559190654843368,train,0.7560878932367312
1.1802812295781013,1.5922396167764985,-0.15364231722438682,train,-0.1536304577327695
-0.6816976511244146,-1.3569836716715393,0.6564926130311552,train,0.6562625920666049
1.6582145291403059,-0.46429626638023325,0.5899141924482836,train,0.5903224734377565
-1.1638470654411521,-1.7439400933995461,-0.29258992334620815,train,-0.2929674265105404
0.23916992249854907,0.48284298777345924,-0.6399759674290679,train,-0.6399587501433507
0.4881736498835245,-0.3283879411036983,0.15553992536170774,train,0.15558461988374228
-1.6027139379334128,1.546510297209094,-0.028441294960674934,train,-0.028540897716127053
-0.7374520623357999,-0.8232450722736688,0.9974396396725271,train,0.9976232660596267
-0.3869079013709378,0.21892629216721948,-0.07559501774041233,train,-0.07529259245373832
-2.347404972640562,-1.9006873174114292,-2.565681771611025,train,-2.56506427574738
0.6055317173856407,-2.5333503836063955,-5.347688821178085,train,-5.348069422132889
0.9283646253363012,0.42621738953886146,-0.7769053552951821,train,-0.777009241644327
2.2288632319186883,-0.5967196082465323,1.709916966591042,train,1.7097733102264865
-1.4838612814271246,0.009484352372819305,0.07710354279123144,train,0.07656488078567908
0.9582063555518365,1.397835664989009,-0.6149020503413569,train,-0.6151350717822017
1.8642511760269347,0.8709693127569604,-0.35111972206973574,train,-0.3510947965999638
1.4289586226671105,1.2591478466511141,-0.6437320504150696,train,-0.6438512845546541
-1.0304717633801548,0.892458032331391,-0.4191465064258082,train,-0.4190813830644533
2.2241320477456643,-1.300608738368525,1.5490715745978614,train,1.5490273554440785
-2.9371954631353008,-1.576500208982964,-3.666587601105084,train,-3.666507668787129
1.2006669967989625,2.3492190965957778,3.409251032064112,train,3.4092460577674433
0.5416287901487227,1.404096027348821,-0.5398734069560738,train,-0.5392435450645228
-1.5394785181588178,-1.4028828320000954,0.34299466346079444,train,0.3436516119760862
2.6042774412263245,-1.2268952578728558,2.7793079254195687,train,2.779647157566216
2.3349712665570266,0.10615931176064164,1.2518164691256168,train,1.2522969016416363
-0.7163966251569871,2.3517413082180516,3.9659470894986235,train,3.966443706463201
-1.0188607031619734,-1.9991970246253934,-1.2982485000907995,train,-1.297774236702573
0.8345957413703178,1.3919779889705628,-0.6228537460783656,train,-0.6232214361867544
0.7098183448621027,-2.4688219161407816,-4.844631185977594,train,-4.845131475434036
-1.1928592676204586,1.7420972773303203,0.8099939139224945,train,0.8097502311503146
-1.4163575937412827,-1.2576073683428013,0.6545444739657819,train,0.6541478748523879
0.7445732724623007,2.1377289038496743,2.0295828618952476,train,2.0297412533130483
1.17758262693357,-1.7169646929829372,-0.7326209949004561,train,-0.7326614331607124
-2.8168440991304387,-0.6496497450704739,-2.4192011557770874,train,-2.419332737770108
0.9559990824692925,-2.3560407519412783,-4.015112897613542,train,-4.015531529676822
1.6462081744113561,-0.6118987039199211,0.6888660699968729,train,0.688470686190167
1.8101522623162003,-1.1761247293608013,0.8790724031846779,train,0.8791303680755606
0.2677950072000179,2.333411237740701,3.4223380426456136,train,3.4219166546018545
0.46261921446049836,-0.41528105125703396,0.251019944016929,train,0.2512223682199255
-0.20707912956714036,-2.552802820947669,-5.1529286081133705,train,-5.152773592391643
0.4062086821512434,-0.7399054049143032,0.4956531681016395,train,0.4961131520698117
-0.2507063185654008,-2.682207101321405,-6.3073638957640865,train,-6.307107813521593
0.4081016865082727,-1.6002088711598283,-0.3190087466086009,train,-0.3188857929888316
1.3247401216605947,2.916804209373817,8.710147650431942,train,8.70977384167482
2.4394911696550263,1.3065672597180624,1.2311455054811749,train,1.2309766122549033
2.4853945284818204,1.1365017223043021,1.1980228703141371,train,1.1980425024522803
-2.5069954390594615,0.9536558630452174,-2.6085399906847666,train,-2.6081973465845705
-1.6696573248589337,-1.0905717450756525,0.5640614808385954,train,0.5645836518170837
1.277014674346562,-0.4363354327330584,0.2600610785658841,train,0.25978458593164205
-1.3613724434630423,0.9514804162530869,-0.5350113599643377,train,-0.5352865044524779
-0.24793094372810254,-1.1211433610180068,0.7616719092584543,train,0.7618705756623255
-2.3579847539769823,-0.556095900293208,-0.8617993081757098,train,-0.8620111152941793
0.023637982395352974,2.9086549126005217,8.80180564953844,train,8.80190368700624
-0.8973460946357799,0.7608234680116737,-0.38862688988807503,train,-0.38818722105771086
-2.518662020719166,0.2637036233582606,-2.2434506994097356,train,-2.2431519591721374
-0.04266974733100959,0.6639138914051843,-0.6290568018629432,train,-0.6287657806153539
-1.530482708833899,1.790596920463976,0.7700707981684237,train,0.7698986873350767
-1.9219208538900356,-2.624924698648085,-6.35212743283337,train,-6.352266707053777
-1.4932232756351906,1.684826253369057,0.4502346224461786,train,0.4497037145425315
2.6480716034256124,2.073570394527766,4.359344616894459,train,4.359385799824717
-2.558209568942404,-1.9309487613185339,-3.351996731188141,train,-3.352362307919481
0.867857667023642,-1.8046805705608204,-1.0763888492329647,train,-1.0768685111496983
1.7489638340788183,-1.9782272479247238,-1.3014175323414237,train,-1.3010773432304876
-0.15468692213711766,-2.64235672311009,-5.977100869327884,train,-5.9775404441187066
2.479650648864718,-0.5308174989103578,2.371681581581748,train,2.3716107243798707
-2.1288002261941026,-0.07092695753210299,-0.7801212286347008,train,-0.7803248332366609
2.9828988256447877,2.5523017169756854,9.067125737856365,train,9.06724165481074
0.9493698252276115,2.2581924611154998,2.7443689151515476,train,2.7446200485000998
2.8755084442190366,1.8528912463253455,4.274711313793813,train,4.274720983942171
0.922455263322913,-0.2455677802254681,-0.016962786449393197,train,-0.01659257585220894
-2.1369559855457405,0.7590658592607062,-1.5754378542753011,train,-1.5754345647139034
-2.7305096111668394,1.1743612215272625,-3.305746298066212,train,-3.3057449662361824
0.07501146788687407,-0.26009411195427123,0.26589406770489177,train,0.2660575342971374
0.961898339107639,2.6015939308790292,5.379309465617902,train,5.37911308297552
-2.2156454764060167,-0.7127263316692989,-0.3932889458958162,train,-0.3928301321501715
1.5658034703060242,-0.8793828479742236,0.7001268225945831,train,0.7004524240706381
-2.002573171631554,1.3107261315773824,-1.0518526249838691,train,-1.051694678352416
2.9806177822090305,1.6096306815896724,3.959349929305615,train,3.959145534115564
-0.07629125137266834,-2.6572155482794617,-6.154310949281034,train,-6.15454869762073
1.644832400286564,-0.24345309683647431,0.35252299062549564,train,0.35232581792876605
-1.4678789994344583,-1.106276075348584,0.7519559939004573,train,0.7519527723001272
1.92529477879504,0.9493229755105324,-0.24674219973012335,train,-0.2469172425073027
1.8040790358441434,0.7480218523368798,-0.41604527561475835,train,-0.416303006663738
0.774169789420101,2.197075650996079,2.3720197670672514,train,2.372360774422531
0.5985494891391854,-1.0371543386693045,0.4303700882254836,train,0.4313862369429472
-1.9604901785445983,-0.9259408656924395,0.1874014700953277,train,0.18743482145378762
-0.9285134692888226,2.326355242357151,3.807563598789251,train,3.807409181972631
1.6725006537480631,-1.8545270605230337,-0.8642447563686071,train,-0.8638345696806199
-0.42400437423903004,1.348495485668511,-0.19535875635814137,train,-0.19568676835828322
0.22110949251473677,-2.5489781756910235,-5.330343827394517,train,-5.330604586950689
0.9097082658567812,2.5741641788618357,5.135337508612954,train,5.135433008074188
-1.282733025748071,0.8138512470736882,-0.4878490434756365,train,-0.48782729683503007
-0.12675038507869862,1.0641357583341151,-0.6114893445663008,train,-0.6117397728926008
2.1367347896837554,2.1326387412564385,3.1733548975205013,train,3.1728933992349053
2.4184087252041166,1.2151893974823933,1.0587042941008873,train,1.0586424040821767
-0.44096925929865094,0.21643862048175944,-0.05132174549774471,train,-0.051202974843380426
2.975982114278353,-0.398855167447254,4.230248109994838,train,4.2299603243413255
-2.338459880310779,-0.8162270274677927,-0.6807179712694549,train,-0.6802601503515957
-1.105364356072149,1.8866584693771602,1.3763401831902413,train,1.3765253368321049
-0.6442631147761588,2.5316617432486748,5.3437579283463545,train,5.344248548295475
-0.4359594543509022,0.7010283790535357,-0.4675691051896206,train,-0.467993453375584
0.06673683027092636,2.6121356994396594,5.743759451341537,train,5.743796331749623
1.1147922766822287,-0.666519730517007,0.3714615817474375,train,0.37185242889780973
0.28321056020014046,1.113097785728226,-0.7832227945529073,train,-0.7831972269994226
1.538187624167339,2.1663437119170768,2.4425449765893923,train,2.4427196579699624
-1.504677897896891,-0.8077766085010438,0.776797651983577,train,0.7767460861834359
-0.60114404950364,1.7392267636314536,0.8005543068453993,train,0.8005189556206106
-0.44320433598062525,-2.945674190437155,-9.040802762749856,train,-9.040867259537867
1.1138520535196745,0.24527938691942142,-0.5674992817312949,train,-0.5680063161884188
0.2765527926312821,2.9241287691686875,8.858423318288102,train,8.857456048754313
-1.496074735248748,-2.2808328969753986,-3.1173508736858024,train,-3.1177439694920293
1.0112887653355207,-2.3796936553507413,-4.181195434665036,train,-4.181000403001449
0.9422119888618474,1.9190254543106968,0.9269136171113004,train,0.9268955883470703
0.1167418003456473,-2.624218703845428,-5.944862536560905,train,-5.94511368993225
1.3966286150071294,-1.7740738185573424,-0.8163858294271922,train,-0.8164679855388689
1.7647531985776013,-1.7605873915674692,-0.39907671223940766,train,-0.399299375472269
2.29119803911128,-0.33550587277244537,1.6436944088403793,train,1.6433460223353247
0.10599405205029289,0.961787656635964,-0.7620601896633754,train,-0.7618664685534966
1.3687029096679186,-0.9839358251712154,0.5328940610127801,train,0.532829988186983
-2.7968015710176357,-2.1244308587898137,-5.221651506271401,train,-5.222535150088474
-0.8075897053276191,-1.1848687254281096,0.888568304574903,train,0.88836454029667
-2.4292278139082084,-1.941464067395176,-2.981639157658638,train,-2.981517527278237
2.832263599315298,1.1257284308718973,2.4902153888845207,train,2.489959157148774
-2.099856252627605,-0.24972001355845386,-0.5100138085611521,train,-0.5102958707795525
-2.0072874535015686,1.0722365616702554,-1.2842233481121643,train,-1.283666445115992
-0.20188487184572423,-1.5155304788935322,0.1774734163008802,train,0.1775546572369618
-1.590019110199431,1.038454361775989,-0.6951723853417501,train,-0.6949571439470525
-1.2162618055379188,-0.995688317392369,0.9495551003096634,train,0.9491551592236003
2.1154193727464614,1.635074654044335,1.0591614979191113,train,1.0594495025000794
2.1710204256106316,1.7411380578702262,1.51085488014661,train,1.5111791996215123
-0.27797826701455275,-2.265211479114865,-2.958660441882061,train,-2.959136873468449
2.5704255849598736,-1.2594101034197984,2.623900900731458,train,2.624341808000947
2.325908368022522,0.1503926020227626,1.1748384329353674,train,1.1754811482147502
1.7331423881286128,-0.9129574054365004,0.8897032678385188,train,0.8892879590643935
2.9258316245732745,2.8782997556505747,12.01523008643243,train,12.015338836156388
-1.583335840229493,1.7457589410745822,0.5631399914838071,train,0.5634156570498733
2.2688829228049245,1.5518326672760119,1.207873711607553,train,1.2084873950357151
0.9140358353172995,0.6908589968801271,-0.9684516457619692,train,-0.9681859624883983
1.6602240644749688,1.6896410386800067,0.46941541307392187,train,0.46958857654891994
0.24567394382681584,-0.2629712309913348,0.1866013302506213,train,0.18636005092173047
2.720157829584706,2.325821169656411,6.165065751416238,train,6.165304028397178
-1.7642085169581843,0.25463297474711255,-0.5133960705932903,train,-0.5137566799789386
-0.1485528200093622,-1.2751605503605454,0.5670859406644286,train,0.5672360688113657
-0.8518871080450987,-2.969074885081826,-9.221611255849137,train,-9.221576649077818
2.669116118556947,-0.0863808149539822,2.5718298371370167,train,2.571654978979076
0.16193248413475558,0.07830053835408135,-0.17383761588666322,train,-0.1735955944150886
-1.3574434580062793,0.028051807758047054,0.1448112148169376,train,0.14409773130809328
-2.4484199586197217,1.4676564586491176,-1.8918385550723018,train,-1.8920868048496298
-2.870481292319102,1.0181415752831153,-3.9891798337089615,train,-3.9893139462002933
-1.3036207607068873,0.4012758437559891,-0.2404951385262044,train,-0.24027109317712078
2.742187460765443,-0.5580265724756044,3.3356814063022115,train,3.335795293912406
-2.8930876081549677,1.5486831352616992,-3.397683222734117,train,-3.3977542847976907
0.33778211861767726,1.052106676144815,-0.8414076913095005,train,-0.8415136589179307
0.28161996627961017,2.4261325816424844,4.092550874913542,train,4.092990046283801
0.7275844112581673,0.4442746163274496,-0.7760427052424975,train,-0.77622404493227
1.9838478055189412,1.5491170180998566,0.5694399043656369,train,0.5691799355638687
0.9480983282703481,1.8490472096092863,0.6384651201098503,train,0.6388466106403712
1.0260879989892686,0.9093810677837881,-1.0122193640842219,train,-1.0123036984077178
2.4688418572737554,-1.1629173216783855,2.384335873867512,train,2.3843749786766115
-0.25670863007934575,0.6076265946415043,-0.49201005204319337,train,-0.49189496901178414
-1.6180748720312073,-0.2244538559312912,0.22545030544789646,train,0.22574229925880135
1.8965000413696922,2.746741147991378,7.481407335630138,train,7.481366836237749
0.4185627761955013,-2.5830134310264232,-5.71187832636808,train,-5.712418932631423
0.9846730326255013,2.4689913630523144,4.26120277607925,train,4.261169167131963
-2.180274136454601,-0.9268955609655456,-0.26858082599728195,train,-0.268529536701233
0.7186967559969166,-0.8835479457080124,0.43028019700415077,train,0.43045339022724144
-0.7646808452322436,-2.5114537596991644,-4.613714176855889,train,-4.613609268941582
-2.244800326526949,-0.020552864983404362,-1.115308202854726,train,-1.1151902217358198
2.160873978781553,-0.15544940899467918,1.1222108926338192,train,1.1225028092987273
-0.09330688769671935,-2.333809698113491,-3.508680346148595,train,-3.5080182978459913
-1.2428024233695794,-1.0933804643587206,0.8959840198496972,train,0.8959916540701507
-0.9548280376166769,0.6672285432469058,-0.34883987630660007,train,-0.3492774003877306
-0.5868139915909838,-0.27758435791694547,0.5753999038699871,train,0.5753211314528803
-1.126053646026006,-1.4187570246201555,0.5520809789775963,train,0.5517826302991615
2.1698052343438805,-0.37384375359748456,1.3806982143232753,train,1.3812129713489636
2.6798573921390947,-0.20201682305638657,2.7475211305215907,train,2.747701220993344
0.23913035222100731,-1.1152149649324934,0.5279287460967107,train,0.5281730856221915
0.2503188944590624,1.5221511863847152,-0.18523418964162497,train,-0.18542714877846925
-0.8558026718860448,-1.7456200175047853,-0.26232958464746203,train,-0.2625201845706259
2.206830728658354,-1.6163368275332384,0.8743107797120251,train,0.8742942754117701
-2.8200459779850617,-1.5582383133962583,-3.0972484184767106,train,-3.097186905456824
-0.8689910080564571,1.2819770980419043,-0.1816774961132266,train,-0.18170204873775048
-1.537392604913945,-0.7014496349363489,0.7111193153001842,train,0.7111106877185318
0.288174258209386,1.6425845288083432,0.1055131521151067,train,0.10551331473298091
-1.390529765525292,-2.3432091621902336,-3.46346859045751,train,-3.4633647646868493
2.113362220235719,-1.6729551859785636,0.49753102997001686,train,0.4975290131335801
2.2659727921836277,0.9729076368820864,0.48696454324425686,train,0.4874271896381089
1.255330727469608,0.35285869430824635,-0.6334848099842785,train,-0.6331919358152616
-1.9975008281755753,-1.9501772129015136,-1.9634947799093478,train,-1.9635159339726507
-2.6569639607881297,-0.32210310442857115,-2.053048285005051,train,-2.05280047068654
2.124255300387011,0.07383126811056151,0.7665997187576883,train,0.7665042696446495
-0.367364449723131,-2.9625620321026083,-9.272027394205633,train,-9.271892723134735
-1.7575026157775955,-0.7756316534314575,0.4904773156355139,train,0.4905059433814089
-1.640328711359623,1.6265558410929288,0.13725428282091046,train,0.13750653330631504
2.7477096748302507,-0.024518630882965686,2.804551452156317,train,2.8041669197391688
-0.5889345058445636,0.254197252672403,-0.04321047706357095,train,-0.043259281564509915
-1.6649305585105485,-1.8862534374695101,-1.182665644953002,train,-1.1826797417378137
-2.8011640532447677,-2.554521604025311,-8.264738374997203,train,-8.264896675865737
0.6113677764601095,0.145135818258743,-0.43261601525721366,train,-0.43255607883745045
0.16202896199543648,-1.3020276994517959,0.37862128024244557,train,0.37771323808358304
2.011586363089294,2.3704953973328,4.4377822851628945,train,4.4376598135671355
-1.16173881512023,0.05665725017270906,0.19938648831814332,train,0.19954092713544191
0.15952774831258143,-1.1705147792258435,0.5238018414553457,train,0.5240036805093417
1.3037176702311122,0.6374576872450781,-0.8441113518353254,train,-0.8438716306975336
0.6086990633953384,-1.553372629164594,-0.2693140823572706,train,-0.2693057051776945
-0.7222729698719768,0.39889663937131825,-0.16116237786824028,train,-0.16117850118313182
-2.8599611380691865,-1.1420046229829248,-2.62284104867637,train,-2.623441274743421
0.969843645810947,2.966031829610233,9.1848886951729,train,9.184411833932616
2.5350767645751073,2.4905231401777845,6.72621672169569,train,6.726170964752407
-0.6374585587130319,-0.9707110181699212,0.9744350775828627,train,0.9741134642996012
1.7427845584353872,-0.8564850367230623,0.9009165656367415,train,0.900934957694188
0.3369649869728395,1.596172944686625,-0.042898631283056154,train,-0.04237840471373761
2.0130046025215655,-1.563517836607748,0.5900550417832884,train,0.5899583937163
1.1331039908879257,-0.2102969483550865,-0.027881798413801118,train,-0.028340445959970775
-1.8757060159034447,-0.3019436659429079,-0.03342787964976701,train,-0.03351186399169962
-0.9815102342922106,1.3096381858145847,-0.14680631181562198,train,-0.14692275769440782
2.8467147226055367,0.979718483041669,2.485003671843823,train,2.48502020366433
0.08835011679449156,0.07885819218378431,-0.13842176700653872,train,-0.1390287206667293
-0.3743447656169021,-2.191812045283172,-2.4579212638671284,train,-2.4582370820202244
1.3251295132670213,-1.4048422140563734,0.10233755973614511,train,0.10255100069131948
-0.4096162513779329,-0.7863583329354629,0.8915665494913068,train,0.8912384934139117
2.593719958294118,1.7363974956194306,2.7269380880441734,train,2.726781557044709
2.0095124065751095,1.955028463920503,2.0083407955899664,train,2.007732705078733
-1.1670809233239792,-2.3913916531469033,-3.7026109142203136,train,-3.70282058659627
-2.3207454544632693,-2.188364072473583,-3.953401341189595,train,-3.9537935999516
-0.19485182509980215,2.0670350688279244,2.031346365083974,train,2.0312680916315236
0.8487395225211083,-0.16556433782332158,-0.1056823505292519,train,-0.10598205665208574
-1.2568887849750054,0.06756180748774754,0.150405526927321,train,0.14992357508272572
-0.9662489119650131,-1.0726733885825634,0.9727832585708683,train,0.9724738975754998
2.7071275450818852,2.925050074572373,11.617478594051594,train,11.617226154122537
1.2107879225185574,-0.1043953573371934,-0.12568359391676226,train,-0.12594402237216384
1.7655166067469494,1.4631250142030372,0.028213317575957575,train,0.027877925129544262
0.2929429163777866,-2.123137213881673,-2.3789241443570797,train,-2.379023867186825
-2.48301862787746,0.06160118436569184,-1.8940466537765086,train,-1.8943263891251194
-2.0584318376105637,-1.7355020854268255,-1.2461929538333858,train,-1.2457619074254065
-0.8978823848397477,-1.5943666301136963,0.19096395600008775,train,0.19088687511456165
-2.3973148165256886,-0.4026915941172633,-1.1062934026852367,train,-1.1064764439775516
-2.754460128022776,1.5132817923546773,-2.885629624277307,train,-2.885725080828039
1.9284581110764787,1.5179040773471355,0.39730455637924167,train,0.3979731350323641
-0.8832106321037947,-2.1139227113518446,-1.8826897547061001,train,-1.882631272539539
-1.3143177392159573,-1.514485551545657,0.2836004822703009,train,0.283673032015296
-1.0604626256134841,0.013990902953426754,0.2749283787681634,train,0.27438820537361835
-1.0223741222648925,1.7103667640488123,0.7467343971940781,train,0.7463648314557118
-0.08431447962967464,-2.2887910505827325,-3.2064031187694932,train,-3.2067224319797902
-2.5785206883965217,-1.5186148106257182,-2.068307397259301,train,-2.0679117236863536
1.336816862429398,-0.9916854127466879,0.5117820887007176,train,0.5122782928561312
0.3135878233044589,0.09846008582547161,-0.26830128207177334,train,-0.26884849262908067
0.028034931835536625,1.2506514351306501,-0.5367046843069265,train,-0.5371073935683267
-2.812860516741928,0.9611362020127965,-3.7541667948915878,train,-3.7543965920203455
2.895408226296574,2.245798600313793,6.375471802575456,train,6.375481591947006
-1.0582194475751563,-2.0500853548691733,-1.555893266530685,train,-1.5554989396159455
1.0148319846074392,-0.0706038038715171,-0.21383556801129228,train,-0.21332772901210498
-0.6823404084871854,0.7467704840780485,-0.41026802437550236,train,-0.4102900166626719
-1.7654130301113833,-2.8915435019522575,-8.836019950830165,train,-8.835841400526903
2.5013477623012577,-0.5014612639153622,2.4180868923644394,train,2.4187287681373593
0.34257912191067863,2.75398032956362,6.975629839365894,train,6.975810081755392
2.8957620861841056,-1.3117436507884475,3.8541181642133577,train,3.8543608123727466
-2.2455665582696516,-2.032917840073333,-2.9031758785414503,train,-2.9033260793351303
2.452511674926031,2.2500715472093145,4.7197942087095175,train,4.720063139626742
0.41732820606871934,-0.9165624006430964,0.5207514790222736,train,0.5210498009359363
2.1639780077031165,2.1100762371791086,3.1100897500912366,train,3.110217820303367
2.0410788397490185,-0.41391076012548855,1.1413255029258083,train,1.141165472692899
0.9576475981228816,0.010502210367263398,-0.3157762716038689,train,-0.31639218583611517
0.642919890756434,2.2066494076578578,2.4561311915059654,train,2.455993760087755
-2.708781032469342,-1.322727309714018,-2.190596830608896,train,-2.1908264831715827
1.7629494077378665,-1.9568751909279016,-1.1841687246046941,train,-1.1842979469677108
-1.2534742903030318,-0.3011624627761659,0.5805833505624924,train,0.580702837465215
0.4564703691174383,-2.560420588853301,-5.529451206154479,train,-5.529321204018113
-1.6803190922003794,1.5132034266593628,-0.1920964726025859,train,-0.19171746792905597
0.3371582635584307,2.9005262475868516,8.559594529137247,train,8.559713334536072
-0.30044408381661203,1.8281366898023736,1.0059269660219137,train,1.0063817010716298
-1.2230083369683935,-0.46229972262835817,0.750999453016769,train,0.7509155425042668
2.9960827646244184,0.14779835148236464,3.7050894130376006,train,3.705434186725
0.00023434186565474135,1.088120776992386,-0.6616908899540058,train,-0.6616788321024494
0.07384051510698786,-2.5388797564992767,-5.17287976401494,train,-5.1730919239686965
1.3342644514825288,0.46912910009554265,-0.7033957236377403,train,-0.7031680575549977
-2.205616159360801,-1.3069614273024839,-0.5910310909721612,train,-0.5913406273163652
-2.0858204234179913,-2.8593195970936383,-9.029321728516978,train,-9.029737847342995
-1.9351050782602397,-0.5907649533330257,0.12412989485345383,train,0.12397100786703757
1.3887570892822465,2.2368029504030518,2.752826198756883,train,2.752643514761516
-1.5576341458285863,0.1473573276156055,-0.1522457590743902,train,-0.15226920448031403
-1.8010596185557164,-0.3434809402309562,0.12398403046282147,train,0.12395930814381008
-1.2466402700181294,2.1751386721576846,2.771208776226489,train,2.770959565245349
1.0130026668924401,-1.8937893390060774,-1.4220297272467808,train,-1.4212928633207267
-2.7142227670552836,0.6479701832614615,-3.2835613833963166,train,-3.2835703356406847
-2.186395267509358,0.9019283578849766,-1.7126040876056132,train,-1.7121094279944369
0.47151191891779565,2.5496958320275867,5.013295752662994,train,5.013873215343829
1.2437728191470185,1.9779923958158045,1.2587408177367014,train,1.2592312839369915
0.17910251060579796,-2.369768046117555,-3.8987529589261802,train,-3.898836709633971
-2.92573579736695,-2.5931219729375377,-9.152645574028597,train,-9.153047516911576
0.5224752528920003,-0.3642124889180052,0.18018593234844638,train,0.17992044561238957
-0.16686856846082954,-2.8337700885296084,-7.894916160992465,train,-7.89446543338346
0.7187983804893827,1.2404546008325554,-0.8193073637647541,train,-0.8189930863241178
2.3301363479423376,-0.008653269262698382,1.375626982766582,train,1.3759189509182994
-0.3534697609826152,0.6216160674917974,-0.457938709043358,train,-0.4580751710342051
2.618224024491986,2.3286216626612224,5.799628801074084,train,5.7992863393100835
0.19804935338626972,-1.8949800382760977,-1.2258836552206165,train,-1.2264952222016512
-1.2663259573632932,1.0725490406734817,-0.4431176961681025,train,-0.4428762150827002
-1.7876720063821205,-1.3480660584838535,0.14400897237788957,train,0.14371278199965262
2.357293700799149,-0.3607099683006487,1.850556585835676,train,1.8507180598890725
2.4833394171738643,1.8856043253867698,2.9106799043166705,train,2.9110228603307164
-1.4982365215665152,0.6132382661206657,-0.5440822102097636,train,-0.5443782988506296
0.6763736208638806,-0.0006786236739950713,-0.2754868088895047,train,-0.275384876675235
-2.6041966267650594,-1.286817533574021,-1.751389821658257,train,-1.7519503810555415
-1.22655912401597,1.1418683422122506,-0.38160103870739825,train,-0.3818134247859298
-0.27065212888594337,0.8723339765129741,-0.5835314049309974,train,-0.5836667572815489
0.8678132915938077,0.41042225362404583,-0.7611362470062013,train,-0.7609302274775648
-0.1082173505891344,0.46672722945433165,-0.45538286539388995,train,-0.45481208284226476
-0.9683321399410252,-1.8020825968777927,-0.4610625939219446,train,-0.46114702571767857
2.349344213395936,0.2321816329628441,1.1463708509592965,train,1.1465330438867896
0.14972619000741716,-1.2726586055735134,0.4223614703131888,train,0.4227734986162718
-0.12667648833296807,1.0109044050143032,-0.6336179807727925,train,-0.633828931853082
-0.8934614424966059,0.14643726467253204,0.12993080303500304,train,0.12959193539464622
-0.1813155847706831,-0.8006364528910237,0.793617892517773,train,0.7934084941697326
0.04879452340666246,-2.480874657889869,-4.681892527267158,train,-4.6821018995653505
-2.8837942942003534,-0.9773236645178349,-2.648547570929513,train,-2.649040527190052
2.576648412052415,2.3678458385023604,5.929488290227628,train,5.92954319023904
1.6992597493974726,1.0301854078174837,-0.5578767979307022,train,-0.5579600462703466
-2.150256215789831,0.8211015510870521,-1.6217829349951116,train,-1.621876385237194
-1.543193473435537,-0.5609870355269326,0.6215016443192624,train,0.621645235811715
0.807585791437357,1.9098350139638725,0.8927784896181414,train,0.8931659898531527
0.10775500305801877,-0.08650194424998414,0.049851434136917464,train,0.04974128983284934
-0.8393143916533878,2.281138417231935,3.4990976726970144,train,3.4991742399516355
0.21916230771561152,2.0020313421007403,1.502287037395592,train,1.5021747863320547
-2.6319822725207604,-0.7398465943530486,-1.6452012798749034,train,-1.6457304804659738
-0.12957319359454722,0.9701387772575654,-0.6432826309822417,train,-0.6432250606439937
0.668527669932093,-2.3137143857193205,-3.691023490193507,train,-3.6912950406700062
-2.95281416674605,-1.9535178123980277,-5.056093176565859,train,-5.056324624294638
-2.957062677597248,-2.3608520736601735,-7.439136439087119,train,-7.4390017777606685
-2.4477716225919175,-0.5790392867718686,-1.111545867303897,train,-1.1116391560106693
-0.7526403827174497,1.0750785837917658,-0.3777587117198513,train,-0.37745348758499353
-0.405855716680406,1.0847754275884844,-0.473924986997455,train,-0.4743988967015334
1.1428352952424659,-1.7365839404444405,-0.8075205106048435,train,-0.8075432294129703
-1.831959884143488,1.0617399904149514,-0.9893023428045724,train,-0.9894020893597572
0.8721369505523855,1.112760494154411,-0.9497776022073328,train,-0.9501407036874981
-0.7610632129495958,2.438356981353121,4.615068110324378,train,4.615294956583019
2.335656768211935,0.6202227862116119,0.7555349653434515,train,0.7555359157522396
2.2804348503198977,-0.25446600944022757,1.528730048020274,train,1.5288403483899717
2.2257838557129475,1.3228698843830906,0.6625225510474289,train,0.662978520224547
-0.6578070797318016,0.8354973125835183,-0.4390093403294225,train,-0.43928734712329026
0.3470263880840303,-0.9904312809769262,0.5375788103097516,train,0.5375506210322779
-0.07990447908224096,2.664123010627679,6.297277616064605,train,6.297426740388844
2.970534716752291,0.3565747872836931,3.351956470107058,train,3.3520983044425687
-1.9951764593266195,1.0032127394350119,-1.2898838491757285,train,-1.2903985980793344
1.1228430900437143,2.053784576796315,1.5886314189677413,train,1.588544711185047
2.7999894842050326,0.9895171124015749,2.2873751859156632,train,2.287047752821184
0.9026948578581733,-2.117451249928925,-2.5101942984873205,train,-2.5096930054869504
1.8348052120570957,-1.0844276525585665,0.9816542339459593,train,0.9807184939928382
-2.0276096894316193,0.207070716525382,-0.8974228147849879,train,-0.8975742485705327
0.5141475588606452,-1.4084721750939018,0.06321634476480043,train,0.0635340061819484
-1.4558871906276347,-0.15863647550448046,0.2991293951922436,train,0.29961758621885737
1.0109801575990671,0.38207349440486027,-0.729430000455828,train,-0.7294025933008372
-1.3169614602921684,0.7683949834567725,-0.49357549391597755,train,-0.49380234487439595
-2.1146392519973847,-2.2746365746980484,-3.988775058884791,train,-3.989260250040292
0.935261162534959,-1.503090332185161,-0.19825645421372995,train,-0.19757234251045694
0.23621822618810384,-1.9310085579246858,-1.3984293044393659,train,-1.3980967384980956
-0.2022778484986052,-2.0993448944710433,-2.0074703243940606,train,-2.0078572778829806
-0.8032418978550391,0.7988565752506562,-0.4057530013194751,train,-0.4054920243015191
1.2427320062942,-1.1922107920155964,0.34585346055624855,train,0.3458342209939463
-2.42573457007885,-0.5481870211546545,-1.0663716080198675,train,-1.0671287612630935
1.6746317781361704,2.2427681189067314,3.0511987507045273,train,3.0512260862287226
-1.0657151886502654,1.4491726066116395,0.07347810034406932,train,0.07422193029687096
-1.79343883058124,0.06976646293784372,-0.3405220740312346,train,-0.3400451219754632
0.6168779855856021,-0.7926023054962301,0.44066925027196835,train,0.44049532366659844
-2.3776908059990127,-2.3847045856403204,-5.418611036979286,train,-5.418525470821025
-0.8920610990553342,-1.778002961925916,-0.3727370456073975,train,-0.37282277914785295
2.783534279811601,0.36526406528395516,2.5076821934844515,train,2.508003742606947
2.430681657491795,2.4739942693203365,6.259286795868492,train,6.259398145183633
-1.8619367163562834,-0.9617721656287944,0.3492770441945944,train,0.34949147495984534
1.9424031244238762,2.1836886773677335,3.0805378125920484,train,3.080764107623437
2.830204122339677,2.3457985551733915,6.758153988740299,train,6.75795636614688
1.4280711190338655,-0.9093153025810523,0.5836851303246318,train,0.583964976248526
1.7801478003862368,0.007334800933537444,0.22935593376754038,train,0.22887899418662538
0.16813176476860958,2.0933118775344273,1.9913092469829767,train,1.9919271803699659
2.8049023522713608,2.2315357735215082,5.8894542233706195,train,5.888995354337794
-2.5443168658581463,1.004169676341851,-2.720716180015454,train,-2.720221591161645
-1.003583848346877,-1.456156503013308,0.5032105771406497,train,0.5028628098588332
-1.1262403781326813,-0.3901439410107723,0.7158919899762757,train,0.7163386326219989
2.964067834664597,1.0006677223936764,3.026448113862422,train,3.0267837440436196
-0.44138324825452857,-0.10965838364544944,0.3344243818250118,train,0.3343242621358728
-1.7123064733765394,0.7969093580379402,-0.8511878373895113,train,-0.8507098671852694
2.794677043710829,-0.1691083456335467,3.168581828081665,train,3.168545648529939
-1.4815443602556488,0.6061585071482982,-0.5256483619955035,train,-0.5257602605476667
-0.9106072677982522,0.6617258771477708,-0.3449049075877719,train,-0.3450909019034841
-0.8439251387051607,-2.9830725806979266,-9.391327490721231,train,-9.391552862096606
0.9595521493326031,0.8863386194301366,-1.01853064322306,train,-1.018470247483175
-0.5847349655358922,-2.4501546389534354,-4.161887797647783,train,-4.161774543446191
2.260160854263775,0.5551973866998376,0.5983790614536342,train,0.5984914476024228
-0.36156386142611474,2.7754100121337624,7.5301904930834604,train,7.530364564896754
-0.4134548467654291,0.7485857891716323,-0.4959646157724109,train,-0.4958109619576047
2.9099465912709492,1.838018975065924,4.372269167587335,train,4.372470545356317
-1.1726282010304403,-0.8685040596875082,0.9784768699815107,train,0.9793015825456892
-2.8591413275593904,0.10306808203826634,-3.3680818938809756,train,-3.3679414033610526
-1.8251586989068873,0.9547058241287386,-1.013973314176301,train,-1.0143132471188867
-2.5299560447591807,-2.843251641208031,-10.054343314130897,train,-10.054057396304293
2.730612113922783,1.535034277648724,2.6731978769352294,train,2.672988875482772
-2.818735464629091,-2.228831945443372,-5.9312317188927155,train,-5.9310392729268315
-2.321016003949795,-0.8854427172642236,-0.6247743418003442,train,-0.6250968414640904
1.862060666129926,1.7720449160651288,1.0160065396049114,train,1.015856950445377
1.9079114521098095,1.6841786135416035,0.8025882118419614,train,0.802437116474567
2.6061558468920385,1.9716089997898703,3.7032792569490995,train,3.703106254667357
0.6735649835952309,-2.5820200513127336,-5.7841817198267265,train,-5.784309105918626
2.5898878077817047,2.216075346622889,4.96167181063961,train,4.961677819230642
0.209691814179656,2.6548984667349984,6.067627152962897,train,6.0680138580771565
-2.1114077807121108,-2.312672560891181,-4.236250131302564,train,-4.236035100278652
-2.251034253639724,-0.9497194885975477,-0.44439534639017064,train,-0.4444770327795987
0.24956510953303157,1.7955036966141813,0.6179242345607474,train,0.6178953070193453
0.6146146868276148,2.495865239558224,4.5178893542727305,train,4.518102309909897
-1.3286304021519655,1.6420764926950309,0.4386081361362515,train,0.4385743468797823
-2.5856659656791523,-2.3029016107472478,-5.507619516947722,train,-5.507253218886566
-0.7067602371563959,1.493083684772461,0.15533783137029555,train,0.15479974173744188
-1.3565853159513348,-0.8941900230099404,0.8945231084349193,train,0.8944526670618155
-1.208074708882663,0.9929888437875094,-0.4506160287118155,train,-0.45042000303521235
-2.7965715109536338,1.2592373001699204,-3.488718325978657,train,-3.4882770396380045
0.08817033088451165,-1.520287801304733,0.023495690416630355,train,0.02314655330194184
-2.5989203395460105,0.7787040600440029,-2.9097121285902086,train,-2.9101148061523703
-1.1847433285625713,-0.7488437705438648,0.9484356371675997,train,0.948419460196807
-1.2882413844763445,0.9083532952507077,-0.49874380264414964,train,-0.49885575595544845
-1.5512541324182882,-1.162892019857256,0.6382133770644226,train,0.6384394776443207
2.6834631767715402,2.1096333081417917,4.6859355906733136,train,4.6860484617414
0.7056225786720614,1.5673535899853759,-0.2381909661401218,train,-0.23819593705518122
2.327693585289542,-1.8005366255583453,0.6005504376060133,train,0.6010635206481654
1.2802483910912459,0.0279167083630405,-0.25393874147558015,train,-0.25415024980409207
-2.325828991371986,-0.6324601660956741,-0.7209325055498002,train,-0.7207498276969753
-1.1918497460144117,-2.0751889157316676,-1.7207604766048732,train,-1.7209567692841725
0.9704834889109355,0.027135258310814425,-0.3349863793797126,train,-0.33530499590001644
0.965197606897152,0.4595172636403766,-0.8056677220997916,train,-0.8058326229966607
-2.9738882242527036,-1.142502451099478,-3.1479340759622643,train,-3.147550273953114
-0.9829609811420239,0.12982266271585186,0.14683750973951926,train,0.14684156731042308
-0.6405514221084974,0.8828605092277793,-0.4476517541721985,train,-0.448017258884966
0.9548584833427398,2.4410355326033235,4.040091111277505,train,4.040235669922787
1.000559434908796,-1.2276539581417318,0.2481212229053109,train,0.24899658885805293
-2.1427269335088597,-1.517491962724461,-0.82244396878974,train,-0.8226297206520977
1.0464595603978113,-0.0854054767382757,-0.191863798766513,train,-0.1912711039705115
0.307281663881267,2.8249492505928546,7.734248203921847,train,7.733980881281028
1.0601765988625083,-0.5212399461009525,0.26291378929969766,train,0.26332142400574954
-1.4813789804791082,0.6070096954038927,-0.5260649147054387,train,-0.526530765312426
-0.2261231869942728,0.457876368230441,-0.3907053945188952,train,-0.39137632059891836
0.7998834776547357,2.4123394908298423,3.82676842122928,train,3.8274417684124633
-1.6029013142940243,-0.8750265570951361,0.6928265835118377,train,0.6929787142532832
-0.5294524232867515,-2.1677075062283793,-2.256688902456414,train,-2.256861290099318
2.368714243414871,-0.03194785577427717,1.5120437718695996,train,1.5117992720185331
0.4355129092884118,0.001879935389238696,-0.20349149694343235,train,-0.2036686701977926
2.4421960353390837,-0.02919072291727587,1.7271268651076586,train,1.7277039395950262
1.2385441151702672,0.469791660131591,-0.7511963173049065,train,-0.7511580700764945
1.0558385411849818,-0.14879818185998372,-0.11560000451873331,train,-0.11551164704270743
1.9742126975656706,0.3367502060397909,0.16679228521204292,train,0.16686495770904372
1.1385583554131617,-0.5263239130218009,0.28459530288383383,train,0.2845799807126191
-2.2732915100564774,1.4437610229280686,-1.440754462730161,train,-1.4410192881052304
-2.7166615226972626,-1.3558550525520858,-2.2708345938005254,train,-2.271011442053576
2.5359738394830593,-0.8300171964897674,2.70397483030988,train,2.7031508977765633
-2.899476601658646,-2.3262712915587276,-6.928248446017846,train,-6.92819841880972
-0.4014263003987244,-2.706913601483536,-6.481221920565263,train,-6.481541758906749
-0.425991298301418,-0.4257882759755103,0.6698839901954936,train,0.6695942306811221
-1.317522903910525,1.8791515012772504,1.2642104782075136,train,1.264266793379268
-2.8475508329519266,-1.4647818008173206,-3.0077931216015745,train,-3.007895981155536
1.6927928686419147,0.6955238767489313,-0.5426383034362612,train,-0.5427252160292262
0.0752164498574368,2.720541579014777,6.765662411931876,train,6.765406945043028
2.360800885828092,0.4402144518808373,0.965524998588887,train,0.9657715532439215
-2.3817370433754768,0.9831597905801139,-2.2159228349164932,train,-2.215797451211539
-2.1476922676643495,-0.5376799859469039,-0.3399408344076922,train,-0.3402411046331152
2.1454689683433825,1.7850681007781373,1.6043497455304037,train,1.6041900612164002
-1.1194635408791636,0.1831571524390302,0.06243329934081493,train,0.06244620155922825
-0.057140625161575365,0.40621378779010753,-0.425408950453288,train,-0.4250458412378424
2.037911676997446,-0.6484537301760631,1.315577434037246,train,1.315825228403259
2.0246301274111502,-1.5562774000941952,0.6304096596999542,train,0.6304030337342408
1.6997948307427038,-0.2377186086035592,0.4108924388402242,train,0.41056134350066287
0.4069409240076505,-1.4539780569528644,0.017888416434804766,train,0.01802844498813764
-2.91245462075356,0.16743089771191366,-3.683259270161542,train,-3.683057719928543
0.9597386779154631,0.500255535726434,-0.840777368278653,train,-0.8405375547995488
2.2483763426599843,2.3357650774998797,4.717822234496522,train,4.717596251734605
0.5331776314668981,2.0235126515456345,1.4782511208363138,train,1.4782375922625381
1.8068253119166684,2.2876328504588077,3.5170400927947867,train,3.517250093786338
-0.9900150832341432,-0.2641456884630815,0.6086985865295798,train,0.6086483950653304
1.281031083499272,1.7655543989195852,0.41304148495283677,train,0.4134869465828918
-2.573199065570981,-2.2813625674397437,-5.320184585279102,train,-5.320244470635063
-1.9345522817035106,0.8788282786312188,-1.1959505464663942,train,-1.1963574128402104
1.6415662639295139,1.4416783380497904,-0.16785995948332166,train,-0.1677807530640977
0.3101960931364873,-2.5451150679565457,-5.338122761230215,train,-5.337893141005672
-2.6181980969817635,0.4854290668238552,-2.805751557399367,train,-2.805695861981306
-0.09636570232953456,2.2733199980398733,3.1942603527905455,train,3.1943478471181437
-0.725346466623888,1.4158525391044092,0.006461435403777083,train,0.006604258934940621
-0.3960307711052695,1.4502926076850573,-0.029522968614239753,train,-0.029245335373571192
-0.009336746327328171,0.09895714352168561,-0.11359584213002576,train,-0.1138119845866381
0.28311549094074984,2.569799629068359,5.264532798863985,train,5.26469219831756
0.5133517449766352,2.0637713274735363,1.6888132365732011,train,1.6886179391558065
0.8204677149470081,2.939233389898184,8.869303662094111,train,8.869473777676891
-1.461654221497239,-0.6396502566646907,0.7430049024847054,train,0.7436737008230363
-1.9592380758535282,1.3331795653900627,-0.9395729338497939,train,-0.9393801034714488
-0.10046810167859466,2.024763093883489,1.7707413046568932,train,1.7709034620585964
1.358532225986207,-0.8248470875661884,0.5314127451267605,train,0.5312352138616402
0.9807104394864234,-2.4636349028242477,-4.821857500958231,train,-4.821975367950708
-1.8318829494768614,-1.628316557423293,-0.5182347551681943,train,-0.5183175553093105
-2.673597512189131,1.3804968841299141,-2.8265827198576696,train,-2.8272939401715056
-0.9082007826428375,-2.6535251138343416,-5.853486064082659,train,-5.853140290476607
0.4212013865746238,-2.693085456974883,-6.730035966987824,train,-6.730393629252371
-0.291308870017982,-0.8355646355195772,0.8517054996126014,train,0.8517142535367465
0.2699101719228736,2.071533284075814,1.8278714003125454,train,1.8274049216109873
0.19383279068242132,2.0852867436761677,1.9360481450242846,train,1.9361627278890339
-1.006222280688017,0.5149377396743531,-0.2503001229234787,train,-0.25059550527328345
-1.748013139927891,0.6205950747794299,-0.8194283582645977,train,-0.8195130919946575
2.3653825151793484,0.16336063099462184,1.2703350916605993,train,1.270453727084925
-0.9319438176238446,-1.9961249322718904,-1.2773550199974184,train,-1.2777453615644427
-1.3832204268705086,0.719583017450791,-0.5148922479385937,train,-0.5153290378673819
-2.389119637790156,0.17450961685519317,-1.7395621788211533,train,-1.7395052003566245
-2.473648843821313,-2.3693953165146686,-5.598055407932385,train,-5.5985688701369085
2.040285176334084,1.5770451231572533,0.7471600859394663,train,0.7466734477656342
0.7363068922270335,2.300012596045153,3.03526882696998,train,3.035064847195255
2.8731522098867774,1.4749967321937576,3.1415169690280598,train,3.1408481190347612
-0.003815719841215426,-1.0022996628020895,0.7012100112144903,train,0.7007808610368406
-2.1094708417563672,-2.4466001301596894,-5.209210840164294,train,-5.209735457798607
-2.386466973004004,-1.75610097825269,-2.1255501182360534,train,-2.125598105608832
2.555857628504042,0.9846158796564355,1.3569902107718117,train,1.356984483637766
-0.5340970403147982,0.30937448663030565,-0.1198666165285735,train,-0.11952491131132902
1.278746064127862,1.5451273220610569,-0.2308941489984997,train,-0.2308335045330156
0.6151896114808135,1.276360813509612,-0.753005325157228,train,-0.7525564407202004
2.2900938453975703,-1.4956482438796708,1.3789686709518052,train,1.3795043706638253
2.5248532658774447,1.0679842231113854,1.2841878670542854,train,1.2841559742668318
0.14594685793856854,-1.097485085779609,0.5836845631017289,train,0.5834810377398538
1.0004486343368493,2.9576990513581305,9.08775763604277,train,9.08791984822788
0.8018613786458859,-1.4855683107693571,-0.15439244433710408,train,-0.1535925747983475
0.07700252043755551,2.01859057647459,1.6518648635669573,train,1.651458563068119
-1.9599223080922628,-1.1356742336657062,0.10467079549586067,train,0.10530936974107552
2.894885979084174,0.08325282442321358,3.304982265471782,train,3.3046521325170812
0.7647463675227808,-0.6219222601084564,0.33310810849477357,train,0.33326831101200655
2.083940144163372,-1.7201761088056409,0.2872654489590669,train,0.2874178029767773
1.6208805722671311,0.4182861540793512,-0.4240983685502808,train,-0.4238519039614992
-0.8972450709177178,2.1709163034790517,2.8146891780979764,train,2.8146386983549663
0.0880015219594914,0.7196237337245279,-0.7210813717574517,train,-0.7210407150261372
1.279075063504095,0.3268468507887121,-0.5957736065352137,train,-0.5956260098728355
-1.478550205300767,-1.6017871581364957,-0.03990555082245095,train,-0.039210455710202256
0.34753165637771577,1.0219444717056807,-0.8580600099241402,train,-0.8582052850715011
-1.5947747916388038,-1.3709131628150661,0.3430338421750979,train,0.3432687962506721
-1.5613471947194058,0.06458446864418599,-0.05794508825255906,train,-0.05805160745588438
2.266591506516029,0.02710807948187277,1.163078751439885,train,1.1629997741693048
1.1370765603714066,-2.3179603926179624,-3.720082247912469,train,-3.720353594970051
-2.327959593335412,-0.5328521503856711,-0.7954712754637254,train,-0.7949732926513433
2.0997686023905153,1.2365903309947828,0.26326463465404215,train,0.26350158295369913
-0.498677281589031,0.7618324768205089,-0.4685829589595363,train,-0.4685971201298227
-1.0455325454911695,0.09463897424979562,0.18104098766525045,train,0.18175447954364607
-0.36639205379552475,-2.5734405732807373,-5.259941526697153,train,-5.259665285320734
0.4432870138038476,0.004212038185565703,-0.20927643635744866,train,-0.20906821764051203
0.46808183506001155,2.0444369451438114,1.6057356215585605,train,1.6055571883343251
-0.0019696972223886,0.5007817949968996,-0.5371596751481368,train,-0.5375594537428999
1.0366051240342697,0.6925540606611795,-0.9605053473381977,train,-0.9609033850407028
-0.4580401549694262,-2.9896592610170902,-9.563488905808839,train,-9.563734354065554
-1.1899316679433765,-1.7638345692798474,-0.36915021645746837,train,-0.36949086544134063
-2.795395623053042,-2.844078483521934,-11.060750635969287,train,-11.061158898036746
-2.3860453859174653,-1.4393127227221343,-1.2875100759003355,train,-1.2871203355302114
0.7191807154764107,-0.26299129901016616,0.021299439904194584,train,0.02175253163811345
2.243240946562868,1.4912737146304869,1.0047268448338786,train,1.0049122367207632
0.1514626908981036,-0.960886517693966,0.6344327611644096,train,0.634649353405065
0.9192411062633443,0.07350900775119928,-0.39228023551843866,train,-0.3922484763454267
-0.4313060131472586,0.5329489584788596,-0.3642445031272611,train,-0.3643214328779934
-1.4447828594923922,1.7554254817173858,0.7174017782955958,train,0.7176081024365434
2.979455016552648,-0.9992601394070157,4.5003087574260725,train,4.500623599717455
-0.24630588499217065,-2.038227369652068,-1.6677388662183819,train,-1.6674622775939296
-1.3324394371065715,0.1893320197017675,-0.030706473067717566,train,-0.030933082350811405
-1.175006965512033,1.8944389239830635,1.3891989541291085,train,1.38925065534832
0.8243854823557886,1.323772439284748,-0.7287954579528284,train,-0.7284861182539659
-2.628069879162184,-1.8721174898395243,-3.350430135140543,train,-3.3504166580394887
-1.5782237110095731,-0.14111292358433525,0.1708375897478942,train,0.17043685584156826
-1.6279720285975543,-1.7088872693640118,-0.4934978843909241,train,-0.49311669052501395
1.6051629905971918,0.537888732764872,-0.5430798657808169,train,-0.5429812234711728
2.9602081173851635,1.6524927788187456,3.9811237211824424,train,3.980757490892286
-2.8442198090222526,-0.2286615595738537,-2.911186468379679,train,-2.9107197022295916
0.6683507714521562,1.6933606967543728,0.12133214646142076,train,0.12125292402462791
-1.9192431037925284,-1.38450447291783,-0.1198227310869614,train,-0.11988262576372151
-2.2508563123621226,0.5911077384399972,-1.7613591765122991,train,-1.7609068259823966
2.1641462286333306,-0.04596492531033669,1.000204519951275,train,1.0001093833455343
2.8876881912245436,2.958442171487373,12.768668456370145,train,12.768877631049103
1.8123870325735272,2.1507103391172864,2.6777150031967683,train,2.6779142460272127
0.4020428628449544,1.5109060617372183,-0.2765353605102763,train,-0.27678017926975373
2.8538380032746424,2.2021995696452197,5.918981070511602,train,5.919017160669066
0.2749702947844783,1.5520746207239404,-0.1263927391720745,train,-0.12601685961110287
-0.760953385142654,0.9626758553545385,-0.4167829309479336,train,-0.41646610301342935
-0.4447972098627426,-2.958781149224594,-9.195820128182927,train,-9.19569284086079
-2.3526432831851234,0.4264910292460018,-1.9010227604606194,train,-1.900917929566441
-0.349380692806621,-0.5764881080651874,0.7621519069462079,train,0.761967226806877
0.9905564937149958,1.8114122546443419,0.4972302307872134,train,0.4970142897312851
0.6629713666640353,2.5237248516967457,4.7353617114109126,train,4.735499345536528
-0.10287201249431499,-1.1682480401167246,0.6559014254491815,train,0.6558790499199412
-2.8386566448578963,-0.5331353854002185,-2.591439535918916,train,-2.5912317393363034
-0.5953548460187825,-1.8484326155155097,-0.6841805882535619,train,-0.684093088966732
2.976531672325743,-0.08702545808124529,3.8900949907030986,train,3.889335816380621
-0.8105005932881975,-2.453939360865571,-4.1450964373674495,train,-4.145333698180148
0.18109118831645787,0.6148601088437369,-0.7109651431625963,train,-0.7114821839585077
2.6644754129432213,0.00469471642561925,2.4453796093711384,train,2.444938896730315
0.1664580593201226,0.7533699542044712,-0.7725568270578462,train,-0.772990368820934
0.4999995672281887,1.3962562169741561,-0.53948462381722,train,-0.5391993541074191
1.4196946304653926,-1.6974640042227906,-0.5461251289004605,train,-0.546245237363845
-0.7746433901818928,0.025348548499724233,0.26394315987035377,train,0.26424757015713196
1.008692067503417,-1.8613362701741774,-1.289849229986543,train,-1.2897696588661414
-1.6031500933783047,0.41073228114420723,-0.48070629185767444,train,-0.4806033880326417
-0.47884753986225714,0.7954608558905059,-0.4854216237651372,train,-0.4856381478509351
1.6638615719344099,-1.173318760519476,0.689669933776899,train,0.6892045194640937
-2.3145338334345222,0.6805317189527456,-1.9816085592236639,train,-1.9812667650652005
-0.7364341868569735,0.3463598002246413,-0.10651797370070964,train,-0.1066292792069713
-1.1073551094442,-1.9142896596921604,-0.9282123672550024,train,-0.9278896945877276
-1.5331083237834262,1.43705336968149,-0.19475437949206098,train,-0.1948005392623859
-0.5526870167731923,-2.379909793959204,-3.6413994033092543,train,-3.641562854999923
0.750379767631113,2.3686244017601545,3.511407399649373,train,3.511734430120901
-2.9816519142112687,-1.5480806806822063,-3.8080316157627547,train,-3.808015882243527
2.5648613101067346,1.8521513179851836,3.046452411612505,train,3.046765566578446
-2.649241998641787,0.12471952601015746,-2.542804503011752,train,-2.5431247928691167
2.07659974209123,2.0018580158034465,2.3615992604025573,train,2.3614071041479474
-0.33702176368958137,-2.1484445452031657,-2.21942186372904,train,-2.220033216034522
0.7221682251412882,0.5268904559101502,-0.8448906563282372,train,-0.8444664794889496
-1.3815264366491855,-0.618315134118464,0.7871857377351227,train,0.787110435672384
0.7447245002766181,-2.1493491025740146,-2.6752120198289595,train,-2.6755084868340697
-1.3176797239126057,1.9773573083438793,1.694115060161299,train,1.694940214890503
-0.6391738280769292,-0.8105227516052653,0.9737528959004459,train,0.973504598390066
0.03271342926443843,-2.784524426664435,-7.469931677438313,train,-7.469949754152855
1.481818903304351,-0.08837246584994274,0.015544241015782112,train,0.015102493405931037
2.5654759492761077,-0.2252199725005808,2.3588355594380155,train,2.358877213967677
0.8485340890918653,2.7903464375457565,7.2123729123768845,train,7.212459947424977
2.1377526444180397,-1.4343413878085727,1.1307729070845252,train,1.1311750343451104
-2.4010489646612396,-1.375084887968198,-1.2178458980132312,train,-1.2181288720289027
2.9962638511654784,1.382989131464822,3.5447242899307554,train,3.5443798325951437
1.0664798952012404,-1.5012271456696409,-0.18081393300428972,train,-0.1811487179399575
-2.724821313389997,-0.456105847497164,-2.1838743175776556,train,-2.183862110141192
0.19879070044595393,-0.8369946795021861,0.6133868816535105,train,0.6131069393547707
1.2217650410471173,2.7109613032180224,6.462561166793698,train,6.462621845223852
-2.348178181609951,-1.8706838535500454,-2.4438232314643895,train,-2.443825713729824
-1.7402420781300858,-1.8729466606190128,-1.2214697131725476,train,-1.2213009443777338
0.7055482680017571,-2.498642878649646,-5.08394241845285,train,-5.083708859326188
2.5822623694966875,2.3091999575206925,5.538368791054867,train,5.538790450856824
0.05247012354689318,-2.44250184503351,-4.380961349981947,train,-4.381283696458785
-2.3799271311726518,1.2944070676055777,-1.974948841566321,train,-1.9751107126563165
-1.33104403302941,2.0828710181587016,2.2125539392977465,train,2.2126779951991113
-1.0206239337746437,2.466893188459074,4.8436245449216875,train,4.843493994602759
0.1644404666998307,1.965234357074762,1.3553989366302281,train,1.355748353402163
1.9993183030446247,2.725808846869282,7.454160744374775,train,7.45409565428804
-1.0685824310711585,-0.20333528846150095,0.5300539838554597,train,0.5301950770277609
-0.987431197048958,-0.17951359685809654,0.5136863841225631,train,0.5141708470375435
1.3193024515461982,1.10695151301341,-0.8505314032362161,train,-0.8505105908560397
-0.7595033947314853,0.1753552819005435,0.08439819159303524,train,0.08434390872809704
1.046575734988905,0.9614261725448872,-1.003389575470666,train,-1.0033778822979202
-2.0363303271298676,1.0916147240117207,-1.3301623064974981,train,-1.3302698702860243
1.8914659124686857,2.309633736264187,3.796368964209311,train,3.796588853846294
-0.6380153591783189,-0.14304659980915369,0.43725750040791866,train,0.4375472224459073
-1.4778340954117144,-2.0276166532669215,-1.6414575031730174,train,-1.6416336983375759
-2.7357222813489708,-0.41695108645858747,-2.2629662826528616,train,-2.26250704851553
-1.05953620857185,0.23779227164229022,0.013249712711957184,train,0.013464710157531569
2.6765496397497968,-1.5164498513872275,2.5727520976139746,train,2.5729916060549503
1.7910360478234795,0.46796812657933895,-0.25677791711244713,train,-0.2571096157067119
-1.3932186587012518,1.570212272199925,0.20722234445102217,train,0.2075115150530895
2.131198095409589,1.9753614864291809,2.3539323959902334,train,2.353639813265849
2.9280783634582868,2.37454986837415,7.401795005747891,train,7.401957412917514
0.9929072995770438,0.812632801761612,-1.00751851675097,train,-1.0074534454750843
-2.9932335828632812,-1.3175654956559386,-3.4294812185237555,train,-3.429597400188651
-0.06965273582847598,0.6070942590461077,-0.5818779529740137,train,-0.5820499524501948
-0.8444669184897808,1.124825139647161,-0.3364165446199089,train,-0.33613068803069124
1.0863591550494274,-0.34087616046518443,0.10248654384528244,train,0.10197480761377847
1.1832755632100858,2.385940505029158,3.6678203359934405,train,3.668092174481947
-1.1628913423209235,-1.3570918436880897,0.645759654281106,train,0.6448015962878371
0.14665145764508347,2.764827032390455,7.177052750766527,train,7.177561597309559
1.5852882371135886,2.134738057256009,2.3065945029210866,train,2.3057872317879498
-2.524003302250324,0.06821911995599139,-2.03558193926188,train,-2.035868700736317
-1.8516169215704215,-0.406887636265039,0.11074371319294862,train,0.11075626885045693
-0.2822547581230843,1.2817213322464722,-0.34862350224018734,train,-0.34853029993693146
-1.4929795086975306,0.4734712978822059,-0.43417219856213707,train,-0.43417160562165147
1.8157022142920614,-0.5768639214423181,0.8855956859926817,train,0.8850929122261099
1.5751326137855237,0.9952539871027364,-0.7073621065927631,train,-0.7071061262774084
0.11985143232028284,-2.22504994069528,-2.8974626466678917,train,-2.897366816310736
-1.0686738349048317,-1.8108078263421472,-0.50563447556114,train,-0.506121832205102
1.2547264396096818,2.2004010570888815,2.454140529655057,train,2.4539546727621673
-1.5119189091101883,-1.8640139871954275,-0.9367456513339337,train,-0.9365337452610136
0.7926210883123321,2.46476432502111,4.232364315143301,train,4.232853678155468
0.8612437331437581,1.613265254043235,-0.1394141904682229,train,-0.13918793372536659
0.97245124196892,0.3635844790372773,-0.7145732878076124,train,-0.7142984649547898
-0.9359990813042751,1.0063002678788542,-0.3940554021628234,train,-0.3942723607322868
-0.6216116048284093,-2.3996186327358204,-3.7663956162593957,train,-3.7658428829986677
2.3573395086202105,2.048347813401377,3.2804392852848157,train,3.280553949211991
1.1345865956921326,-2.36320190007393,-4.038257624096857,train,-4.037776777546324
-2.9157564230275854,0.6279337243550152,-4.129584558474004,train,-4.129224717562433
-2.9029339899855477,-0.8004438440718951,-2.737046615826357,train,-2.736504381041744
-1.9807748085397319,-0.6414069387026651,0.07383575696167755,train,0.07350660458007753
0.5486248495816364,-0.3526676088311991,0.1599833209422296,train,0.1603444573130288
-2.2499502549272794,-1.4944153523435748,-1.0284222531293454,train,-1.0289164416076968
1.4048196551621182,1.466357703943011,-0.3310668512744588,train,-0.330849696646952
0.2378350676804768,0.11853141733691785,-0.25763191657356765,train,-0.25748925290222435
2.1363888418216987,-0.9081910553482861,1.597254800943427,train,1.5973602259845374
-0.25961743264345394,-0.7830454088624861,0.8258973956351126,train,0.826284978195466
2.9513189266835456,-1.223007909013329,4.218658854420225,train,4.218767176704436
-0.3137277760394106,-2.7294322047629023,-6.7408554433236905,train,-6.741179444556517
0.853507948247926,0.014496269809718854,-0.3197959946527393,train,-0.31977872506042065
-0.20555459341806337,1.827906907307216,0.9612931451850026,train,0.9613886438451541
1.5789148551297298,1.1710517645058078,-0.6045133196867523,train,-0.6040842592116578
-0.4712250738109449,-0.851298854282734,0.9277714817887515,train,0.9278877656401237
-0.3990369784064578,-1.7163435050140112,-0.28160948499888727,train,-0.281220344436285
-1.0127134803062996,-1.3849441098869724,0.6323541890309935,train,0.6322882858173248
-0.9086055746854345,-0.5801044499310664,0.9027969853823716,train,0.9025525298914235
-0.8897284706204447,0.8925164096190259,-0.4115374148466505,train,-0.41116290714203535
0.7150991329759568,2.0318832149321424,1.4716912754110387,train,1.4719026800657948
-0.9228218564787927,-1.1788750551644371,0.8997172634008753,train,0.8995471187365389
-2.6009986744163798,-2.152114170630158,-4.6200768877051015,train,-4.620162103109602
2.767452091089499,-0.9213064217124094,3.569904147053216,train,3.5697122930192258
-0.3058096972162607,-2.332859125158609,-3.401363978296213,train,-3.401541651250829
2.2774742166826956,2.888061246959984,9.802702301850477,train,9.803016830416142
2.661507091753327,-0.3479713974877927,2.8363662032657135,train,2.8361758419917917
1.9865491408540326,1.3147604800434496,0.13329169039343625,train,0.13379090458035653
-0.5963337777059272,2.1740694215302048,2.7848248437451844,train,2.785078640295009
-2.8349848972846097,1.4050893544914826,-3.4386313604552523,train,-3.4382677789178127
-0.7263255067796677,-0.33961356212418603,0.6744795386873299,train,0.6752538369235355
2.4693159808095526,-1.0973639117516432,2.4327931609710234,train,2.432749125905574
-1.0449653403732162,1.9872618419069563,1.833614743657928,train,1.8340378206252446
1.7091749589933922,-1.2611406770945992,0.6544698615129478,train,0.6547292944991365
2.0494840403256402,-0.1661994734979959,0.8941262801829359,train,0.8944366080880441
1.6829212928981807,2.487271847357942,4.8208752381510065,train,4.821200631880701
1.554921407827166,2.615602811495809,5.782871534286645,train,5.782942023437613
0.6093710674140937,2.109914609041043,1.9050681341234796,train,1.9049179718240916
1.5967996935757478,-1.0605684183589945,0.6921098841803741,train,0.6931561614114808
0.3364936972708117,0.9768131738131918,-0.8667825838528549,train,-0.8670284051081889
0.9943394275778319,2.048880280073314,1.541304715803903,train,1.5415772954621068
0.2221067517348807,2.708681280460583,6.577455811110029,train,6.577189791477284
0.39480677367278094,-1.4506078750681048,0.02940356841284153,train,0.02877834318007289
-0.7150822426290002,0.7593812879033397,-0.4078944446457755,train,-0.4079458103112026
-0.5027872828049,-2.1767840158879013,-2.3191103061459883,train,-2.318684535672319
-0.28413834945189453,2.0259639960742173,1.8641395354110486,train,1.864112681914962
1.0423402765794565,2.065146037373514,1.6308960657869815,train,1.630868094009897
-2.219814254971152,-0.7799463480863196,-0.37904468591644935,train,-0.3788989269465226
0.7018012777069247,-2.5890470078833085,-5.852317168120065,train,-5.851771340314206
-0.9947826672170601,2.3434412148699866,3.923133631368579,train,3.923163504657124
1.6818636265826417,-0.7107971779701543,0.7839516790811834,train,0.7836869407813997
-1.1681490301301924,0.6308081441511278,-0.366194740108964,train,-0.3663506798261425
-0.7478055493532327,2.2117738111338126,3.0460738030609438,train,3.046036585542292
-0.01577616107025337,-0.11956964406876591,0.1505161305113973,train,0.15113032495620413
-0.5318087861312599,-1.0582267967630667,0.9131708149464426,train,0.9134602287954197
-2.9446849013703402,-1.355636666201051,-3.2533268994152866,train,-3.252914298126386
1.6336964594718708,2.661212766505357,6.285177343092604,train,6.285102901175339
1.2999792905444343,-1.302931678266074,0.24695879285261502,train,0.24678892438686087
-0.7606371797756015,-2.2546802148513856,-2.7330082186741214,train,-2.7327915170051567
2.1555760989507693,2.084962673960356,2.9551758665203804,train,2.954471050396824
2.593567319179023,2.910420569701393,11.026313613505659,train,11.026454541616266
-0.41115259418663097,-0.13546417793384036,0.3529896122084196,train,0.3529203622039123
0.7069392037387985,1.6107025627630387,-0.12627889877632503,train,-0.12573838133011972
2.5978309403436786,1.2022201860420605,1.6336344180191786,train,1.6331495407427168
-0.4539727937277602,-1.42373572681693,0.4737844696888047,train,0.47361281936206906
-1.9483389930228612,-2.725739567005757,-7.359785581980793,train,-7.360061319545176
-0.20249317523464327,-1.1509308302964425,0.7184174691356945,train,0.7182102710154833
-2.313126723471397,-2.445409957572608,-5.696059434690759,train,-5.696204363914283
-2.5227784598236376,-1.8992299243102475,-3.0960664663695834,train,-3.09646081286858
-0.8669476913211556,-0.31247642332649805,0.6628709358353589,train,0.6623338169798466
-2.4203761597033653,-1.7501047190843368,-2.205674409802426,train,-2.205401733794868
1.8162121295483207,1.9978438786322323,1.879759586081844,train,1.8795795925367071
-0.7671114093277831,1.4884675343947609,0.1559882072015233,train,0.1564343688503196
1.4257400616804965,-0.8302148892249581,0.5769024889603864,train,0.5767481091284788
1.502178768082481,-0.7406417595711707,0.6124867401480198,train,0.6123663507803244
1.1802425933874972,-1.0621245380282671,0.4141413849196969,train,0.41432429073131194
1.3487348452055565,-2.1383461120909133,-2.5064787993604076,train,-2.5065373785064997
0.977545702530561,-0.38542837006815756,0.13194020610760704,train,0.1322190416259324
0.16875571754831764,2.2760139531382904,3.0805152873700687,train,3.0803157240480776
0.445445508326201,-2.638907013625438,-6.226807340014593,train,-6.226475774617363
0.09199242019765208,-0.55274048400379,0.5330108689496673,train,0.5324954264154551
-0.8199088203660398,-1.7402886199488714,-0.24725902052168625,train,-0.24767339395796834
-0.10950271266959533,1.1186052024394524,-0.5879946766568739,train,-0.5876068685180237
-2.7097943381337455,-1.8583581667382871,-3.6035844478615813,train,-3.603552990376172
0.773935720433391,-1.8739250703377506,-1.3357770263582065,train,-1.3351438132063613
2.310687704733761,-0.3304388605796844,1.6906231493692094,train,1.6910976499390409
1.570322138304327,1.5144172330358243,-0.09137929058700833,train,-0.0922126095641812
2.0850841211582125,-0.23864086032353216,1.0500439877325474,train,1.0500603248963678
0.7961036930273684,1.8572374247451928,0.6772875112787662,train,0.6776192774309794
-0.18109154234165015,-2.382615069597293,-3.8143835168786175,train,-3.814058195826847
-1.7033411248765824,0.5102785993989662,-0.6826344062698826,train,-0.6823044328524539
-1.5249769291170125,1.8112007323453843,0.8505391468844447,train,0.8511546956153847
-1.009714963164323,1.5264089863584176,0.24548967435789593,train,0.2449290627155853
0.4277903282706266,2.621315553487741,5.662100219019936,train,5.662543382135273
0.08222896106933586,-0.2689946938648755,0.2720583734298465,train,0.27192442446823983
1.1337792201654855,1.752775128938548,0.3137207165290645,train,0.31368276946586193
1.1523280190504135,0.3637284525329769,-0.6825517835295283,train,-0.682652505067212
-2.0278882700629186,-1.5827827073516425,-0.7371805978013177,train,-0.7367153156051749
-0.3845642982381987,-2.295488070223001,-3.112274811016956,train,-3.1124959979331184
0.8873579975903496,-1.1793594505216187,0.291115353026128,train,0.29068000533025795
0.8275138398660054,-2.2912824405270387,-3.5654731656614356,train,-3.5653122853144774
0.2717272297790809,-1.5085938213090195,-0.038209031190849174,train,-0.038250385100057925
-0.6127704400652592,-2.5278786710346206,-4.782965867605419,train,-4.782643234542132
1.0604664489734228,-1.9032832286325867,-1.4550849730635234,train,-1.454664581613335
2.8339468408279984,-1.519212363984023,3.2049354086284065,train,3.2048002624627885
-1.595755254010118,-0.9075215443803434,0.7004908646614373,train,0.7001835898368157
-1.2181971629561665,-0.290485543260273,0.5838634071021407,train,0.5836747338824665
-1.3681070647869353,1.8419882504923422,1.0863858437232765,train,1.0865588644255286
-2.418048786408403,0.8125088822518021,-2.3254358675802687,train,-2.325519623782147
0.4291065830132652,-0.17158627008920346,0.004626814262750328,train,0.004977239151194202
-0.5821461512524002,-2.783121883495366,-7.187345251495467,train,-7.187248275043793
-1.2422912870362,1.5576185338507007,0.2580888049731431,train,0.2581755586055011
0.27116030177057304,-2.600758058507284,-5.806371865291246,train,-5.806292261877457
-0.7630668260356028,2.5568513881189157,5.582143352385772,train,5.581766232223503
2.068946888944346,1.9520080670702038,2.1132621780791934,train,2.113702154571237
-1.1804640206655848,2.1218582148886953,2.491610263701156,train,2.491589774889965
-0.20669265692705485,1.7853030433641648,0.8043710226237908,train,0.804322603615677
0.11910599847090886,2.761619492544386,7.1576453728835565,train,7.157482368639632
-0.39225483762345714,2.1016220551780216,2.3033483690841705,train,2.303426263553412
1.650305830627496,-0.5419850992625788,0.6445503925039626,train,0.6438062243851992
-2.643046870772172,0.7013147447088175,-3.040290897702854,train,-3.040038036335863
0.8752818125712443,-2.0733557628906385,-2.2719752638317705,train,-2.2724048836356694
-1.7327373700236033,1.0238406143177654,-0.8660865800375707,train,-0.8657261170225881
0.24195437306880496,1.3919965278623656,-0.43993607305331306,train,-0.4399003046915483
-1.9371947253039938,0.9862801143122256,-1.189188738094726,train,-1.1888258993293441
-2.4090148707171686,1.0521525901947264,-2.271768589353103,train,-2.2716712405119863
0.9264748798635996,0.08671786562756445,-0.40792382065411137,train,-0.4076455763208145
1.3937264138368057,2.5796778151419186,5.332518203589585,train,5.332818558885207
2.1403664030678735,0.5970731995927179,0.2808319438258793,train,0.2810817227685034
-2.9528595484840183,-0.9634803258351772,-2.964011110916996,train,-2.963840985578865
1.6426474553384427,0.34086366409911273,-0.3240899263806339,train,-0.3237558676523556
-1.4120909030280506,-0.7804722688773391,0.8417628655614475,train,0.8416022971693039
-1.393743726354,-1.5965792442487472,0.03639914298329339,train,0.03638648332631611
-2.7939551968321803,1.0821931011960193,-3.62997986451783,train,-3.629946681156428
-1.426209380965208,1.7270326105923122,0.6360223896703966,train,0.6360744104711875
-2.578282051163753,-2.063084673763966,-4.053575719852775,train,-4.053927381829121
-1.9015234373926084,1.6486919777589923,-0.16204596890938583,train,-0.1614906569980469
1.134293493180751,0.9195008493622394,-0.989955812704503,train,-0.989773339201638
1.4013107313670652,-0.3739770180714399,0.2723079293083397,train,0.27281873219471237
-2.8924291800776234,1.2018115342832696,-3.967737715105957,train,-3.9675112257979865
-0.28624881275252845,-0.07913716349862576,0.23315024382859395,train,0.23336887692476174
-1.6631735472676135,-1.3286619380928386,0.33309312161768645,train,0.3329477070941606
-0.5716692542467237,2.016845329331879,1.9301809350305,train,1.9299966691753538
0.012255576233463294,-0.939450861051466,0.7066490169550811,train,0.7064148248743692
-1.9268399000526921,-1.1364868247027906,0.16249931580089183,train,0.1624396140197566
2.466031060788694,0.9551233126412852,1.0558366219655593,train,1.0558803142328046
-1.5861368469436854,2.0105331444547594,1.6458707789880247,train,1.6455483634689618
-1.6548243597378964,-2.4818246506540707,-4.744068780430974,train,-4.744408888300994
2.9798023008145273,-0.8470608664670434,4.514348755093712,train,4.514282673880079
1.4935770579815406,1.0972659293167375,-0.7365915546484454,train,-0.7368503447063085
1.2813063305193761,0.6541789179785376,-0.8649740281133083,train,-0.8652944057365347
2.3013166226787796,2.138128774817781,3.60849755416153,train,3.608509680148173
-2.8283364161558358,0.3231709831566991,-3.481809078614031,train,-3.4817858233025896
0.8828657318628732,0.9396713383881119,-1.0165516532923227,train,-1.016595199034623
0.29051482691411445,1.0014235666773905,-0.8399234778867422,train,-0.8399741210918322
1.5868082428685124,1.7558731907248757,0.605410232075291,train,0.6058369135041758
-2.0018241745054155,-2.0933521971036733,-2.6781111351742903,train,-2.6784863360873943
-1.9147513460882382,-1.5402817259666612,-0.42542077523770316,train,-0.42554364239811326
0.6474655494153181,0.19699924254178436,-0.5020242046896107,train,-0.5024072129849296
-2.8992599740635345,-0.7606801139649262,-2.73169843635387,train,-2.7316067779722846
1.2032497683230758,-1.2482264937226812,0.27225057955988985,train,0.2722378964602236
-0.702102320425773,1.8188943383531813,1.1079517600871993,train,1.1076068517249695
-2.6344450475217815,-0.9197152127290549,-1.6248699328743363,train,-1.6251426172040508
-0.6938571322047862,2.326416057231817,3.7839475669680493,train,3.7838358875075206
0.5709013749375451,1.5619736671445175,-0.21718270246284677,train,-0.21772995866195755
-1.7997434212265633,-1.3013601859542079,0.19365097143946075,train,0.19372257145340194
0.0034979381944024723,1.8176446727208737,0.8196738914021662,train,0.819107436188622
-1.1716107634070885,0.679999074015291,-0.39462555600979177,train,-0.3947106674079616
-2.005956645306245,-0.46319924773218535,-0.1052116689025171,train,-0.1054557419600532
-0.7531585460812575,-2.022802206539029,-1.4198825731032163,train,-1.4201759402822685
0.1553180637848235,-1.5246097409458998,-0.019305989995498152,train,-0.01938166408673584
0.14431177089957892,-1.220680134012451,0.4838180456191412,train,0.48374398197081103
0.2662376019831507,2.9271634132131665,8.898445549310807,train,8.898679114545278
2.3863202792286,-1.381033000555171,1.8648822293169869,train,1.8651738632424357
-1.7001867585078239,1.3051722300538007,-0.5873733329415206,train,-0.5874560286189937
-0.7485081546512831,-1.8331555213390156,-0.589953936777504,train,-0.5899193697740223
1.2953291775546703,0.11762784597267073,-0.35332345367070495,train,-0.35314344782749135
0.6167458276183337,0.5316603155644217,-0.8243060345648854,train,-0.8240447348635632
-2.0132146007658367,-1.4542404519753651,-0.41795418457313116,train,-0.418459253388191
-0.5082497419420333,2.6979465378889453,6.809393499595849,train,6.809540472637648
0.2326163788733222,2.3944112439957754,3.8767412138269854,train,3.8773616601806395
-0.012531535412080075,1.5518458621836686,0.012647790242483747,train,0.01308864283463626
-1.6076960787908394,-0.6406940457874342,0.6101038813762955,train,0.6100876693251653
-1.813485495855512,2.016977254277083,1.3962879948789002,train,1.3961291329438348
2.2306958301712054,-0.5485854081766974,1.6803975205135897,train,1.6808916920555481
-0.23967209198312345,2.2498381706633177,3.1113604550797156,train,3.110928629991693
-1.8382530217831201,-0.6257242276452835,0.30514500091904617,train,0.3055463984889647
0.3989195511585155,0.09072404558667024,-0.29525870533923626,train,-0.29530232224731134
2.216540970059519,0.8474072740548912,0.357099020545798,train,0.3571171918151772
0.20586452983068693,-1.3911669192568865,0.22201870738899387,train,0.22152589571706183
0.5857302288107169,-1.4634790113046605,-0.06371816557157928,train,-0.06359856461391433
1.9648059108736842,-1.777584783618936,-0.14070240916840948,train,-0.14118614118088488
0.22537432333650242,-1.6148203997137296,-0.2780522767169291,train,-0.27770501269233955
-0.39572111925210063,-0.6414730134222211,0.8232554658133946,train,0.8233831648705687
2.369257648855961,0.4048399714776352,1.022648471113576,train,1.0226009938746907
0.644516351129309,1.531595425820092,-0.31022965491956156,train,-0.30988442651475634
0.6662749027054131,1.0158380855548654,-0.9688529215540939,train,-0.9688656929272912
1.7558332968149255,2.459995187485587,4.696142892892036,train,4.695599491446455
-2.0604344002705206,-0.5099786898392789,-0.17359504409262594,train,-0.17376306335866812
1.9054746264145166,0.2913944499114116,0.09365284514413652,train,0.09417911504084868
-2.3910970150985555,-1.9542470862088628,-2.9252148876277335,train,-2.9251023368955256
-2.0883934303497522,0.23582333612197637,-1.0538923500268282,train,-1.0541650675621874
1.101555216205039,2.2382892289197978,2.6374518851283253,train,2.638108933479325
-1.4545914873793053,-1.9881356097404934,-1.4317121611116823,train,-1.4317571375706495
1.5138649832684612,2.829201321008218,7.864918594942393,train,7.865132301603621
1.0567342066346779,0.24340606830158773,-0.5772355957750739,train,-0.5772418305960424
-1.626106325934202,-1.0331892488420278,0.6414686657612583,train,0.6415767959104316
-0.2724760119335694,1.6078393539789906,0.2810357375260888,train,0.280963264656114
0.6975462049360219,2.8213390163194103,7.562365363620081,train,7.562364484788268
2.2374731079371486,0.04574299578727237,1.0667057261953188,train,1.066957103375677
1.149646177099287,2.830681096384895,7.67303164232566,train,7.672568592599595
-1.7727701462928782,-0.8288383893318707,0.48203440306024614,train,0.4818201299765615
-1.4955255074343845,-0.616878569403174,0.7016663716988217,train,0.702051218559209
-0.7247518375061337,-0.302281981578268,0.6351664923045642,train,0.635067383039853
0.12188865009911165,2.3619104715006025,3.693227052499828,train,3.6928263326534903
0.01499441464302409,-0.5427909024388737,0.5638934890547678,train,0.5641141720561558
-0.022710169364658306,0.7430094600905481,-0.6751645727384092,train,-0.6754244677631112
0.28121464256669704,-0.8860611880177638,0.5792886078429704,train,0.5791484114804764
1.9135745178303356,-0.6746007731009018,1.1006458874754133,train,1.1004031493913145
1.8298903451019388,2.2128364017004225,3.0728653101190013,train,3.072508467188822
-0.20766087544917333,1.0569237184895588,-0.5759307505133188,train,-0.575908352509297
-1.4044582392817357,-2.9806288174502735,-9.515249895631648,train,-9.514929030700939
1.1075506381371136,-1.1251031665469649,0.35595802247820796,train,0.35636925227287747
-2.042367868554483,-2.4945565582816283,-5.450779103940192,train,-5.450962376271697
2.3212392468469627,1.3140447656208631,0.8984539834522849,train,0.8985135253454636
-0.06850019568340793,0.9008456894888324,-0.6813005353820072,train,-0.681274766162291
0.792399611884353,0.025273175277083615,-0.32701045407752993,train,-0.3275866132759314
0.9120235252636566,-0.5707463360615581,0.28764498340558387,train,0.28767602311174467
-0.28227543676971045,1.3157978961200554,-0.3032817592998476,train,-0.3038917672530105
-2.924959991358891,-0.4986897815472664,-3.005937469374895,train,-3.006110866383094
0.2255478019956456,1.8015280548836934,0.6511198910603708,train,0.6505198033267033
1.8060177043657388,-0.3107163549264047,0.6329893430185742,train,0.6330213660619665
0.8266580233852601,1.176327869813746,-0.8980706417115272,train,-0.8977725174477268
-1.4135269314000096,-2.542558989674312,-5.025348939020594,train,-5.025664603302242
2.2053464563728644,1.9145049963289673,2.253730354285103,train,2.2542560257723494
1.5959297331595899,-0.18700941042557684,0.2361402918322142,train,0.23598659400377667
1.3180183307299869,-1.7887469607540267,-0.9162392403263429,train,-0.9156349380625732
2.7752010961652758,0.6282510166516984,2.257259444753104,train,2.256996200357799
-0.4738330791387382,-2.11189849399653,-1.9597373971398784,train,-1.9594838211269525
0.29271016856760035,-0.3652519489314834,0.2725991454465822,train,0.27271269282350025
-0.28450161018146325,2.615366316268683,5.943942790620873,train,5.943612971514047
-0.615880971724672,1.175692646150893,-0.3370601142298876,train,-0.33710720161320745
2.764287051843745,-0.5487934717259895,3.418307281018988,train,3.418193437987923
-0.863734820133875,-2.7364815148407393,-6.659070334119879,train,-6.659106963603143
0.7024215258048785,-0.7895901658802711,0.4194757975792728,train,0.4198975270023812
-1.3278699073410083,0.6939079856820434,-0.46996367073216927,train,-0.46960806885932405
0.9166011408353198,-0.21294852341239667,-0.05357274615998686,train,-0.05393581585310411
2.673832571825124,0.3503028411902074,2.08746285506858,train,2.0870610913827385
2.44773195833426,-1.069686659498673,2.380838677280648,train,2.3810457651273027
-2.507382435441656,-2.818718402067704,-9.714215941301577,train,-9.714351934177449
-0.7392380689110709,1.1794568938133496,-0.3061417652874209,train,-0.30615091158868024
1.5282039799626252,-1.8916668206238616,-1.1648794808892555,train,-1.1653364597783946
-0.14620754425990423,2.3448751915647787,3.705205837102424,train,3.7053065174427013
1.3858533013336256,0.18159307991499762,-0.3755132110603942,train,-0.3753294855042994
-1.3880274100139782,1.187901328970216,-0.428178723541513,train,-0.42869306861568013
-0.3650346789819796,0.2217755533683361,-0.0878875735508638,train,-0.08734975911487493
0.6237940465653047,-1.4027026662014104,0.03993101309091407,train,0.04030376258738179
-1.7331501512994696,1.9979759806139377,1.41566150892319,train,1.4153145356807022
-2.5161650790576275,0.03321919400874296,-1.9677740203008873,train,-1.9677066300511885
-2.6266192615160637,-1.7365927279841973,-2.8456244813937523,train,-2.8453909844449066
1.1858071530890104,-0.06515913678281082,-0.1813690928588942,train,-0.1817042492755139
-2.8542013806820448,-2.0154893560438074,-4.8983004650470665,train,-4.897726795260096
-1.9538233530162874,-0.941884266316508,0.19766328584134796,train,0.1982265631526615
-0.33617257758435226,0.3161929298117836,-0.2031373707329221,train,-0.20331316336931576
1.3954845138719545,0.4922003116017972,-0.6852552277245016,train,-0.6854345985761586
-0.16054682965030764,-0.8865991812197951,0.7949055667127202,train,0.7945977433037432
-0.3591624753871905,0.16623297888618715,-0.02686777097998061,train,-0.026994911673027238
0.48420368347464127,0.2612203135526232,-0.5239492752280692,train,-0.5238203040741396
1.4380238991551053,-0.8662501723931135,0.590217387283474,train,0.5903566484108822
1.4599860869022976,-1.3016858272343876,0.3516602387432499,train,0.3512895570092414
1.7214660144550935,0.10192257053859732,0.037783357580265076,train,0.037752607187302084
-1.2704231323878385,-1.2289045577413757,0.7718610454605732,train,0.7718701265397351
1.3199666630817113,1.7787738234053831,0.47949931606879126,train,0.47971976722887216
2.3896658451357435,0.5058878855884132,0.992074398789609,train,0.9922490744895017
-2.331611515771057,-1.1208490389769896,-0.7283584446451372,train,-0.7286347513886742
-2.3315405230194424,0.019454321231471727,-1.3924599682561567,train,-1.3925959107030714
-0.47203421729515993,-0.9374534396438794,0.9279999279951019,train,0.9280121642700019
0.31837857204336384,-0.7361432045407379,0.5311765321823441,train,0.5307001796479588
0.8728113101632751,-1.27019954124831,0.1961409168924425,train,0.1967081454744268
2.4595991270887385,-1.4312051099761214,1.9977753419775688,train,1.9974191814648823
0.2851884001891323,0.3868904521755625,-0.5732680317875176,train,-0.5734687323592018
1.9426432361654236,-1.9972103680297417,-1.0917009335219228,train,-1.0914355576938155
-0.1534617543132435,-1.5397765705661939,0.0984026538755618,train,0.09867518423917257
1.1835656420764362,0.9190380785584251,-0.9749102038557029,train,-0.974986784678729
-0.08156184903183128,1.7554853283098217,0.6390548078087757,train,0.6391914695435355
-2.414765318072205,-2.530944700347429,-6.6778395106484325,train,-6.677498502707836
-0.7347682493837708,2.107084759585902,2.4370684059861416,train,2.43687972399136
-1.763417930561434,-2.5182330378082667,-5.177815786750152,train,-5.177586812281394
-1.6940666167260368,-2.319685732880959,-3.582738269613891,train,-3.5823818504295803
2.401435947214818,-0.2754846795298589,1.8891757299017184,train,1.8896355228418094
-0.6398514269810298,-1.4017425173388498,0.5724950591348397,train,0.5726546001840137
0.8558395188474042,0.636327685843814,-0.9373104683246094,train,-0.937532143625644
-0.467528437171044,0.2145247159168715,-0.03916787390211107,train,-0.03959385785946384
2.647535691754493,2.6293956446466433,8.321963213004594,train,8.32216177124695
-0.41535497380673103,-1.7358555923762757,-0.3388625711321511,train,-0.33884054709715156
0.5068935932120722,0.664968029648938,-0.8783414648090011,train,-0.8783157060360118
-1.090059474735836,-0.8450703674115114,0.9983150438753446,train,0.9983135637664342
2.4265032684152397,2.114651422463471,3.834674091573731,train,3.8347765772170233
-0.5247773302893064,2.2706750844999255,3.3624357634569946,train,3.362531806055038
-0.7043801495163335,-1.9071766732477113,-0.897602414780964,train,-0.8974426257416183
-1.0917028407631297,-0.3905060429164052,0.7244619838826738,train,0.7240455204002395
1.7096235311878027,1.9315581775740358,1.4299418814286389,train,1.429871770562191
-1.0364787643515194,0.03495363932459494,0.2536209801910556,train,0.25383988248040346
-0.7310250936891309,1.1500484107509883,-0.3321436311160565,train,-0.3324914873832981
0.8210793489978285,-0.03655946751958106,-0.2559831200816972,train,-0.25546697430472926
-0.7142061979979752,0.9652088123724423,-0.4244016316413708,train,-0.4239829225705157
0.7107854122433368,2.947346076687547,8.981187026380896,train,8.981151829556069
1.0174264313696142,2.1496449123641694,2.089077832733628,train,2.0882976514293996
-1.5431642961490202,1.706958559107243,0.4750561493026991,train,0.4750148139816073
-1.8895707082678932,-1.010740970049893,0.29205546570523344,train,0.2921361887248406
-2.2339825045504647,-2.0397728623497224,-2.9085129785996138,train,-2.9078415274481206
1.4612750648795254,2.708877445397898,6.581663306504591,train,6.581542852118524
2.657442237913254,2.419513249254219,6.603202948388887,train,6.602720934752175
0.6548887687459892,-1.314005857059259,0.1711475501366917,train,0.1713792905874078
2.1477177755880854,-0.9113337566018307,1.622648932214671,train,1.6229768981315245
1.4172537298399224,1.9421023665332298,1.1927653361039776,train,1.1924141184805055
-0.030848867911172917,2.612292031019405,5.793899515117579,train,5.794139917908693
-1.7236004467668782,-1.6353277575149758,-0.3865763473540528,train,-0.3864385898941301
1.2670497237903051,1.543166881311183,-0.24107594559284928,train,-0.24080715009330303
-0.33225427411092134,0.7270437857546437,-0.5215061019460873,train,-0.5215086524445127
-2.3636794454813304,-0.87586881358077,-0.7442436115647622,train,-0.7443079924781174
-2.515807111379197,-2.719115695413011,-8.715823396177711,train,-8.715441042779524
1.3030057301274676,-0.15392785801766484,-0.026158139642838973,train,-0.026807978299225932
0.2147319948043478,0.032513863766265416,-0.1443851967467126,train,-0.1446027219808233
1.5511748589353864,0.06314514372509983,-0.10476586917965214,train,-0.10461962698377252
-0.15274248747461616,-2.472905913973717,-4.518090198489494,train,-4.518237391953098
1.5156298757704505,-1.6387137526146884,-0.29532430747689276,train,-0.2953328576522405
-0.45129992755183146,0.42010747539403326,-0.2597899593159541,train,-0.259671739660545
-0.9891217010166118,1.6650591785190332,0.6110694762056164,train,0.61140740604642
-2.5569470232455984,0.46221251677806574,-2.5702605903399567,train,-2.5700818170196205
-1.9176123766018847,-2.139072908486549,-2.778415641264699,train,-2.778384164216536
-1.238361459581716,0.24687916947935573,-0.04936585907380742,train,-0.04940073004928233
1.4564747100652982,1.26865758118262,-0.6117499285879853,train,-0.6115383768689192
-0.2297735625525439,0.01631449464456658,0.09288533890915726,train,0.0929108093721984
1.4871422480366219,1.3355545634893518,-0.4973278620747301,train,-0.4970271530159088
1.4315067476952192,2.5777319106221834,5.341790308147072,train,5.342001357606721
-0.7702923825178121,-1.388854456112838,0.620868609620782,train,0.6215289098476356
0.05730817563527779,0.4828436451716138,-0.5517442219946087,train,-0.5510606690882159
0.5101500729892088,-2.602402782795418,-5.91802481046277,train,-5.917753311582822
-1.677999321674099,1.5490257038693391,-0.10634500136597558,train,-0.10660289887213029
-0.7088171935795717,1.1195325932812432,-0.3586706646791259,train,-0.35884722604457575
0.03246598826259284,-1.324466709352018,0.411436161107521,train,0.4113372443990598
-1.73357065569472,1.424510416021075,-0.43926620122307136,train,-0.43931966118656207
0.8199451049486672,1.343868821147621,-0.6988612861636521,train,-0.699194432290879
0.4325518723650781,-2.716867770629665,-6.96695220756063,train,-6.967100660882495
1.0441634636782204,-2.229377966541125,-3.159287448347105,train,-3.15943765753957
-0.933851056094432,-2.5463112030536377,-4.895139101568935,train,-4.894862985468732
-2.548433707690304,0.05619990918012263,-2.103302148728028,train,-2.1037423697076774
-0.9576370742163673,0.0034182422860027373,0.2990728563660428,train,0.2991789633059006
-2.3842646290053873,-0.26446862498771617,-1.2105286118170873,train,-1.2103396051222788
1.6382338172961415,0.12303045915725441,-0.08648066135184829,train,-0.086184434452963
-0.27322416523836557,1.475611475062059,-0.03168122765535042,train,-0.031921330051253236
-0.12057764119081327,-0.3244779192659326,0.43223023069230837,train,0.43208461730222697
2.4529708870915314,-0.3860794548584239,2.1599735425192175,train,2.1596208748307615
-2.894375568918962,-2.363818960103473,-7.169788369260389,train,-7.169713184293523
0.0677657000237959,-1.9378679157506984,-1.3470478674779525,train,-1.3469569165315438
1.8060655467803013,-1.9858862457355189,-1.2576517396841225,train,-1.2574759671094675
-1.6297170272454287,0.3469330004832497,-0.44628060425852045,train,-0.4465634813956832
2.172770506669181,2.380804726795927,4.85562504968096,train,4.8556046357214715
0.09611169591236646,0.7105686063230392,-0.7211748138996279,train,-0.720602741525033
-1.3815963108425955,-2.2549604707561794,-2.863753981018239,train,-2.864160018108474
0.8312159175661575,0.3211329806312224,-0.6695481688415799,train,-0.6696529468197583
-2.5892863341693824,1.2532554367069628,-2.6969752252824706,train,-2.6966198968091724
-0.8895767371976322,-1.1311867971767409,0.9376957692440333,train,0.9378064260004347
-1.430887450481931,-2.326436905408262,-3.3744602349478674,train,-3.3740246269765306
1.9261244373808495,-0.25486222403995606,0.7636623253019545,train,0.7632258130062554
0.4421257831617078,0.1755648592008936,-0.41175007716027173,train,-0.4121142458032902
-1.7411691940928908,1.1652154265854955,-0.7923818364353712,train,-0.7927895138069954
-0.09851766980840537,-0.25534699714219267,0.3471594154589103,train,0.34745742855810335
1.9996876091713105,0.2202078923357873,0.34049621097249827,train,0.34012659272385526
-2.4301108113619954,1.4187196204420554,-1.9298072999581288,train,-1.929707743348106
1.9037368165963606,-0.5663110887615508,1.0168044532244571,train,1.0162185070824197
-0.9620607974464046,0.610382745356816,-0.3158138188267783,train,-0.3156209548500621
-1.058423508100674,-2.6364856105353525,-5.707327540186258,train,-5.707724707601567
-0.5578502915977714,-1.848090477379341,-0.6941061461473443,train,-0.6943960001682427
0.004908220780100336,-2.3538743165732794,-3.6988892172543815,train,-3.6991134754538715
2.349984492995829,0.6270422359409369,0.7913515376913083,train,0.7912796207337468
-1.5250428364602462,-0.8562285824212271,0.7667580065824998,train,0.7664412666307813
-1.3341033652775256,-1.5839940228050926,0.1057987376632189,train,0.10583969092828377
-0.4991528566751233,-2.3923436014479464,-3.750543919279297,train,-3.751017890626571
2.4276069287011737,1.751127114516017,2.2310237549120893,train,2.2308409265269
1.5998997843344114,1.0779936335710998,-0.6481439954958224,train,-0.6481502130434529
-2.575145382934895,0.3246097878227323,-2.5002070369515756,train,-2.499926945855935
-1.059006231559186,2.438870140896115,4.618631655560567,train,4.618698154982273
-0.2124547820196261,1.9324825133954264,1.3937474795605596,train,1.3933614184464478
2.240555241703971,1.0707593111775338,0.4581944372177187,train,0.4580131859942202
-1.970524281183009,1.4685429921822208,-0.7237416775635048,train,-0.7232372035009317
-0.15535196790707229,0.5201271214265857,-0.4768708488490997,train,-0.4773096464367987
1.8527198047619828,1.050040254246511,-0.3356108003167557,train,-0.3355345937462251
-0.27659623107259623,-2.6124029162350806,-5.6454170808922,train,-5.64499439024291
-0.8751518281673762,-2.944902905978648,-8.932360937741823,train,-8.932061974658755
-0.5970018545731532,2.5487497844777747,5.475944742716713,train,5.475755693047812
-0.9442937743101663,1.395428726551347,-0.012166895076979545,train,-0.011789323034459528
0.7282297455536542,-1.0486399209841084,0.39492560121461984,train,0.39468699901257925
-0.0658261811895664,-0.714237903475283,0.7077623726791955,train,0.707837255386934
-2.0102052273979663,-0.8570700800291542,0.09418036728674206,train,0.09416249383701418
1.214041075458078,-0.35294178171010504,0.15240098394929658,train,0.1525713140990716
-0.250878294764763,-0.9747079117485096,0.8289172769107391,train,0.8287804952259243
2.0576052033629235,-0.7541978887129162,1.4040082845016375,train,1.4038032478564453
1.8059433107400018,0.6698303954974767,-0.37850881740810605,train,-0.37875129528974233
2.0974730398007635,-0.7350325094635306,1.4802651650039547,train,1.4798586390034352
0.2720363440915907,2.657520066777254,6.063236098848139,train,6.063503196706607
-0.3760774077235549,1.1644147118161703,-0.43050438363175003,train,-0.4308402441392405
0.9406966567985471,0.6286239776749025,-0.934004615142278,train,-0.9334414170062023
-1.6230399500270716,-2.432620912794404,-4.322129233818806,train,-4.322170395907506
-2.91408940416845,0.2885321845319526,-3.82642475115113,train,-3.8267756939512765
-0.59788044104973,-1.6811090193261666,-0.10198699126629762,train,-0.10163354109163812
0.7657860297311911,-1.4019272702550696,0.011561442369556696,train,0.01134730228092468
-1.9798757191782745,1.8026171342917008,0.20334899338874446,train,0.20347259706892212
-2.9258534048771967,0.5085596936539014,-4.091002530534029,train,-4.090579641953391
0.5431491074586265,0.6769851632452246,-0.8967755959172856,train,-0.8973389980045501
-0.2590456382099813,-0.2757618600643026,0.4464753175345668,train,0.446357450288616
-1.9448929349851205,0.8577782583529171,-1.2126716011824827,train,-1.213065800585658
2.995863529484275,1.4290172931174583,3.6240325922989864,train,3.624303936498987
0.5391001375194886,0.7911703545243514,-0.9400021205952688,train,-0.9403147688545334
-2.6664336998510008,-0.36406520571460055,-2.045630824464017,train,-2.045860077832873
1.4533409612152397,-0.8674409121075091,0.6018533773754309,train,0.602111463936235
-0.35599135339242016,-2.728467990907424,-6.712956923459399,train,-6.713466253943369
2.9833871322177083,2.369583083594496,7.628107559095962,train,7.6280998165352685
-0.5670812586047145,1.6654620355740493,0.5583128030802282,train,0.5581958464180944
-2.7088020785862725,0.6819667335252084,-3.280600905557762,train,-3.2804003629714535
-0.5540076024077605,-2.167109474252088,-2.2452394113540572,train,-2.24539156718244
-0.7662384976469165,-1.356508274680406,0.6728887611747278,train,0.6727004214193407
-1.4531115658558809,-0.3287012713544736,0.4895814525033315,train,0.48961793286702254
-2.3386238338135783,-1.4230368814041183,-1.121955092227449,train,-1.1216316314984331
-1.0544560857928817,2.2293373233199123,3.157379858228011,train,3.1577392515651845
-0.91384164088372,-0.12678117508248699,0.45540829705637315,train,0.45560645472826616
-1.370408215131384,1.6589361042664237,0.46250364920590203,train,0.4622848863469646
2.0658390733991556,1.7614930305642682,1.3493925265196882,train,1.3499580369020208
-1.4779513887165618,-0.14226822499776215,0.2625880341354523,train,0.2626011450146755
0.5197087096583584,-0.17869304759456206,-0.020201272382972424,train,-0.020217204542503853
-2.8657057627665394,0.47014532010859633,-3.78615145309608,train,-3.786173804216739
-1.487138237417092,-2.6324248305396845,-5.8762113305608095,train,-5.876234340623041
-2.4109406084318783,-2.0335920497320754,-3.3619591331880128,train,-3.3617707656847835
-0.7787451359718123,-1.4663397938981364,0.4781002526134004,train,0.47842907447402283
1.098984007233522,-1.7741765939224545,-0.9473071473185621,train,-0.9464560144998294
-1.1680758671845972,1.1601217118243654,-0.3461592620079794,train,-0.3461523787372159
-0.9197607390199964,-0.17176261610289378,0.5078456791485232,train,0.5078052317961914
-2.7235280827797537,-2.238532304364535,-5.601081188709967,train,-5.601076629231194
-1.1530520598329688,2.131414671340418,2.553657410906357,train,2.553386531434747
2.113416577046693,-1.7525412868081713,0.24289031014596096,train,0.24235651188354393
0.11334905186506994,2.0919946246340517,2.010969242848962,train,2.0107587470048274
1.3015636167107125,2.0351396895985925,1.562602205407655,train,1.5619745540944308
-1.0691487450459904,-2.349849218100026,-3.377719410347055,train,-3.3775827139014307
-1.704866878491674,-0.32785588915526853,0.23717662545070062,train,0.23750882403196696
-0.8839340822471584,-0.37439800247582733,0.7268737206953045,train,0.7269101689257929
-1.9259031659036077,0.8408240110648577,-1.1774868849842626,train,-1.1772819795346308
-0.3651952011245596,1.7241691662902956,0.6666235382545098,train,0.6666676238007745
-1.5186735916432859,-2.919449465753013,-8.879352543659685,train,-8.879841642506095
-0.8268083582824968,-0.7235615763864152,0.9792276335800372,train,0.9791330789908519
-0.7917309678607838,-2.4194250690147174,-3.8812764937890853,train,-3.881298257970593
2.1130637098005867,0.5589601934732675,0.24701774985705516,train,0.24706522531179695
-0.8095000519779041,-0.16043769985222034,0.48911890020451554,train,0.48921096633276834
-2.5305624388615726,-1.6789975498882308,-2.32751222895145,train,-2.327540420033567
1.7453096051332713,1.4072349850461197,-0.10467633612157501,train,-0.10511921615491304
2.6369927781151192,-0.5582092879183682,2.931774055783975,train,2.9320295749489755
-1.2172393291102297,-0.9279388555947191,0.961926109885013,train,0.9615956339143426
0.6957435929517972,-1.0412322088261037,0.40452955901786347,train,0.4041714592648619
2.5751239124972525,1.8145184680186603,2.93741115791473,train,2.9370358144577113
2.928374001200428,1.794937882015033,4.295735395130947,train,4.2959283279880385
-2.8098991917065037,-2.7935853371004686,-10.580614874846912,train,-10.580899144957735
0.7479401523083951,-1.9287027510162584,-1.5631302526051098,train,-1.5628742649927443
1.0905524911860045,1.4561593843391027,-0.48944736788769383,train,-0.48924257315371844
-2.834397436322388,1.032094739551225,-3.8258126502100693,train,-3.825790066049139
-0.32647653307048863,1.5781426335147275,0.22771655856696937,train,0.22755816063323153
0.6577572034808457,-2.4830067780477814,-4.946624432309953,train,-4.946635879790195
-2.937732043329969,0.9781470931467846,-4.307662628868744,train,-4.307317876438717
2.697759857168988,-0.8390583799910551,3.2894433638203804,train,3.289317802546088
0.04371656180345873,0.1967291437445584,-0.2541096030424226,train,-0.25417522133422127
0.5854142557451922,2.603437067534961,5.4461917950333785,train,5.4460204366885545
-2.748718783319648,-0.9198249711499791,-2.0645366559999454,train,-2.0644372268183844
1.4224768522392237,-0.678568453001156,0.5224779744328376,train,0.5230942311566855
-0.645540218527791,-0.43813834021942366,0.7526802747207206,train,0.7530339844858445
-0.3976437353208957,2.369714348219757,3.9962095951851415,train,3.9959581210550015
-2.9714724740162666,-0.5224866170266504,-3.2060088170245518,train,-3.206205475707251
0.27667720942378393,2.8236125236744236,7.733593886709711,train,7.733888906113231
-2.418274814741866,-1.5369762558571434,-1.5903274203009878,train,-1.589888996500893
1.0339761665624003,-0.8871727329114536,0.4195694258169942,train,0.4195653165732489
2.2127212707182142,2.4719751313878104,5.646726881658574,train,5.646710273127988
-1.8031782547453936,0.9805947808393647,-0.9762606912721359,train,-0.9765728516814229
-0.6414733574986022,0.39866204009333006,-0.17876953341476876,train,-0.17829416895422942
1.0429931867201478,-2.1883766489418885,-2.908583283996407,train,-2.9088792165835256
-1.3344776884188143,1.066983223069132,-0.48108155948709286,train,-0.4807129353828259
-2.228820796089412,1.4978281745800741,-1.2171995368221031,train,-1.2173591391256862
-1.9628759276733543,-0.22104578729649516,-0.27125320670483155,train,-0.27140219642202185
2.474739793702419,0.05071355997000615,1.733067165224789,train,1.7331963953875291
-1.3801433127032992,1.4557861212431082,-0.04001646698815353,train,-0.03998119192056492
-2.2572123868831797,-0.48120526568920363,-0.6497639995494024,train,-0.6491152869870317
-1.4786645864526724,-0.09772758042152363,0.20953377808977391,train,0.20964064067958926
2.322182525492229,1.917619059943814,2.568049106681658,train,2.5681440442762034
-1.1575142286057554,1.6597670494301608,0.5630453270566947,train,0.56298542498218
1.8070128804824845,0.1618923383512536,0.08443050591419343,train,0.08476512765928765
-0.5319078313934957,1.1600745672269315,-0.3756351535645035,train,-0.3753182396975489
2.1489286493518733,1.3806275939440615,0.5693172522783363,train,0.5688983724210412
-2.5120562169078493,1.4785230921664914,-2.072580482177976,train,-2.072651273522405
-1.653316393275654,-2.6512031134960523,-6.213242842758523,train,-6.212886943023712
1.3804257038939571,1.7362844436680804,0.3695209708309961,train,0.36969146618681115
0.7039056835233497,-2.1922572136303744,-2.919474472008983,train,-2.919230398657916
1.21409450242147,0.23477700897796172,-0.5243879373008122,train,-0.5249202601521679
-2.0521959659682967,-2.6213588308984583,-6.563202077552202,train,-6.562746322832544
1.7989256016026332,0.9834190338219964,-0.4397143613392549,train,-0.4397686738097285
-0.12269159316446654,-1.0408956779180194,0.746164829496258,train,0.7459070379272442
1.02466296545985,-0.29610000007970516,0.04517393921808799,train,0.04503961614591304
-0.1596862422267522,-0.09466528933180696,0.19220290588647,train,0.1925804375559741
-0.9138005548340393,-2.7590248465904836,-6.886029791314883,train,-6.885872939675168
-0.4641432180277847,-2.330864153998114,-3.322597599977292,train,-3.322713285289988
1.3177112891936371,0.13933508881658874,-0.36710017044105386,train,-0.3665158387725081
-1.521802552590707,1.6246867320128773,0.2506810797139938,train,0.2502221897545416
-2.323068284031531,0.3539487832241641,-1.7483886416413221,train,-1.748685890176663
-2.0573021414639627,0.4462501320447634,-1.2039191576938284,train,-1.2031751400060955
0.6840562602034597,-0.7234587256092562,0.40081439020544884,train,0.4007791449513125
-2.5730563799820603,-2.723191515343382,-8.949970987193481,train,-8.950508109974779
-0.7937688293732235,-1.1163670411256201,0.9408486708493656,train,0.9409732567216582
-0.9105284531091486,-1.6927519317130717,-0.08962377165728563,train,-0.08948838160389358
0.8023575125967977,-2.3305982900632833,-3.8306946895218936,train,-3.82997631589806
0.03452433447926939,-0.20802764716316124,0.22787798904309473,train,0.22800350414115106
-2.7470400133491815,-1.7741606368389524,-3.4356605261912936,train,-3.435978668957046
-1.0355716793023262,1.6633095569962495,0.6005581693688872,train,0.6006594652719686
-2.145928384546476,1.8277090638356865,-0.043940704423352406,train,-0.04445221413365155
2.6702217908716444,0.6246790730567606,1.8449379365790946,train,1.8446848791869763
-0.3611374284729161,2.7367671525043753,7.136076754224323,train,7.135585521146705
-1.7076566065396082,0.22363964920935853,-0.4048830832236857,train,-0.4051267373725033
-1.6421465531948007,-0.4074904556070066,0.39057288206244956,train,0.3904327452843928
-0.41778161140502856,-2.2108942270557734,-2.55610455826821,train,-2.555810317036083
0.3756031378320581,1.0872972316810074,-0.8392507051128235,train,-0.8388826373028483
-1.0252291834955738,0.658791696430006,-0.35049813385672324,train,-0.3499184124028749
1.8814307516313535,-1.8483537108433885,-0.5480884858106401,train,-0.5484920385886357
0.38295909866223,-1.8820642637714164,-1.2550615766369084,train,-1.2553994915131528
-1.539084304911694,-0.3078495107594903,0.39522333578771995,train,0.3953567821510386
0.9309118269788104,0.5485812630246751,-0.8798629742962703,train,-0.8798216965245726
1.1913823065887676,-0.06345747898571386,-0.18146229000284297,train,-0.18140203826159945
-0.9981357418858172,-2.676066208984403,-6.070633294404933,train,-6.071137336291619
0.9327746507269135,0.39650018237842266,-0.7487045952592488,train,-0.7481861991016754
2.571352472331867,-1.5861559459168895,2.0226946022692545,train,2.0227588664531164
0.15573275102819917,-2.531976368270375,-5.1548684767132915,train,-5.154880862830886
1.5082784927306108,-1.6639507413958161,-0.37467748806370405,train,-0.3745987317370247
-0.7129550556732127,-1.2678166579855166,0.7864594987419062,train,0.7865298559625437
0.4588380328995534,-2.163391891900373,-2.676651808942592,train,-2.6765933218546776
0.4442000806975859,1.726295089135374,0.2961366589183294,train,0.2960168766566643
2.6634709354343986,0.5068826744925676,1.9040958237106786,train,1.9042436132229708
-1.8508551649489269,1.4986362567084024,-0.458116269011,train,-0.4583479821192253
2.309163619655112,0.9773458280500411,0.6019873065961392,train,0.601244721506464
0.3275120701970007,-0.6335126650675926,0.4763587771486205,train,0.47639743231089127
0.6741408377680731,1.1483739652768992,-0.8966279645142852,train,-0.8963758236217696
2.1099018420703874,-1.200766877946576,1.398835824174017,train,1.3992449497233739
-0.3306291733646196,-0.37904097415303006,0.585706368241431,train,0.5857440850469949
1.4321087330607725,-0.4445541387997154,0.36091484850895084,train,0.36060791814339566
-1.864048559751898,-1.9608600286986817,-1.7800630337816064,train,-1.7803356734280595
-2.2199647476129796,-2.705071056436605,-7.729093932977518,train,-7.728316037820358
0.32950203598728045,1.4436189321346804,-0.3856621854344007,train,-0.38577409706805693
-2.732927194754371,1.507379702045884,-2.8122499087582398,train,-2.8120259002607724
-0.627844843473671,-0.29657471693160975,0.6072713109895542,train,0.6073989839980674
-2.3529400118794896,-2.262623786904421,-4.505423599449242,train,-4.505353019801941
-0.9126331220458055,-2.1782924449685304,-2.249711842481669,train,-2.249838227316326
-0.8370598679659298,1.628687159092051,0.5069505081268115,train,0.5067570860710833
2.111372368049655,0.28855575820673973,0.4925146576267343,train,0.4930555277650849
1.1288127960861747,2.2517447551179286,2.7297426975910324,train,2.7295302092996327
1.4455224976528775,2.7877252442886498,7.3683432732017256,train,7.368093707158269
0.15962474112024427,0.9908350368191026,-0.781622800070191,train,-0.7820493824975119
-0.35091636246509594,2.057549128009888,2.053082471487741,train,2.052996247078079
-0.7458883540107211,-0.4747142315601729,0.8061170608489181,train,0.8059824410188408
0.7562925678643544,-1.0309073727179312,0.3976504532151056,train,0.39761386225636625
0.38561438723573715,-1.5586398409584181,-0.2042185349493839,train,-0.204110996951346
-2.602526894360449,-0.1827193200382422,-2.0079825820087143,train,-2.0086075756042474
-0.9041008495883154,-2.3547578733833427,-3.3984726191839396,train,-3.398178560307198
-0.7946437796688786,-0.46692141252478914,0.8063725562079506,train,0.8063754431805641
-0.8182770716661389,1.761039308392896,0.9170312992039102,train,0.9174228180974605
-0.7412589785335886,-1.5392148511051014,0.312887821355772,train,0.31291268579606335
2.907200509619143,1.6552609576049462,3.741926167307776,train,3.741649210045933
-1.068463322803551,-2.5375926427449986,-4.834868791829472,train,-4.83469568681446
-0.6721306530688089,2.3664374858426225,4.06166821358396,train,4.0620214025697505
2.4416029003831916,1.9476356795442271,3.0470904646267547,train,3.046579265558154
-2.386922208522339,-1.3350349908082322,-1.1140746255055065,train,-1.1142890871774682
-0.9749014485624903,-2.6148225099002755,-5.49923666845471,train,-5.499002984440349
1.3794252308846895,-1.2173759395238963,0.3940183169384295,train,0.3946146366639109
0.6490878774603863,-1.8944427519523088,-1.3960139677118517,train,-1.3961626978089596
1.3823442924982192,0.1497965562325838,-0.3409497352444303,train,-0.34111534135706634
2.539828931698354,-1.463656351246133,2.195435681875329,train,2.1951189845640697
0.9323672210239167,-0.8431532892427152,0.4080013263097717,train,0.40814630472534597
-2.5312845994589686,-0.43978860057423463,-1.492933479705976,train,-1.4925349757309558
-0.5081042518944399,-2.288006796787521,-3.0154044731788447,train,-3.015320547995537
-2.510318534251897,0.2934270766161202,-2.248175701357046,train,-2.2482805067457523
2.9790232035296613,1.4726936576957432,3.6277801049408924,train,3.627683116932941
-0.17364359775926008,-1.6937631128932384,-0.3112717743686342,train,-0.3114871511987459
1.307221756765066,-0.20852486613590848,0.03884897387370323,train,0.03877448133229519
-0.8440166223744496,2.2654852821800353,3.3968915740242287,train,3.3964791155422462
2.1246381527482088,1.0718440203442174,0.18532230037872388,train,0.18601466400267883
2.9734599579582204,0.029054894899722905,3.736364318071319,train,3.736516397954924
-2.2248126667497052,1.7709060191666457,-0.43827623051618714,train,-0.437697642962358
-2.0189694259484763,1.169463509415013,-1.24012589062543,train,-1.2398129900700718
0.337364700043401,-1.7116481582117544,-0.6143666705029389,train,-0.6143695809576487
-0.07884168191047092,1.0445660799078973,-0.6442838908679928,train,-0.6445633981700281
-1.0271329161782206,0.32760943688254984,-0.07870950447926095,train,-0.07846042921019658
-2.524663916964595,0.3268992367131862,-2.3308855433429487,train,-2.3314065205500074
1.9891045064327164,-1.339772678777321,0.9847281353267601,train,0.9848626586066668
-0.0246383081614594,1.9887355191583063,1.5586266056413862,train,1.5581791665352804
0.22221580898079463,2.518763175972239,4.858299172194851,train,4.858519534586706
1.4619411825185367,0.06425564556480845,-0.18303151977736765,train,-0.18280882302636153
2.8805507026000265,-1.2866884158560237,3.8189668289729837,train,3.8187271662397873
-0.3715481173210664,0.9176666665758737,-0.5392951295226647,train,-0.539787115933208
-2.218416607194513,-1.271054454036927,-0.5758018464829131,train,-0.5759264517221432
-2.424294989495273,-2.730641564173757,-8.541081391025799,train,-8.54084945155571
1.0884561856379538,1.8895123204179782,0.8192860709982326,train,0.8197869709137698
0.22710792718708817,0.5773972339793301,-0.7078393601839528,train,-0.7077640783814065
2.3245121983203996,-0.415805795640527,1.8127994295673053,train,1.8122383978212702
-2.808405866718656,-0.5307373239864537,-2.4637219039921323,train,-2.4636181229467597
0.7265533312129895,0.04695136325238147,-0.3428599938351514,train,-0.342670377284942
-0.06379786546014987,1.9417056207542847,1.3621296337143325,train,1.3618663997521048
2.491703429827618,-1.202830725870677,2.4214073507457226,train,2.4212730137203677
-1.341612761210723,1.2073401745170054,-0.3810102898891812,train,-0.38073167136758435
0.8477475477586243,0.5936117726081864,-0.9097697984727046,train,-0.9094833124842225
1.954657846090078,-1.4796332155791272,0.672167023745138,train,0.6719956140686916
1.086683455643998,-1.9887213550732215,-1.8329363837562287,train,-1.832728874506579
0.33683475876715807,-2.080408666563858,-2.166392286788815,train,-2.1663051597871217
-2.2315386654462985,0.00880046281114355,-1.1172984279311877,train,-1.1175599900768767
0.4660105324212003,2.529166792021179,4.8413761078092605,train,4.841547107917209
1.976080100828634,1.5241041642403044,0.49647688201921913,train,0.4965642825050287
-0.9292110565878295,-1.6715244825833737,-0.02514219325514966,train,-0.025177514907717
-0.06308805268013273,1.0952826887134695,-0.6258706744777103,train,-0.6256688471237984
-2.688124707225398,-0.3726444120313024,-2.119523363318412,train,-2.1194723318106745
-1.190675133087044,1.9432015424299474,1.5946857877176233,train,1.594627030255889
-2.9599519767626723,1.3212852184545503,-4.138834703070779,train,-4.1387332311315435
-0.19498505213421158,0.1271985646222782,-0.055599382482091425,train,-0.055273182913765435
1.646552617535221,1.0058622612663108,-0.6286605223442985,train,-0.6292759739051373
-2.8980412185201345,-1.2348039122597632,-2.878515251093212,train,-2.878758075415179
-2.5109775795656137,-0.8151320390207495,-1.203502976461039,train,-1.2036354008450314
2.8799256611578024,2.723046597502414,10.165257508459419,train,10.16507541053277
-0.7546738726287763,-2.812079315651907,-7.452796622376064,train,-7.452611871118927
1.4840404577917665,-1.2412036155029782,0.4450164367821179,train,0.44508344808833294
1.9523600973259416,-0.1961811797303754,0.7438282307066473,train,0.7436784112447533
-0.10412933971952043,-2.359323994724184,-3.6834543487681244,train,-3.6835606954999034
-0.6743935442261852,1.9313210607915186,1.5601825476255864,train,1.5601208874535712
2.9658869837747464,1.7600971834008146,4.34915589503093,train,4.349174193389143
-0.3045487987288529,0.009082088596695792,0.1357268891751098,train,0.13548758837956448
-2.9749668799298723,-1.4330940160734627,-3.5303642166714453,train,-3.530140693875963
-0.8952837465011729,0.21569363064848623,0.050307062852459006,train,0.050019728626359256
0.07439019376521427,2.066610231768842,1.8960748903630964,train,1.8959959197084504
-2.809316715485595,1.0787911467415423,-3.6965194789224016,train,-3.6966193141522687
-0.7120547233369452,0.05127730130445096,0.22235654150763834,train,0.2226229870204887
2.7848219555003295,1.0096621566856685,2.2300169622291945,train,2.230219499001708
-0.0011392353392531973,-2.5884242263167887,-5.564464784621636,train,-5.564807896139277
0.5557583759174243,1.5149753587219523,-0.32297038960928237,train,-0.32236204766608717
0.16150988223644358,-2.3291973506385424,-3.603010005720515,train,-3.60297361550501
-2.4540009552616064,0.31293092082378715,-2.0888526124632714,train,-2.089248064980041
0.9921794244784037,-1.8365818782057635,-1.194272839456278,train,-1.1938418165540234
-0.3255352391933277,1.8035599126785216,0.9249315379204153,train,0.9252830476173167
-2.1718613236220423,1.3307892190809147,-1.3815285679571476,train,-1.3812340121130173
0.34592703074587083,2.909457977800341,8.658167953241493,train,8.657645906193613
0.8676202304435972,-1.0019134828026284,0.39623314931215403,train,0.39666112144886456
1.3064270196310508,2.521959690209496,4.786569877548619,train,4.786193643652718
0.14601065079650777,-0.1746468155418941,0.1345299208703997,train,0.13445692134810489
-2.93906142079289,0.7259319703686677,-4.287883578041182,train,-4.287952237742972
-0.9341970400386743,-1.550570334135652,0.3007300669746962,train,0.3004978961097198
0.33379808849134296,1.4030173393946632,-0.4621913065516159,train,-0.4624811273588813
-0.7035720300177584,-1.1194039554588766,0.9240721373339474,train,0.9242345651870094
-1.1136084235007109,0.8457198453583886,-0.43181484618401045,train,-0.43167747669475776
2.624686750463571,-1.192012359253292,2.8874933588609224,train,2.887460988446899
1.8302005384027424,-0.9387032094987031,1.0238683722619375,train,1.0235583514316766
-2.9824831158776437,0.6419582177571099,-4.452789554364786,train,-4.452604751848648
1.1187761202374702,-0.2340659794272968,-0.004855292143038703,train,-0.004613031111910044
-2.641555470238757,-1.22040037277964,-1.8100172196377435,train,-1.810109717510747
-0.16929474635039732,0.46316883512238416,-0.4224449177123967,train,-0.422473074164155
0.3151573479781611,0.11597182984533871,-0.2897044428598269,train,-0.2896239968835571
-0.35667876164551293,-0.8845197490196213,0.884674612093595,train,0.8842819541247006
1.3555290391590962,1.8977399314710226,0.9603696433887814,train,0.9602166401212588
1.0025766571678156,2.656876600022557,5.889446749005824,train,5.889698603895279
-1.1500223898252324,1.0167789461585772,-0.42372322644693494,train,-0.42325753494225254
1.7190438077677417,0.15455689842822418,-0.027150903238811752,train,-0.0276467340169221
-1.3910086276940818,-2.599706825555346,-5.508168952213985,train,-5.508462444453895
2.2111220057222223,2.4746309236428816,5.664013959377576,train,5.664185302830335
-1.429909203264235,1.608333495525113,0.2803919874153007,train,0.2805864954039734
0.7684210433692042,1.9413607256536332,1.0352818904719543,train,1.035243904637993
-0.8939060953067326,-0.823737893267511,1.013108898618454,train,1.013166829168337
-0.6936098726908697,1.5442887644169943,0.2683513974603464,train,0.2682771631490436
0.8473978809770832,-0.041687536229660704,-0.2520096892677736,train,-0.25168175079058736
0.8827130176222431,0.907001973318804,-1.0191262534381456,train,-1.0188851393281741
1.7494787591469025,1.0377891847853054,-0.49031610332419984,train,-0.4901977762616585
0.18406278671952503,1.9679654735315606,1.3585122518195751,train,1.358540295323801
0.12282006284870084,-0.5919580105266984,0.5455948517670226,train,0.545111228014109
1.5109307304794353,-0.8289708808434819,0.64433259416725,train,0.6446848741748428
-1.5205960880794576,1.0713596422733893,-0.6136623219612619,train,-0.6136553419712405
-0.697467194054858,2.4943891981308313,5.047625211398945,train,5.047906290814656
2.094719716076697,0.23569055511233428,0.5146212553024845,train,0.5146885516060042
2.2059230178090203,1.1988880660727785,0.4668200530532447,train,0.4674057788751186
0.11633515248294435,2.3287547758189033,3.4621752076763848,train,3.4623386058452836
0.19898970877105837,-1.1483170671380023,0.5229576362614806,train,0.5224044945687605
-1.468383865668582,1.4117762223562236,-0.18623691697565992,train,-0.1857779099418282
0.420028164775867,-0.38100932302099677,0.23436248583879415,train,0.23460364696782907
1.1098588742478848,-0.10388430802026738,-0.1574069399598676,train,-0.15719038092170842
-0.30581529941341046,1.2153722514629157,-0.4136279742909649,train,-0.41354528953539915
-2.4514312977382646,-1.9656872039603344,-3.1594776655153303,train,-3.1596583825972018
-2.850577529637566,1.3417408559853725,-3.609693507831271,train,-3.6098261172818673
0.2735903276120233,-1.2616615783242013,0.3771443657149438,train,0.37732077067141223
-0.42073679466281266,-2.5853352929493263,-5.342261973183982,train,-5.34228218354354
-0.11265071367615054,1.41515340962049,-0.2251096680275273,train,-0.22520997659707007
1.9826842491005294,2.4475017534344676,4.961048574301727,train,4.9611486394594095
1.55738701535435,-0.6438794884024877,0.6159660546126391,train,0.615646981824496
1.5952564120971964,-0.5856049436575907,0.6166214815326223,train,0.6165524705441539
1.415601479317126,0.10037426757174428,-0.26039166534548847,train,-0.2599782652561655
0.0980214506396444,0.17263007981858824,-0.2534061720946548,train,-0.25361234862850307
0.9413998479837127,2.614477734295436,5.49441004574847,train,5.494515021231003
2.1563491271798956,-0.14719957705136943,1.1022065467427038,train,1.102230207507242
-0.013356594955569179,0.4515118237557658,-0.48911310660777385,train,-0.4889340411264838
-2.943108417904491,-1.5207753367381076,-3.560682367646311,train,-3.5604083292649604
-1.9817475358484258,1.873855853691981,0.4755226251575838,train,0.47517812404234816
2.765228181205341,-0.36022287639879136,3.2551382164488487,train,3.2551284734881527
-2.738155949825846,1.5427601961761332,-2.7521292834993254,train,-2.751801266462418
1.2779930021278716,0.030294139231891393,-0.25787503441821186,train,-0.257535509392441
2.024802852952086,-1.9701863484511115,-0.8116810939545891,train,-0.8115818166629103
-2.0389430542514404,-2.9739651497089445,-10.258636167222193,train,-10.258389367844716
2.5483208430478212,1.7743408737338608,2.6994244666735145,train,2.699326415014501
1.8256725037437107,1.3973586535694795,-0.00839501782611296,train,-0.008243609928587064
0.8783528673405732,2.7101510080496376,6.397091984569494,train,6.396890520444427
-0.043772041592968325,0.21762013655674894,-0.23412183223258975,train,-0.23410071270106994
-2.5017692557764395,-0.022970811009136227,-1.8531958649370348,train,-1.852993288950251
0.8979686624298404,-1.2125967680911733,0.2594511470635482,train,0.25918885073225884
-2.7101300383038174,0.21842888821563866,-2.882914132872298,train,-2.882869519473693
-1.6172565980039173,1.7300623092234837,0.47569872505051003,train,0.47573938182160236
-2.8956846624570645,-1.2490021915006029,-2.883637984800936,train,-2.8835919594044332
-1.4758725434174864,-0.7263538237340674,0.7750033525612415,train,0.7750985390269507
0.13390268512296633,-0.2924393486115897,0.27195122938373817,train,0.27214905284463664
2.526338247127889,-0.969116447965237,2.669492615444899,train,2.669399750940491
1.1548886449784543,2.9766610132741844,9.34600162503289,train,9.345532686796902
-0.684521693247178,1.194676206735679,-0.3029483122751472,train,-0.30313400398269247
1.4190869573696618,-1.6103564273663373,-0.2935887411160274,train,-0.29385440776640226
-1.653222389537362,1.321966048400105,-0.5083170019852987,train,-0.5084676402801981
2.8574507535841756,2.9516505435331246,12.553270569655568,train,12.553749342946919
-2.5106215637970815,-0.4209795151214242,-1.4418179149054002,train,-1.4417092412602703
0.01620003654371338,1.0940449933079197,-0.6662030901919077,train,-0.666174192991039
-1.9766384316189753,-1.865717625339236,-1.5645945820981022,train,-1.5646950788995828
-0.3469715516364902,1.4663914289990774,-0.01794472055940366,train,-0.017738093201905537
-1.8442123850141736,-2.4120678827600335,-4.454681290587326,train,-4.454900645299698
1.6609975208266778,1.2345036137389043,-0.45470240180893695,train,-0.4548292088743124
-2.2699864858669585,1.6022200772935253,-1.070508736619919,train,-1.0702105607261834
1.8101774555322132,2.582441347288826,5.793433656227339,train,5.793675769206994
-2.154444868442887,-2.9074356528499163,-9.722424602008116,train,-9.722435565133594
1.9481317281002841,-0.5366522840321737,1.0713567288495285,train,1.071675390897521
-1.2589962821150587,-2.469413185407629,-4.335568526375371,train,-4.335699327603187
0.8311702055225183,-0.8031175056430517,0.40399319585697,train,0.4035276060574291
-0.7144919211941896,-0.19086492333063432,0.5098578793005805,train,0.5098965200856301
1.3782836103711542,-0.23671601948013876,0.1119409122111974,train,0.11144338946553076
2.731541895460545,2.682367262188799,9.141513058582333,train,9.141591985601066
1.7348865295330755,0.7586667471880024,-0.5151653209701629,train,-0.5153022435724863
0.026847766258829342,-1.385658465321542,0.31910380528391435,train,0.31842082695633545
-0.7335269475428996,-0.1541610995830731,0.4709883608961292,train,0.47082555528771314
-0.4732412649105431,-0.3129907022617848,0.5756815262672427,train,0.575384799465023
-0.2312374969145763,-0.5471570152755416,0.6878301246180956,train,0.6880323153270353
-0.8005288390671308,0.5604830569558079,-0.28688303122937653,train,-0.286749492657483
-1.0188647970518139,-0.6434367572738512,0.9368278551459412,train,0.9368332652414079
0.20800881899182322,-1.777363086533494,-0.776731055555258,train,-0.7766690086141885
1.4755357674703262,2.3769717073030785,3.7673136073029223,train,3.767530598057386
2.556113356582016,0.4154330086866964,1.5994558652104325,train,1.599907505527897
-1.4161671449268778,1.5084977971100908,0.04619610235241445,train,0.04658013156247637
-2.8996652215883936,0.8322276253779077,-4.136749842506774,train,-4.136627766237945
1.9731472173071234,-1.4028681248572386,0.8528333027091355,train,0.8526097284356408
-2.833162104040845,-1.934128943196812,-4.428361326057978,train,-4.4278094322288934
-0.38635649652597337,0.9950888519099221,-0.5197933669044885,train,-0.5191493886291705
1.1848142575671048,2.2111958706024204,2.492499050593314,train,2.4926726527152834
-1.3752084328709067,-0.21172969559851074,0.41677563488930885,train,0.41647250728513396
0.606619016534391,-2.131040771153465,-2.5402998185887973,train,-2.540033492414833
-1.1375881674693873,1.7288055593307294,0.7832952262795063,train,0.7834012886982857
-1.3534519463899957,-0.626266598483039,0.8095725627947344,train,0.8095400268146044
-1.6034617619083888,1.0744949101182022,-0.6919184831518307,train,-0.6924560888846409
1.797053502367735,-1.438448666728752,0.5001210993156757,train,0.49971402014813066
-2.3654774581774056,-1.4597315234446442,-1.2679912407989669,train,-1.2673033535313993
-0.8963469515776481,-1.1960068662932013,0.8839463998837787,train,0.8840821720137956
0.6852239208342765,0.8573558477758894,-0.9919885032190279,train,-0.9920714673438852
2.2222686290165257,1.0414784308322647,0.3988504705298743,train,0.39896586129344386
-0.3954232710376777,1.2668952584896007,-0.3182299249049052,train,-0.3181584769513815
0.7671866196529504,-0.8661807738097933,0.4211986900891802,train,0.4213951986336808
-2.0538152014501794,-0.6700496444067672,-0.05211070167568743,train,-0.05178733257382607
-0.8230335183552406,-0.05126712007116008,0.36146795439880613,train,0.36174557246877403
1.6617079921231763,2.170661905147842,2.5958709441289227,train,2.5961480469033607
2.4982369741342314,1.1768912509547915,1.27204548365453,train,1.27194998254428
0.7134069423692821,-0.23174456355347184,-0.012215362312170686,train,-0.012318525879249547
-2.827575014482705,0.5472655493820651,-3.682372752925659,train,-3.6826276091805608
0.6262692610527223,2.710994860136226,6.445016802214532,train,6.445410323523189
-0.7876630501721031,-0.6151390643353585,0.9178800086472252,train,0.9179031097860267
1.5963953341247255,1.5253070517337868,-0.0405300224591163,train,-0.04045099781276024
-1.1087730786917251,1.784036869741708,0.9800272785125647,train,0.9803178150716764
-2.625679706561833,-1.2153576698206767,-1.7467188798329012,train,-1.7470975397823676
1.220430274802812,0.6482898337025329,-0.8883774185385701,train,-0.8881570960898024
2.0720711830960283,-0.22976106788642348,1.0128919466669464,train,1.013248970309844
-0.7158550360939824,-2.8678767882940965,-8.067725972781641,train,-8.067824975642035
2.529793117818543,-1.447975070384579,2.1927991589147378,train,2.1929557749509954
-2.004004950978607,0.39386723951755576,-1.049718766080788,train,-1.049583133240665
1.6025637414919895,-0.7181522659653601,0.6984541824627124,train,0.6979463410160412
0.6769194717213773,-0.9559617901875519,0.43392098842227567,train,0.4337171032332387
0.28085032768727647,-0.8577078063342909,0.5777629125871738,train,0.5780443612428506
-1.1113241750058214,-1.8816805663498757,-0.7920811682159837,train,-0.7924433972692735
0.363621557086637,1.8252256655008436,0.6778569402713488,train,0.6777635060641614
0.6002144215890866,-0.7530386980246229,0.43327375506793875,train,0.4334316140145428
0.3941402346467573,0.5995546760615618,-0.7965303619571864,train,-0.7968145205699899
2.3914630773967325,1.0202744402650916,0.8463727565862724,train,0.8457364407987585
2.966846650092158,-1.1459112835043652,4.362257985550373,train,4.362158650072444
0.8910394592538493,-0.40508438038339145,0.14883408987238123,train,0.14846560602815148
1.6413221842954124,0.4698222694851739,-0.44827097547775796,train,-0.4481978439524998
2.798099122864527,-0.7141866216462431,3.657298809768385,train,3.6564859761891464
0.676912048109604,-2.467067623265104,-4.823749453172857,train,-4.824145853241296
0.11546391077129847,1.2284434657487457,-0.6046505961072384,train,-0.6046213258644123
-0.40452948952415557,0.5725399217731622,-0.40418308000461,train,-0.4040937381826991
-1.2374164530321563,-1.6815143740401375,-0.11965384494533993,train,-0.12010265948991788
0.14439221206593,-2.4996247045056683,-4.8810265036668845,train,-4.881120973686197
2.9629220184255383,-0.7508757607952812,4.410155920208613,train,4.410343678205961
-2.3558294075630553,1.0131020925085537,-2.1328347428281593,train,-2.1326600427447917
-0.2511832889755534,1.3669520732495581,-0.2408058311827037,train,-0.24078349133168367
0.17495454065232607,-1.5161521274677994,-0.009626219890211507,train,-0.009932928542146727
1.98165279493087,-0.7828183727212101,1.2650677146358609,train,1.264951720715057
0.38019943147625046,-0.5844494682862762,0.4224128642181072,train,0.4223872020697594
0.3443635334645636,-2.235808375673589,-3.0692675164671894,train,-3.0690226873575495
1.8756844255579574,0.7101867015700676,-0.29116593092581067,train,-0.29108692166835
0.7437188333054987,1.9624550673947896,1.134400121207538,train,1.1345103576715088
2.327291062550474,-0.9397582313982404,2.0701464288116918,train,2.0707922186668464
1.2849884940939953,1.358607877683868,-0.594600626442934,train,-0.593991360811557
-2.285684711747354,1.1440765942946545,-1.86954768093246,train,-1.8692368362972773
-2.2925251922475365,-1.3936671680959645,-0.9445543504330587,train,-0.9448539588044347
1.3665397299922146,0.9993965622447099,-0.8730666647885998,train,-0.8732117324883913
2.4503565911063205,1.1921214136629459,1.133879196663377,train,1.1347000672015424
-0.7835850853725868,-0.7853361115654698,0.995791626590501,train,0.9958087216753921
-1.3696014490699218,-2.9332334158412,-8.927703376881,train,-8.927499338656899
2.841198687691506,1.8472223423288936,4.101372074767971,train,4.101156164721149
0.4646222572125125,-1.58378565080818,-0.2980741292703708,train,-0.29828972642083873
2.739742814436087,-1.06330912919119,3.4180033132545042,train,3.417921080819442
1.285520668037777,2.631839781919768,5.7387380432495245,train,5.738417757983459
0.2505986650573204,0.04743455445490641,-0.17901992938174305,train,-0.17962588333368026
-1.0370021288439575,1.7680061845388912,0.9371181525683892,train,0.9369825031282994
2.2507225343011337,1.8826793125125518,2.2323048574362354,train,2.2323677991671484
-1.1022176362872191,1.2785540833817293,-0.20594280595806602,train,-0.20587430279195115
-2.290727615881348,0.7179410272456943,-1.9352258495868155,train,-1.9353841627171282
0.24706650990061796,-0.8503485662647203,0.592460890823425,train,0.5923447439269627
-0.7566700851993859,1.6799051636550533,0.6462171361062308,train,0.6460329008442189
1.843315578923626,-0.39958723601955937,0.7785939329618481,train,0.7782636999590616
1.788624272853494,-0.6153692764902092,0.8720422293873589,train,0.8717679099181996
2.4643933609188116,-1.494635176787868,1.8852749531550557,train,1.8862852147818303
-2.450702716062808,-0.7939905917079324,-1.0158906849055787,train,-1.0160769773817395
-1.338204725341312,2.080099131557642,2.193793526581488,train,2.193635758321612
-2.2170010576980843,-2.312965609745354,-4.482257493675087,train,-4.482035814543085
2.391864599761183,-0.79095890483006,2.2425793722204026,train,2.2427903386975383
0.48516654269744297,1.716603268520195,0.24951355677736853,train,0.24992303887660228
1.3379525684830114,1.0850586700839906,-0.8532801705927515,train,-0.8534674502851852
1.120041003350349,1.6553041721374586,0.002424073481198219,train,0.0026592411222557855
0.12369372321671257,0.6829442965152683,-0.7217344921559106,train,-0.7221946703618815
-0.725297097249066,2.160657831047389,2.7370029579488993,train,2.736573889248929
2.1550638828315627,-0.7467543027713188,1.6121152290300835,train,1.6126823905953218
-1.728385190365195,-1.136734008590751,0.4612035789029809,train,0.46110740878287665
-1.796504150360055,-1.4837489310000151,-0.11411118100923356,train,-0.11397328146151554
-2.351633187249311,-2.523900258322075,-6.435207255859294,train,-6.435309783771364
1.055635861797822,0.9695149381265522,-1.0003104374105884,train,-1.0005371425929934
-0.5711466384556001,1.7020273058364062,0.6711768319551252,train,0.6710327587822059
0.346232294201287,-2.061215419493045,-2.0700057965291077,train,-2.0698471517316497
-0.990208815680278,0.25301315302043825,0.005404403597261909,train,0.005191594958193616
1.2373594052261758,0.22413766401940594,-0.5031209430005003,train,-0.5024527530712146
-1.1775261323552473,-2.2802071823571475,-2.9293239489100276,train,-2.9294171623224927
-0.6368362769236899,0.1705134379012221,0.0646257172090679,train,0.06467989490311124
-1.7806324323543246,-1.3810800603166276,0.10133546648683489,train,0.10109292964489518
-1.924075461488769,-1.0023718924370666,0.2367067012401084,train,0.23668752340009716
1.0915387611700753,0.5257938944306582,-0.8439374985382347,train,-0.8439726009179104
0.8751733100306835,1.1503592640830955,-0.922803354054626,train,-0.9226803084141235
-1.630980432516955,0.707956008876902,-0.7243559000696703,train,-0.7246875296029807
-1.9408669466779827,-0.4414633433504175,-0.005064263721981654,train,-0.004947168178477558
2.13706702847574,-1.8852529700303928,-0.20447224430660293,train,-0.20394417606054768
-0.9815581242798337,0.6366562196661072,-0.33331778696679903,train,-0.33289954988624454
0.3175318698344025,-2.198294216193827,-2.8260353598992416,train,-2.826080926284121
2.5307764320186052,1.190648621401695,1.3916296920019775,train,1.3913765504301192
-1.6080260076920514,-2.3407224430894917,-3.6310975020040774,train,-3.631177975615155
1.4905625320538345,-0.5109002520541577,0.46346109211986786,train,0.4639272227839758
1.813626838909891,1.1421946844862898,-0.33929685424687217,train,-0.3392889492151227
-0.49010135986139236,-2.314658054068928,-3.2014585558443454,train,-3.2011542993844446
-2.24205189289425,-0.6945173286373949,-0.4671227829972686,train,-0.46708442597973526
-2.7083490888051283,-0.34706115721281683,-2.2234860328391752,train,-2.2236045715963253
0.22097249448347345,0.6148086964751331,-0.7299030291560129,train,-0.7298586126119871
0.539031950282979,-2.139021209186879,-2.564818159850662,train,-2.5650263461058835
1.574188106649368,-0.27676402359689334,0.31461204075488447,train,0.314864848482421
-1.4208544232356488,-0.37133059081511866,0.5567312624568275,train,0.5570340120748799
2.1997701806627648,2.640260604903927,7.063331595004023,train,7.0632493513870624
2.8199659594212694,-0.8601173978712326,3.7889908181382115,train,3.7894862028971423
-2.6374922712425963,-1.1640327233824506,-1.7425026137031576,train,-1.7428133539860131
-1.7614732100746084,-2.06405284261786,-2.1322522782470408,train,-2.132044818043778
0.6392299637309846,1.2739848796982798,-0.7622944536745266,train,-0.7618698962146494
-0.09882645327285022,-2.5129672506069904,-4.869918739279898,train,-4.870812512468891
-1.081946335035408,-0.9922703433214634,0.9898956946944867,train,0.989749735544954
-1.5105597653794682,-1.3275802395430216,0.48911019088519836,train,0.4891145257722388
-0.4628898051785373,-2.601964758338047,-5.473971495179722,train,-5.473639556104357
-0.8107274607977866,1.177996236912294,-0.29746854032120584,train,-0.2971506202377286
0.9825434444033627,1.2366187920524676,-0.8399716038977072,train,-0.8398557869853903
0.9889768194217647,1.3394598902286317,-0.7067836932952716,train,-0.7071888441049824
-0.5078898969003065,-1.039149451536176,0.913668833966996,train,0.9135912551969926
-1.9992119179554395,1.03193667591774,-1.2873761727005206,train,-1.287568227149889
2.845210520579271,-0.8583982492294893,3.8977409894673847,train,3.897627108213996
-2.4706827007293573,0.8971989260646902,-2.4965344287349414,train,-2.4965298451837663
-0.7729588076292488,-1.8532778541943193,-0.6646204042472865,train,-0.6645644424643036
-0.9826533198822824,1.6068751925060574,0.4478192821316971,train,0.44791327135639103
-0.8240023116515651,-1.9231996961651057,-0.9487219372061757,train,-0.9488175271203957
-0.547005586579667,1.6810604511717306,0.5988041449003245,train,0.5984558516169147
0.7116585999279961,1.1584758887113078,-0.8965395595873178,train,-0.8963535144445793
-2.7259231092489857,1.6114847825780632,-2.5294811176537992,train,-2.5290824997078745
2.6110134931708533,-1.384317290722616,2.5893268254916224,train,2.5892741260579206
2.9039273913954444,2.759426705035843,10.640107388826937,train,10.63987546594519
0.4854659598810711,0.29574818978062156,-0.5618140539886485,train,-0.5620606731241964
1.4774578570606884,-0.15907417089736775,0.0951705725320302,train,0.09477524888931695
1.0201383061707787,0.8816144526652314,-1.013063757488677,train,-1.0126756747817254
2.871325538593087,-1.4121531156274303,3.5854143691668643,train,3.5853822963042585
1.2147118059158686,-0.1081593841607349,-0.1197298187118846,train,-0.12031210350155856
2.424774675929717,1.9693990449170462,3.094831176396376,train,3.094896683927771
-0.6425219365948225,-1.4610000008604773,0.4621423394263455,train,0.4620785709546118
-0.13374085638432032,1.0831635332253637,-0.5979970995363092,train,-0.5979510244664212
-1.824839118790577,-0.5259520439586337,0.2554594724058149,train,0.2551406856027523
-2.8447539821640393,-2.3426379905900685,-6.798906290975415,train,-6.7987293868818695
1.7263804320024008,0.7270740852156585,-0.5144428998963823,train,-0.514184308652274
-2.1765392117955273,1.2642114460450296,-1.4807272606120898,train,-1.4800866150742895
-0.4459298043276827,-1.4337592742924463,0.4520762506102649,train,0.45234596781489617
-2.482949732896083,-1.4646547209686824,-1.6334345475468393,train,-1.633250524802345
1.0347218469248798,1.3190032924849664,-0.7312190583923548,train,-0.731233338962329
1.610028124638216,-1.7985646974382368,-0.7210664738279866,train,-0.7212626034641064
2.240700397562917,0.519458941910123,0.5763778942901516,train,0.5758484286426893
-2.835739926889327,-2.0151985336974594,-4.816453421679106,train,-4.816592957335702
1.0192133004756316,1.7371450393010837,0.23863793539323375,train,0.23921292056852822
-0.24152986344437144,-0.6377265613530148,0.7535386403171291,train,0.7535520372248722
-2.747658608899842,-1.9803734264594697,-4.281874950422,train,-4.281720585438708
-1.4189202396943554,-0.8884927302880252,0.8536024716057167,train,0.8537375213491475
-0.24284907755869556,-2.0878122329127966,-1.926410141126272,train,-1.9266622647396947
1.9115546800788241,-1.5085165761862886,0.5350155484410282,train,0.5349403706703408
1.6870721298850038,-1.4482872871619503,0.3358443836801934,train,0.3355006852675997
1.1032510323413058,1.8641812336399233,0.7190991426676767,train,0.7193591957491643
-0.6452922862741266,0.8832548932015052,-0.44646906011010445,train,-0.4465325826369898
-1.4216742539634672,-1.6614802084190443,-0.16334394226593896,train,-0.16291185257135535
1.8301594300054127,0.014196881985744092,0.29390323431230314,train,0.29366432622235733
1.2722456694961721,-0.2037027727384646,0.01594785688571121,train,0.016026007019897873
-0.8558234849812001,-0.20046004199687184,0.5390693109706315,train,0.5396886112784517
-1.0329985076107886,-2.0357857471028176,-1.4795967372356478,train,-1.4793796602682254
-0.22473912247327688,-1.9507771512580119,-1.2608400106005273,train,-1.260634957787365
-2.277797912578407,-0.28866064943743197,-0.8903432172436325,train,-0.8901578254058626
-0.9906080314641734,-1.7872574121338158,-0.40891306535194083,train,-0.40900864141704857
1.2582393027625356,2.6410182470975196,5.810580093710641,train,5.810353070819444
0.8248874758160825,-0.7914561962974702,0.4016756443431805,train,0.4017319725914133
0.6903798547754079,-1.8348932407658545,-1.1663974147344693,train,-1.1664020346681132
0.9160792105860942,-1.9082239309560114,-1.4886415666234352,train,-1.4888032792936308
-2.10446533638114,-1.1691366653660031,-0.20787883426131404,train,-0.2080314395736189
-0.6670771482123516,1.392397610584406,-0.046937219306554256,train,-0.04692549509197754
-2.1321801894965136,0.05069763736552302,-0.9333421750099007,train,-0.9335933408416899
-0.07757088379386667,0.3150019394431005,-0.32368201182733075,train,-0.32361815690996365
2.409033065599383,0.105674976170536,1.4653994633828171,train,1.4653161401095895
1.1675323914136424,-0.932747914186588,0.4480773766834152,train,0.4482004551740256
-1.4555015697267568,-0.5857807898412546,0.713493980238759,train,0.7137024336566674
-0.45379734596149035,0.3940395136424013,-0.23404833139923042,train,-0.23403684653058018
-0.84662217342232,2.4351314078158826,4.599787094241458,train,4.599692989543265
-1.320475630435973,0.32552493037669217,-0.17363575794777097,train,-0.17365250149301129
-0.7715042716515352,1.6343021003792666,0.5153110074473624,train,0.5154200316950848
-1.3139524974680006,-0.5506181875772413,0.7805495358468414,train,0.7806691125996025
-1.7581158064150517,0.0007548673704891318,-0.20870499825075295,train,-0.20857986389932692
2.554342343934584,1.1314567944589102,1.422568565550022,train,1.4227251932610623
2.3490712579033115,-1.2300925306178687,1.9634307367496535,train,1.9632771895858452
1.535209366163107,-1.1283841291358758,0.5917554101858622,train,0.5915840599648062
0.4213567219237593,2.2135652506250905,2.571097218621692,train,2.5709567577279957
-2.996054373671795,-0.7227280753146221,-3.2021741499728646,train,-3.2025680203462645
0.33346256400855534,-1.0509818796872794,0.5214251973024514,train,0.5213433385846082
-0.9148427550112155,1.7423224878490795,0.8580746239648676,train,0.8585894406677752
-0.3179670882813026,-1.0414563344452241,0.8375035885991071,train,0.837501345692903
0.11119816510848057,0.21108406342932318,-0.30392238327834775,train,-0.3043399882926431
0.4062940920632214,1.0656864680936484,-0.8634135379188669,train,-0.8632207597182872
2.9934100614807084,0.3292036849322566,3.4905817267910284,train,3.490074893992709
-2.216847722593977,-1.224751474984048,-0.5193492996715301,train,-0.5193845795898616
-0.5909270955248074,-0.4673557165621558,0.7639804330773976,train,0.7641785120808283
0.011147485602668095,-1.1555400325780498,0.609594005067381,train,0.6096210470945351
2.838321831860206,0.5681653348437443,2.5638902712054383,train,2.5637620481088987
-0.9263780531405734,0.34152467238949535,-0.08572215228975533,train,-0.08567337450504804
2.1381569254307395,2.571502116648737,6.302315026446637,train,6.302375343155454
-0.8454086859476702,2.52496698528572,5.320809396217431,train,5.31998271523744
0.7230395908087717,1.6039737234347116,-0.14739220577791423,train,-0.14748867530448292
1.1736001271798369,-1.9599886230435528,-1.6762275213914575,train,-1.6761698889904484
-0.6363542879475528,2.589823931487314,5.844068494894931,train,5.844126589752716
1.171603922005744,-0.1319510789994225,-0.10696760001147299,train,-0.10711309957658603
2.4399751646063734,-0.12642102287483103,1.8359754822716554,train,1.8366708453814797
-0.8321144462818433,-2.876344178884821,-8.146072824318281,train,-8.145975637008926
-0.724577949774921,-0.6964526162987554,0.9530436522785071,train,0.9532993518507504
2.88560392316358,0.8898633548724999,2.647201591992473,train,2.647574731473341
1.5787306104460423,0.5914991223147021,-0.6087274099780131,train,-0.6084352926825719
0.4158330544823641,2.233156096566961,2.6950363524884313,train,2.6953259961718086
-0.6878316520929406,-1.6863937726819438,-0.09548380609577967,train,-0.09522218232163866
2.792325889862739,2.642496247324812,9.013234843870727,train,9.013199635444641
-1.326377516432598,0.6615853353893502,-0.4526204714083333,train,-0.45260681171175277
2.7742604706496055,1.4876031309131048,2.7441822897296126,train,2.7443705296564094
-2.081585139761592,1.6541304190633324,-0.4850918803221027,train,-0.4852246582306409
-2.4935743389645726,0.7285121950067515,-2.535071470976378,train,-2.5349337790248976
0.35197477712018177,-0.5273152031275394,0.3921988401695702,train,0.39208917400363985
-0.03077114512924073,-2.7838295318527613,-7.430956229823343,train,-7.431118506803909
1.8088509225045746,-1.4606979655244485,0.47380229332639834,train,0.47437904799493913
2.212936831508209,-1.7582677545782976,0.4529955847364424,train,0.45321088555280165
2.167496164296101,2.8984754588466033,9.649955961378685,train,9.65018076625966
-0.27344256470927597,1.6479560045597497,0.3928106407365477,train,0.39292470078933683
-0.5877262737648774,1.891128987909875,1.3655930149014908,train,1.3655878388848492
1.742227717111195,1.3831703913986875,-0.15014820078118563,train,-0.14978339050843856
2.022141322169068,1.0596799239822499,-0.033988233219792496,train,-0.03415340452422437
-1.548109232459142,-1.0187969998311903,0.7258294227408342,train,0.7260407475524521
-0.04898044174196414,-0.7855998384585261,0.7247633359247518,train,0.7240446236816852
-1.8141089254821747,-2.5240738219337233,-5.298472615497432,train,-5.298626898010674
2.7228461776730617,-0.7082314720919975,3.3482102433624115,train,3.348619525204425
0.16975994712261766,1.7381126097508126,0.45581323810801155,train,0.455794003138
-0.3381569746973332,-0.5943934459027882,0.7696163002088391,train,0.7696130203239111
-0.8362006217580111,0.7578220621031568,-0.3906192863497381,train,-0.39044798809135633
2.8966256277744424,2.9015742218555785,12.144960432984096,train,12.144651798455614
-1.1595805587211054,0.8511109270564903,-0.4451154739938843,train,-0.4452615667723528
-0.21249427731306447,0.605503147836004,-0.5112765849924474,train,-0.5116771622780775
-1.0972331853702229,0.15076713374038087,0.10521321478095658,train,0.10481941508165875
-2.2830215156391493,-1.7809491674592428,-1.9256467832668613,train,-1.9249679967979787
-2.185610697172236,-2.073634955988677,-2.9651945660942354,train,-2.965528326915134
1.0097341927852064,1.3786266465030956,-0.6432047380157093,train,-0.6428729221788406
-0.6813910721873597,0.10697496324391764,0.14966454271343232,train,0.14965178407518295
0.784088154138769,-0.8914291778157106,0.4198962055628065,train,0.4195152107406905
-0.43222559303203933,0.427923096551726,-0.2743642582092692,train,-0.2745970514284706
-2.4661783579467347,1.0350923185124952,-2.4543912714301834,train,-2.453927340661984
2.538380772526436,2.4141002074366407,6.1395811259386734,train,6.139715876008071
-2.6300418678449846,1.2063963185857234,-2.8932279863689607,train,-2.8932774048574568
2.390748696548158,-1.6950518654508073,1.136526261461511,train,1.1363479837066726
0.1834141421131088,-0.09417906050255587,0.02212416952445051,train,0.021996743609337593
0.6952684314923587,1.8059265535637952,0.49737020980380064,train,0.4972689001682503
0.44104364342669333,-1.6068314096872867,-0.3495105888780219,train,-0.3496648595628254
-0.7149779637441025,2.6000470688071404,5.952811369730916,train,5.952543543729947
-2.013186330275371,-1.2944174081419357,-0.15637106653148947,train,-0.15663598668293788
0.43184723017341486,-0.017924313552639237,-0.17831010485539078,train,-0.17787883413109887
1.571150889909319,2.5292834999967155,5.04522738095773,train,5.045358005277268
0.9569919498623287,2.6588317017712098,5.904348886769313,train,5.904626671304247
1.9759958391116177,1.3875725905530207,0.22578044073800707,train,0.22595821061691282
1.1390485875895724,0.8877672163686245,-0.9894391398349269,train,-0.9894209216212035
-1.4631457082616803,1.4145007246132395,-0.17721190107594498,train,-0.17743234858123552
-1.0221292683498824,2.262286859599538,3.37187313246408,train,3.3724461352831745
-0.7371446475029284,-1.2600141358740196,0.800257362575808,train,0.7997789404039491
-2.741260980063476,-0.21472828136896105,-2.4964935181674077,train,-2.496888856235897
-1.7860613478703322,1.2011565522470853,-0.8213691749784569,train,-0.8211445079659789
1.7614728922722414,2.373416455057736,4.049111602100413,train,4.04925065448177
2.489860694390826,1.7246217754501298,2.337443877017439,train,2.337486494566299
2.938224890033039,1.9225235466190398,4.850012204094944,train,4.850283105858019
2.3998756435239788,1.7053288720080424,1.9977109259683368,train,1.997912464531674
1.4029900463269547,2.1509917697194605,2.2457060188300177,train,2.2460166972164437
-2.129995821145094,-0.0753909722650008,-0.7774552008587159,train,-0.7772000347024667
-1.5566364085253857,2.1383115697915027,2.346544566359716,train,2.3467875318161258
-0.42613562008158024,1.753526413417546,0.7892792139553775,train,0.7889928917195302
2.607935007274789,2.0511948995329616,4.097180569947685,train,4.0971961898153815
0.9639855251881269,2.0742163744937097,1.670134638296982,train,1.6703883119481289
0.8754133833839992,-1.0005832606680045,0.3962921824400877,train,0.3962650516290994
0.14486570649943076,-2.7067208623041132,-6.738935505574819,train,-6.739286330186549
-2.8166155793442655,0.5290160916796554,-3.6215112338045303,train,-3.621880942444986
-0.06998682820331359,0.15180706475419048,-0.1454943987659715,train,-0.14543592217833848
-2.5543321953511415,-2.5970897302764295,-7.698054901719737,train,-7.698168815599041
0.5280198717389974,0.19102302070529453,-0.4603094508576575,train,-0.4605361360615669
-2.285531474095035,-2.9288380162855354,-10.29231498558422,train,-10.29253593284856
-2.934229112983565,-2.8508052636817087,-11.748862295742006,train,-11.749150748098721
-1.751157464701088,0.047880134108326144,-0.255825794211493,train,-0.2557602259170682
0.2597267153570044,0.3717291092168735,-0.5467509270052548,train,-0.546580283448675
0.9042428003420078,0.022711511868583667,-0.33149761999635763,train,-0.33121262969545695
0.2670310143917374,-0.18380034445683946,0.08774844180650185,train,0.08792623591425276
1.8425900235259753,1.4725452571802826,0.15934602149477106,train,0.15939894258913428
-1.118697007879799,-0.05429844690564023,0.34442053910983644,train,0.3442483362503113
-2.441238048465396,0.368194480106143,-2.1060383606543036,train,-2.105872970751816
0.07792916932954386,-1.7562589437034832,-0.6399016781168754,train,-0.6397873514388467
1.3465372301653806,-0.8140577609168276,0.5221648791243623,train,0.5223265113555927
-0.3074717109681524,2.422688327786799,4.350582385946293,train,4.3507316624020005
2.4829927248648485,-0.09248544489700405,1.9307462371501551,train,1.9308595853192527
-2.078228199409083,-2.350693515424582,-4.429924791607718,train,-4.429912465743107
-1.8466756869102257,-1.0593534504593407,0.340632231678896,train,0.3406161716259007
-0.27435673028719965,-2.249391332785637,-2.858373973957441,train,-2.8582673050060725
-0.018256896665309164,2.2011318954245165,2.699990746191384,train,2.6998941370623735
1.8654688089677762,-1.2343152935148538,0.9065396838727582,train,0.9067642759210038
0.7226720921821022,2.8574173779654335,7.95041629885567,train,7.950310404811601
-2.623975326173354,1.3367844991417086,-2.7110849928465446,train,-2.7114222750521253
-0.8657289996982129,1.24076858247677,-0.23074251590885497,train,-0.23042105892671272
-1.4944161413397121,-0.9828615501845508,0.7844217154114541,train,0.7845639258573778
1.8541860686026883,1.4192869735791485,0.07419161768148186,train,0.07507300608461216
1.6838416049770109,1.7676421642544518,0.7533063734834378,train,0.7533138781057529
1.6843359617305396,1.9509485537526263,1.4852322586112643,train,1.485373428789388
-0.3943509763531443,-0.06750238391645746,0.26575924271713336,train,0.2652257280403495
-2.868448111829122,-1.8893658395310662,-4.3910897475644575,train,-4.390801014674969
-0.05050876810907745,-2.3359245771743646,-3.544699080439447,train,-3.5449319805882054
-1.9183493396332243,-0.45044324961064963,0.04207955831341781,train,0.04223841851093619
-1.4836075933140747,1.2898961744574784,-0.3860974658689317,train,-0.3862603219879328
1.7863897322028466,-1.06359399939146,0.9216732393315996,train,0.9216929410095962
2.7423014502102747,-0.6912093410945661,3.4177213494154635,train,3.417995554656435
-0.6996885988779491,0.5978085129863415,-0.3292134908324018,train,-0.32886542573232375
1.9600432878100502,-0.909432145880916,1.2412233299563677,train,1.2413397319478303
0.014755604775215758,2.583113432715029,5.510766629974955,train,5.510705922598131
0.6178983771589319,2.2906746248705323,2.9992265483954847,train,2.9997472455184853
2.3245412932326124,0.5980600155429174,0.7391412871041079,train,0.7388560272202642
1.7038082692657266,-0.7601977190143561,0.8298921227867264,train,0.8292531205834462
-2.4234009766337348,-1.3189663296044287,-1.1992893206057458,train,-1.1992261759807652
-2.65998962407513,-2.9188963100501697,-11.365938348299073,train,-11.365467801247503
-0.06283023976400681,0.02933720884243085,-0.003826512095746748,train,-0.004000263096456447
-2.941634244061766,-0.746972265130839,-2.9321262709798517,train,-2.932248391913841
-2.6481479581356915,0.7514188916001032,-3.0796186088544824,train,-3.0793274125373657
-0.8553599352338983,-1.4507957002246004,0.516648276511426,train,0.5171868279128305
1.9907402912744097,-0.5200291203121186,1.136228417793128,train,1.1363541850280579
-0.8137574264779328,0.22317810236672653,0.03684884920282394,train,0.03684953030491092
0.8120609078752157,1.5556765759223463,-0.2832713104814448,train,-0.28290186808386003
1.9709648432162226,-0.3715802987204666,0.9660839110676367,train,0.9660881091297746
0.9093772444396739,2.6073215736071265,5.429380492658455,train,5.429267571764976
0.014338427384635644,0.5640596857910736,-0.5943086933417281,train,-0.5941664281456595
-1.0714033487567618,0.3038185887981275,-0.06083241441647669,train,-0.06085302754306751
1.6552699173004317,2.2092653032679834,2.8198574016245774,train,2.819730783616657
0.381394020647595,1.4583857292990001,-0.37875202830855303,train,-0.37872606381441626
-2.3094372865741732,-2.502610753005268,-6.142626853315013,train,-6.1432202935039335
-1.9206332328908216,-0.7778833576756056,0.24144838455694628,train,0.24135207344218748
2.364495717050728,1.10886008109147,0.8127344108481513,train,0.8133769106119391
0.17907317010479273,1.333564041839163,-0.5028644458919451,train,-0.5029125728821778
-1.4729047112461628,-1.2401761687944721,0.6318672637790784,train,0.631320369726144
-2.8952803079255665,-1.6903812769887074,-3.7929638021320504,train,-3.7931770194741175
1.461428493160958,2.9074684812207443,8.693537283820017,train,8.693559616611989
0.8299111727583717,-1.0168528019814624,0.39388084246102073,train,0.39447289570275446
-1.5714751849147335,0.25130899528783346,-0.28405970048007767,train,-0.2840704749318239
-0.19647943140044966,-1.0346454802809406,0.7845078300590043,train,0.7847516575603589
-1.4042471862235744,-2.6227471996698357,-5.725070112636087,train,-5.724948134396609
-2.286044616351612,-2.385862576090772,-5.1738871929576815,train,-5.173790078918016
2.0957252969845417,0.7693286384954829,0.09752507468353988,train,0.09717414733306434
-2.485710675071168,-2.461929505344017,-6.335546614484113,train,-6.3350280304861055
-0.4367551157745302,2.598297240656606,5.854503547364073,train,5.853994385718686
-2.020264607409281,-1.5456394720658175,-0.6304972511496765,train,-0.6305903596642742
0.995812409319206,-0.8631238432777772,0.41383416442191134,train,0.4136819538203705
-1.1106062157628107,1.8012160877082035,1.0417833868770545,train,1.0417912198264094
0.9822796651386669,-2.0792445295789777,-2.3010463843393048,train,-2.3017764478209313
-0.7376130248388382,0.38098055099657024,-0.14098427539327663,train,-0.14132022793243076
1.245076153336945,-1.3598668983433535,0.1379704955180341,train,0.13794094249059186
-0.555610838385455,-1.734687716273264,-0.2848334875328158,train,-0.2849533148603121
-1.673837547622618,1.4677377515308816,-0.2813553776782859,train,-0.2818472665337043
0.09336618182763345,-0.13035799224942135,0.10880167882409836,train,0.10911364340232803
-2.2482787533504895,-0.3192479598692892,-0.781932541289506,train,-0.782431434291366
1.2433794719790683,2.0186493076885323,1.4533246445172727,train,1.453120789101354
-2.443835078111264,-2.5796141128847654,-7.184527029402034,train,-7.184256576946692
-1.2480774441281848,-0.05383651886744878,0.2997391509941316,train,0.29936859559418
-1.6908613764754223,0.3031437114385578,-0.47125156049080186,train,-0.47120112636532413
-1.4232342354755396,-2.945326343128517,-9.105846053028458,train,-9.106212380226767
2.213176482968297,0.8058582826295146,0.35614119666965616,train,0.3561703372290116
2.5036914146168865,0.8859003702494905,1.1715730308363757,train,1.171070507655881
0.1605254629564583,0.40408585706276656,-0.5313478059698931,train,-0.5317756270862901
-0.5997707232915319,-1.7044616099979306,-0.1738030854646646,train,-0.17339823919709468
-0.2405502530921324,-2.3579137293921555,-3.6077261227958566,train,-3.6076169208778874
-2.873385923275566,-0.6604232608989253,-2.6595579178001523,train,-2.6595417104471464
2.957732864329313,2.894221263261978,12.344772539110208,train,12.344879381691516
-2.0302337810677127,-2.2866858884149055,-3.8929864536927345,train,-3.893414912718722
1.9560331220133795,0.4902856610270212,-0.01064971532139003,train,-0.010438765123797468
-1.7655145212358505,-1.0233242487578509,0.47430119565601325,train,0.47407921761844335
0.49701892226667166,1.0302796297431036,-0.9134809081257008,train,-0.9135131105840698
-2.745430443809595,-1.410313401655079,-2.4761290877017887,train,-2.4762735220974985
-2.283051798436298,0.8231451635717142,-1.9473817302184608,train,-1.947138158901142
-0.27796367034359415,-1.5714256240834052,0.08017495910745764,train,0.08026293881235191
1.8483252188643018,1.6616231906559262,0.6386423701268606,train,0.6386921642019979
2.6821761008637974,2.7055720770142475,9.173933743088668,train,9.174019539965096
0.112205754939251,0.434108935987803,-0.5358470257678803,train,-0.5358436149081582
2.4337319708890846,-0.5175442883847865,2.217898366635553,train,2.2175160853485423
1.2052622413846077,0.7641696233900155,-0.9463477076910731,train,-0.9459528234141333
-1.0483164331961397,-1.6320732645346772,0.0785863298442715,train,0.0783748813124142
2.894304309181332,1.7607090111333563,4.01829666300679,train,4.018599112372382
-0.3949079452073825,-2.6600362572687595,-6.033752696114076,train,-6.033705457672376
-1.3549787959517101,1.057121714391847,-0.4979259780492499,train,-0.49783605219395544
2.7998679785076446,-1.2121835689876028,3.5538806896029844,train,3.554007241862815
1.6624517466754094,2.2053274776954557,2.8040711876086966,train,2.8041454575963964
1.181217657940178,0.17830765136840965,-0.472118757631553,train,-0.47231442998573603
1.8211556702438374,1.0537588512077467,-0.382025592691684,train,-0.38185700996381744
1.1886500573658534,2.5608101817865148,5.065163793432165,train,5.065163932892368
-1.705833844095666,0.8596738497528158,-0.8537760313177392,train,-0.8539389693993894
-2.454638447056628,-2.664443146634553,-7.99109472001601,train,-7.991153194369843
-1.7200035939991287,-2.7563888049945975,-7.321106622976003,train,-7.321509669724271
-1.2931394397286184,-0.6458480485189504,0.8544093656044448,train,0.8546496707281799
0.35587721797664074,2.252205413924962,2.8405054470317483,train,2.8404183495765745
-0.43184614914070085,-2.902271941935809,-8.54064069435007,train,-8.540899605234703
1.073717398662879,1.9138260324149048,0.9190352643685773,train,0.9186754469812501
0.5601216937435578,-2.4872342622606594,-4.953664913028458,train,-4.9537550427210535
-2.858448472475522,-2.92903601871368,-12.291522405887196,train,-12.29166531438966
0.08637994577644381,0.9737126115412456,-0.7499198271754732,train,-0.7499327524245538
-0.06958910358042658,-1.09089634423434,0.6946895319794251,train,0.6945344518441604
-2.620965030840562,-0.42514714594208414,-1.8186852818877859,train,-1.8191530980207629
0.8775090675643131,1.9979207075122112,1.286418114320346,train,1.2865791989297086
-2.3701147595738696,-0.7687196496890509,-0.7824061279336472,train,-0.7826060888945485
-2.7495249322890896,1.194770974361095,-3.3634280057079247,train,-3.363470893705092
0.56413881443487,-0.32875068845545674,0.13057395147029366,train,0.13047569037664067
-2.9201361613309618,1.385178118415925,-3.853376488287914,train,-3.8534102825448757
2.1871842480945203,2.9257868735865364,10.01076563689589,train,10.011815009634766
-0.3339044116819969,-0.44990222503509725,0.6538565240155461,train,0.6539545464492919
-0.29369286455225385,2.567629558083773,5.524457794523708,train,5.524322968941245
0.09776754228187023,-0.8829984987771922,0.6666703916795595,train,0.6668723714923231
-1.3441768430439784,-2.6347694317309167,-5.797220881755387,train,-5.796437436952496
1.1584115108623134,1.6844530633033754,0.1000675454083737,train,0.09998257639940533
-0.5459521131382359,-1.3353647600929424,0.6522574854415357,train,0.6524940858913634
2.033023589895712,2.655465137513531,6.840002225715541,train,6.839512296577783
-2.126247731027309,-0.7558070981289156,-0.1683060729821242,train,-0.1683093768487278
-0.058676864374384685,-0.7412359431005591,0.7151522591261091,train,0.7154946321300585
-2.6472200429419575,-2.642225364758086,-8.43909994497535,train,-8.439219923690068
-0.8429622547515949,1.3123041101842605,-0.143096069409961,train,-0.14281275272560917
-1.7592075254500859,1.924704526986654,1.0460972750559332,train,1.045721273643623
-1.6474595879180156,-1.3223919207225483,0.3600716170977116,train,0.3603309044694109
-0.03323993266121228,1.2390431557673312,-0.5191323289563947,train,-0.5190953671045531
2.3517951618344197,-0.7413224877191569,2.1115169841857293,train,2.11152713297656
-2.5988181020528676,-2.749249623906192,-9.301827544634248,train,-9.3020074338683
-0.5946506574384935,-0.25460881975458616,0.5525485082073265,train,0.5528089405913675
-2.1017999455546454,0.14673031370075162,-0.9805636068700536,train,-0.9802724130403637
-0.09124999349800955,-1.762075153647289,-0.5755781455156539,train,-0.5750586591288418
0.13992421821506973,0.5251305777249091,-0.6271653314323444,train,-0.627324179494341
2.6236258561991823,-1.0609927016905645,2.9760955198662686,train,2.976517815790802
0.30039828932837054,2.113196587005838,2.0377316314672957,train,2.037734146625113
0.352922147298413,0.8097511668950297,-0.8738952118056773,train,-0.8738422942197537
1.4060018422688385,2.681930791434611,6.279803162045173,train,6.280430837917315
2.308687185814655,-1.8102242000208069,0.5130304617361308,train,0.5133524630386558
-2.7943031655293327,-2.8524488813063797,-11.147991038149964,train,-11.148197216139062
2.2714323106847996,-0.9323213643982529,1.9217195632829824,train,1.9219175167083746
0.04699140926707823,-2.4889805367659776,-4.746345527578024,train,-4.7465625649555685
2.4757932263272195,-1.7115640221208546,1.3441091151154918,train,1.3439408814262774
0.37334033133965505,-0.14342698187517255,-0.005625567788355379,train,-0.005584412164747092
-0.7093491343730918,-0.5116484851025689,0.8302964921250385,train,0.8298113834345658
0.09839441514336755,-1.136113108325983,0.5811083441925036,train,0.5817620282577227
-1.018196664204785,-0.252467087984221,0.59289488350424,train,0.5933026303953752
0.558708643269398,0.8003281092337007,-0.9485521604451055,train,-0.948484451942925
-0.09436296988802617,-1.0967750982660762,0.7034796077331208,train,0.7033872273091182
2.5819852161156307,1.3084704789581978,1.7015928336950625,train,1.7017706683235192
0.04655165985382137,2.4108992516802217,4.090263083249363,train,4.090195417616631
0.3570975306145958,1.1895020028532362,-0.7553217280048812,train,-0.7553143942122447
1.9576872531366298,2.899921912657053,9.235347731638646,train,9.235521395703989
0.6128845908267917,2.3078328378985065,3.116067041159152,train,3.116002435974866
-0.598677280194396,1.6617996606008871,0.5568589100653916,train,0.5565264489741422
-2.1495947920829233,-2.4339630889976105,-5.200611510896115,train,-5.20075180048876
-1.880385443355391,1.635326548498751,-0.16527998525957255,train,-0.16539163490552844
-2.2375982699661825,0.10424108064741966,-1.2463858068911058,train,-1.2467728423309552
-2.3577933766210126,-0.5327769491376975,-0.8788697684271134,train,-0.8785428494321026
-1.618008020822013,-1.5867595294888575,-0.13163353619212093,train,-0.1316046173730297
-0.1286717296652542,2.2113020248344504,2.8168223167058017,train,2.8169409612516194
-2.366827143445863,-0.8947845169176705,-0.7527767849280833,train,-0.7530224302046264
-2.9631004684679114,0.8248212370201782,-4.430843221173783,train,-4.43008816718559
-1.40782002349201,-2.8508394933744934,-8.017924098298865,train,-8.018186861528127
1.0578563693698397,-0.9030125811087677,0.423275331328384,train,0.42308637939470367
-0.16359832673723895,1.865525498715894,1.0884801315447008,train,1.0890150557161864
-0.5728360148417835,-2.3822840046075626,-3.6524962980876485,train,-3.652290098452032
2.1313723095048225,-1.351752500917153,1.2578896508588864,train,1.2572165552912542
0.545615452067957,1.8445470940651565,0.6841223682325599,train,0.6843781956289454
-2.282273425730313,0.8785900861772085,-1.9516389024735838,train,-1.951297942450485
-1.4904846758083268,1.7857074270640796,0.7872459834730771,train,0.7869878163019834
-0.09915491411440547,1.9090879145139656,1.2374238018477806,train,1.2369432942761966
-1.1397759864206873,1.5461246814557796,0.26641092673416267,train,0.26599723487471233
2.393483986305837,-0.5327609830199938,2.109305016932072,train,2.109286201234886
-0.030502864578190625,-1.0400823479750083,0.7007789618015031,train,0.7005686098545193
1.695499376918689,-1.1650904696150177,0.7344076789053078,train,0.7344898292811898
0.6465774038015342,-0.5058863853616393,0.27310340926223076,train,0.2734375603656316
2.2941552777071843,1.3380663837926359,0.859990163604679,train,0.8598923668437043
-1.9489572192976146,0.4319816737690979,-0.9841909126771454,train,-0.9839034298057618
1.3276252396864,1.8646563304202672,0.8082633558760901,train,0.8078218547714698
1.5802970922756607,-0.9222856072031336,0.7136486408839509,train,0.713908095322776
-2.006545100823894,0.849420621932027,-1.3253568730615948,train,-1.3259634646289882
-0.12827570617250128,-1.8734442845853512,-0.9758524265201918,train,-0.975640964629164
0.4722297336707082,-1.7925538773501397,-0.9439500191767978,train,-0.9443540385547026
-1.2432295918614122,-2.676001851527076,-6.132900817482869,train,-6.132560768906612
0.6433114031145757,0.8903713047443509,-0.983928589038594,train,-0.9841537498140396
-0.969314431224308,-1.563431218118464,0.26786594663159247,train,0.26789753619323364
-1.039210601277823,-0.9967086342962067,0.9961155779928957,train,0.995887724422997
1.0994468635484607,2.4536885827924793,4.15797249685933,train,4.158081328216278
2.3231781446510738,0.43788241727721555,0.8626433296368341,train,0.8626666328711138
-0.6249214463105885,2.0269599250875787,1.995248957707996,train,1.995652350057047
1.521265673284053,-1.8323541044996343,-0.9337745325687363,train,-0.933508297625138
0.10432369278087172,0.7342509660276324,-0.7351095901090513,train,-0.7350374305044489
0.14552845719229435,2.087563107500905,1.9714926828176096,train,1.9708241679025
-0.890841672097868,2.5544571546504904,5.572915563742029,train,5.572683500307405
0.521291142946497,-2.2829308178821686,-3.4418557292899323,train,-3.441814121407273
-1.0913112839227879,0.16242644333669742,0.0929448187164329,train,0.09349821797276174
0.9835658088248538,-2.3236265443603012,-3.786039464762026,train,-3.7863971856911003
0.12922707213369788,-1.8359768055215038,-0.9553750106428203,train,-0.9554783427120529
-0.16184273416879513,-1.153115814039602,0.6971772542611462,train,0.69700666481022
2.8206814075470774,1.6629479408926962,3.381882118748427,train,3.3819044046250637
1.9904904645493495,0.6570593541229055,-0.06459586658456962,train,-0.06523441587085631
-1.6531741069911814,-2.1430725599599865,-2.426654721221843,train,-2.42639324228709
-2.9966001741235644,0.8947013643339883,-4.598903303151781,train,-4.5991634652954305
-0.8838537005226299,-1.3084336045653921,0.7539361569667518,train,0.7542229289719692
1.9083509668546288,2.584525253571675,5.966380167724474,train,5.966708074110067
-1.6639952688596438,1.2997650339955031,-0.5512966663360552,train,-0.5519886489398683
1.548995532862703,1.776353437196721,0.6397869331672514,train,0.6394803803785193
-1.9884309612714142,-2.149168558143345,-2.9626015773132366,train,-2.962315600971654
-0.12872725564260623,-0.9134635702752507,0.7789891222732713,train,0.779415035400461
1.4462980960090777,-0.21308956473160512,0.13278749394683909,train,0.13329938418209325
0.5648786987107339,-2.336713510233608,-3.8218305792963854,train,-3.8220239725699243
0.2671759804424054,1.4975600702117755,-0.24756708510007264,train,-0.24796087688911456
2.835222236339317,2.1771867797024806,5.688030649394097,train,5.687947855749947
-2.7825923115163835,0.6723057094681826,-3.572553561896484,train,-3.572292265540735
1.4290026092718122,-0.9715374221646165,0.5764523349871178,train,0.5762858876233325
-2.3383579453791414,0.9509734934210434,-2.0991723459896163,train,-2.099244465468936
-2.811024282863613,-0.12963762965874892,-2.8824747155141734,train,-2.8825589935827387
0.6042795920303714,-0.5108023503382646,0.28831499558844276,train,0.2886571277172511
-1.919257784048326,0.2115353737999065,-0.7034173187833749,train,-0.7032761577240888
0.692726832686362,2.810584853552895,7.4483676238836996,train,7.44864945284917
1.8101445208762916,-1.3424758279564122,0.6823983113470962,train,0.6821092773810958
-0.26141318605040365,0.11247888098163106,-0.007129381883808322,train,-0.006686357576325879
-1.4788649573546608,1.8678413720549427,1.109446813186715,train,1.1087851422011705
0.48593630873466065,2.7006218019117996,6.387535879456175,train,6.387850454484028
-1.3703128124921309,1.3179217112786432,-0.26641186609653644,train,-0.26634586574560454
-1.5911539325240467,-0.30126358412456966,0.3377345391515351,train,0.33722415054249555
-1.3730474358151812,-2.0198108759078135,-1.5274598652900213,train,-1.527387476825835
-1.3044854930047778,-1.6972866116009206,-0.19973354647440777,train,-0.20011858500930219
2.2718255310578677,-0.33525012514391817,1.5926127678181028,train,1.5927865353956592
2.204451245405891,2.591840212935016,6.635637867806217,train,6.635410692736729
-1.6880909675604396,-2.423886074569975,-4.329821746970121,train,-4.330316025408941
2.390801814061305,-0.4776558233827286,2.0564290256800275,train,2.056246857647439
-0.03380743694605126,2.7033877309274543,6.651422051217924,train,6.651244618576132
-2.895604249312081,-1.248085745081204,-2.8822304598778423,train,-2.8824426436795623
-0.2314265160267901,-1.4935046704265622,0.23976685189115665,train,0.23987620718367048
-0.3488342730429981,-0.6121238254135921,0.785796077717953,train,0.7855721351378568
-0.21171373953940753,0.49741622056468393,-0.43140443048821464,train,-0.4312187176911338
-0.3969059853507626,2.3039595146331626,3.5361691768542194,train,3.536273958123491
0.1555524143383602,-1.5696095887514183,-0.1269953060926705,train,-0.12747416488683683
-0.6486349075042277,-2.498407447171459,-4.529752610996737,train,-4.5298173890971825
-2.2148111509469004,-0.4440904028181567,-0.5763786718918058,train,-0.5756516948725483
1.4387770664410047,1.6013570923400753,0.007875178672953176,train,0.007984454567137363
-0.10815766392224901,1.3985647356480015,-0.2566672509305372,train,-0.2569076484926436
0.9702805665382277,-0.1412651726555718,-0.13433857245850533,train,-0.13418539297171572
0.15644800272145432,-2.146709890517802,-2.4478158847949145,train,-2.4476181856176855
2.1049606559949874,0.9863495132533617,0.10905968426720314,train,0.10937271062781052
-0.770845093222948,-0.3722822538051669,0.7147556300600839,train,0.7146614001242941
-1.6389525292407292,0.7487844629482998,-0.7496510519788842,train,-0.7493106004223222
-2.4135637666479606,1.3613890851788384,-1.9772410050515254,train,-1.9774521345974398
-2.12260589276934,-0.3904755305923573,-0.4125559375065513,train,-0.412465238544804
2.2479539702459936,1.5338986186169419,1.1117733332016484,train,1.11128640420974
0.00791048038311537,-2.942738120905161,-9.214295302272497,train,-9.214450073005368
0.23387125541186915,2.4251258836181324,4.106839947026968,train,4.106599103079085
-2.9003589150702345,-1.3816318659536497,-3.090176715759052,train,-3.0904123960951826
-0.5113989820613591,-2.21711862782605,-2.559758082937812,train,-2.5598388713010123
-0.304024642265988,0.1929481094367027,-0.08155403953354687,train,-0.08153069974217876
-1.5775099960578782,1.1601900600283028,-0.6077800411078468,train,-0.6081114838287163
1.4685841321886706,-1.6774507156124314,-0.4479202874872874,train,-0.4480283285640205
1.3211336702285639,0.426371841660937,-0.6722775458436598,train,-0.6725905980424761
-0.892245920868052,-0.739048345639929,0.9890857670579118,train,0.9893905244554344
-1.1619452687794123,1.4243945261534163,0.0029236961173999543,train,0.003062486230026818
-2.986734833190361,-2.3406809392551304,-7.438546279204083,train,-7.4382857723096425
0.8571743797969025,2.3247747115246753,3.1898570763297727,train,3.1892821264297875
-2.3915256528884345,1.21967157417233,-2.096268056323941,train,-2.09582807488776
-0.63621682535552,-0.11889307588542453,0.40843526129301866,train,0.40939024228820314
0.7524690857198126,-2.483297029750948,-4.968020577842536,train,-4.967693873101409
0.25192923395854283,-1.500440207048661,-0.01122459736171888,train,-0.010618589587283376
-1.6846942410725307,1.940196898782972,1.2096164787314045,train,1.2094625719044423
1.8257331401921242,-0.834981270650397,1.015182907267991,train,1.0154507622678148
-0.918781668993903,-2.869376450738767,-8.064726130744017,test,-8.06469850428287
-2.163729171577164,1.2940858997739642,-1.4134591643351109,test,-1.4135603235468848
-2.455407546714704,-1.2563644394058398,-1.2169574282425257,test,-1.217235403040238
0.18166630459337796,-2.2678149229795843,-3.1999246780629567,test,-3.19988697904271
2.6789001107034585,1.220805560699513,1.9503353925184652,test,1.9501937198900337
0.9231091067194486,-1.8068881578619997,-1.08557160998558,test,-1.0861583839177302
-2.9793932952944013,1.2688337083297774,-4.301017769464796,test,-4.300627894414641
-0.6860979946131902,-1.870006351710862,-0.7471716423766597,test,-0.746328323119293
-2.471072748225544,-1.1924915058322347,-1.1991298828089376,test,-1.199154261588369
-2.653853588540638,-1.5434145378134303,-2.3974673080156395,test,-2.3973930754503363
1.8144347634139741,1.1744610410778735,-0.3118822688607421,test,-0.31161423696894874
-2.2340471115804057,0.8013709645532074,-1.8173140761781932,test,-1.8177122385765514
-2.7821028089214854,-0.3944177691194368,-2.473074733503039,test,-2.4729191984298535
-0.8672974991482154,2.4948798087368154,5.073912335477544,test,5.074556535031767
-1.8869929860493977,-1.3477448142961155,-0.007061644659843824,test,-0.0070257668310322995
2.886259665795677,0.006483616499121547,3.3578842247630716,test,3.357690947246292
-0.7109035936457717,-0.4205708379603963,0.7510857043660069,test,0.7514243701101979
-0.975218868978053,-0.5926839133626447,0.9092361000751991,test,0.9090576517804555
-0.9897972926458252,1.2264962725332964,-0.24833255705306445,test,-0.2486934280065934
-1.4029121233865387,-0.20947280528062595,0.3959959288542744,test,0.3959196413628513
1.8711145166875172,-0.7056178137816373,1.045702204601866,test,1.0460921549123745
-0.6182108590834288,-0.48716179726243647,0.788637213513864,test,0.7886909865987815
2.026564572429698,0.9802396620526204,-0.054023004244127204,test,-0.05412436859417255
0.14646168198244824,2.432586941135943,4.20568452529575,test,4.20583525256667
0.8452853526940824,2.963423841624567,9.154258794350781,test,9.154054213040071
-0.5501545382330502,-0.11770900515807581,0.3822095654776809,test,0.3819742528478549
0.2729648613371891,2.816587159500782,7.659903530010153,test,7.660375885785258
1.4916327584767117,-0.7262976407399082,0.5979439026677476,test,0.5984148371060543
0.6844404102550605,-0.7767668810894468,0.41968879288476824,test,0.42004626247335486
2.382781923737233,1.694243961080263,1.9128684603533994,test,1.9129092115987443
0.1261550983879176,-0.3736509053883441,0.3596214562873085,test,0.36029754567415223
-0.678422135265575,2.0329288348798014,2.0380905998552277,test,2.038195782271525
-1.1872892628709752,-1.3108063073213247,0.7057560288118055,test,0.706115772895278
0.045348942069435516,2.6377660077465976,5.988561680998124,test,5.988271979718231
-1.3461852251988824,-0.045008909985466916,0.2391423948299965,test,0.23921040219317663
0.01162212241695837,1.144326729961938,-0.6297642430942458,test,-0.630021077217971
-0.44908370612003345,1.0872422555663492,-0.4556505407514173,test,-0.45564726838782915
1.5456460825273277,-2.0773926885871172,-2.023992166847286,test,-2.0231547003725914
1.516761502977718,-1.1482506869516451,0.5604293206493505,test,0.5601666996192736
-0.25174489113683585,2.3841235264827914,4.037466015173212,test,4.03772352345507
-1.4092002112375102,1.6045899065194216,0.28507736353025603,test,0.28508828952493676
-1.1164647729928043,-1.2289559881332455,0.8265800537269209,test,0.8264572876050245
-2.420056207378029,-0.7137637729185422,-0.9499670674560883,test,-0.9503867550647919
-2.55756225513739,-2.1356490072997745,-4.374650804280682,test,-4.374295316590858
1.7888945173092434,1.7274254057245155,0.7549035581854309,test,0.7550896434530256
-1.2357389088196846,1.6411035428247565,0.4810651516897323,test,0.48151117335075744
2.7535951890136348,1.975689925285765,4.2839893090088434,test,4.28421709926699
-0.567966716459801,-2.945493063297312,-8.9955135217104,test,-8.995930933900063
2.6319935321079253,-1.2262089368450861,2.880166328106305,test,2.8803232623774426
-0.31430494691541977,-1.8405903621220823,-0.7581000352882992,test,-0.7580379867855649
1.6095205678571265,-1.8667072164121685,-0.9831609366057497,test,-0.9830463542388437
-1.7065947272347755,-0.46984463503187346,0.3711712141997682,test,0.3709542974343207
2.3372988204980487,-1.5218667328587392,1.4489260645111255,test,1.4481566727298403
-2.2304279045516564,1.641469725722859,-0.8623333426509385,test,-0.8623489361238605
-1.1130133460563554,-2.033894375057906,-1.4854121817736976,test,-1.48481335545007
-1.8027840576448286,-1.1186739720506411,0.3720083131777946,test,0.3717734941029196
2.325861253299405,-1.0628300824609238,2.028584932396156,test,2.0286293838023517
-2.8258470532943383,-1.324323604091576,-2.672319723843192,test,-2.6723482149988813
-1.9732127579767516,-1.1100187017750889,0.09821091437508922,test,0.09745002283762326
2.6921063018114815,-0.7737434236567879,3.2530008408692286,test,3.253328808330613
0.8409758114404635,-2.219045758937033,-3.1021513046672644,test,-3.1024007049563855
2.547195702954528,1.7920023726432923,2.758649336853685,test,2.7587086751192897
-1.0043704050000466,-2.821351316007189,-7.5438379718202135,test,-7.543900764836599
-2.918837305290152,-0.5042838568017793,-2.9730327764108866,test,-2.9727193791063624
-0.46212959121543395,-2.3485228731668877,-3.447155623323358,test,-3.446951115189597
-2.3097252434300004,-0.4574061326359875,-0.8084979868232802,test,-0.8084907694424025
1.3436874705429602,2.9143550736218318,8.692621781219831,test,8.692310582461277
-0.12366086792050446,1.609659509504433,0.2151777197428566,test,0.21542757054193898
-1.4422173425075784,-0.38209746617275864,0.5517730282529187,test,0.5519199792199249
1.3850920621552616,-1.5218720219978623,-0.09724498797959558,test,-0.09793425072874967
2.7623031873831128,-0.9060038383879503,3.549660421429768,test,3.5494454419228543
-2.974325500287696,-2.062821704530092,-5.68888593691437,test,-5.689435306567503
-0.7832521311677887,1.7332619324868164,0.8191393173156571,test,0.8190592545570748
-2.9372006736388796,-2.348394091723342,-7.256903263441528,test,-7.257078660446959
1.5858294487604718,1.94899936666102,1.3676453379600533,test,1.367817361973893
-2.4754632097044764,-2.2562654164094353,-4.8316601744246945,test,-4.831572891547185
0.5689548290113855,0.17396509237856606,-0.45376787060276014,test,-0.45318677373986344
-2.179636665765553,-1.4267213041973703,-0.7211962821997966,test,-0.7205848413671543
-0.3656460977018008,-2.2875300669982606,-3.0670046174837697,test,-3.0673775584359384
0.697333677105421,-0.2557939673128815,0.017736634938333606,test,0.017593363105556162
-2.8666956907297627,-0.20703336999666866,-3.0343181626466667,test,-3.0345733339397327
1.7361712536373037,0.33079897537532954,-0.20028012280756635,test,-0.20050457986697143
-0.14735037354456182,0.05461749022279916,0.007575804240375253,test,0.00756301859339733
-2.055576907550039,-0.18490336286840092,-0.49061382717742963,test,-0.4906319500310715
-0.16836330997285476,-1.15876870011081,0.6957842215851369,test,0.6952504009414028
-0.7682152718453521,0.4593145497058235,-0.209292232874579,test,-0.2091522916865443
2.653982483826173,2.786503033733263,9.8859750968814,test,9.8862199983343
-0.9427154541271658,-2.716426599757779,-6.458710850103038,test,-6.4590807477874135
0.4142003923861086,2.391361956691326,3.775113262823799,test,3.7747546847374616
-1.8410719562157116,0.3656545606428562,-0.7418844895049109,test,-0.7417117209260322
2.377700490223245,0.23801943210960852,1.2207154661209318,test,1.2201930215854235
-2.2407398758209163,0.1705374427633879,-1.3319080978886266,test,-1.3316052569758654
0.661285801206569,-2.1275594317353455,-2.5349442724964564,test,-2.534997800556616
2.083980030728659,1.5720727058456707,0.8242765830699632,test,0.8236513008104165
-2.26533594424847,-2.025615065564073,-2.917287300893241,test,-2.916834533349597
1.3775262319903172,1.5597564561029897,-0.14035891951064272,test,-0.14059295802695385
-0.16790181122273395,-0.654392894123796,0.7281603598385773,test,0.7281713376254274
-1.2768465003714466,-2.8847592701144062,-8.31945048032453,test,-8.319283474023173
2.5514174532308083,-0.5980267918239957,2.6567937240196535,test,2.656827666936268
-0.3384669139222818,2.0324518013003052,1.9204236053354038,test,1.920741792719206
2.0558760062767023,2.554294268221921,5.97743602825509,test,5.977396525165744
-2.273708470349977,-1.4757964806488428,-1.0502150617542503,test,-1.0499655736272104
0.5622863495225205,1.9964057930196044,1.3371985218096483,test,1.3368025782218715
0.08139077548353502,2.1161718122222175,2.1583087357468607,test,2.1583038030059902
2.557692181899122,-0.10251652905423647,2.190011706365061,test,2.189842225737208
-0.40293045494532587,1.4747638030937533,0.022418021121724863,test,0.022683969337965026
-0.8137214232627565,-1.0178758349776236,0.9932558704538873,test,0.993735946038766
-0.027481972079675288,2.5230018922647988,5.016267465535115,test,5.015897351515074
-2.7936218269822,1.531523106648045,-3.005340194589654,test,-3.0050695553229976
-0.8453217539937325,-0.6177984062477178,0.9253117793318935,test,0.9246753692479887
-2.607030972139936,-2.5529467140768736,-7.4962055056493595,test,-7.4966269159833585
-1.8571285658818466,-0.3506015309014088,0.0467179098956958,test,0.046798986215377515
2.3501650228805637,0.47845916474003936,0.9016535274950424,test,0.901739108606222
0.91078722811024,-0.3804547428775633,0.12472314280070762,test,0.12434345523739349
2.947558656811064,-1.1706069773546806,4.250633633883227,test,4.250881507032957
-2.2498294555867084,0.3846164646231809,-1.5857839172385415,test,-1.5848147174863672
2.1821593669892625,-1.4643878685931098,1.1742555870610758,test,1.174010314906698
1.5498503558578562,0.10056380176020152,-0.1505339264500316,test,-0.1507116644417733
0.2936979690799988,-2.3771748597704363,-4.005832759647065,test,-4.0057100669493
-1.1332601576991899,-2.5478283034722033,-4.936583656931127,test,-4.936803248125348
-1.4511956585854922,1.191927954419187,-0.4692688805869234,test,-0.4695217024444503
-2.478504823976366,0.9191173774709316,-2.520548111294974,test,-2.5204412495602195
-0.08177256709530711,-1.6854143284457868,-0.3305379348534656,test,-0.33033323739340914
0.2711777298543474,-1.3469496850160019,0.2628715673489561,test,0.2626634458482506
0.9612475111552259,2.309089652164872,3.0820183929595775,test,3.0818899060387888
-2.487202209145618,-2.327914047115163,-5.347852637627021,test,-5.347786135231429
-0.6231677091197128,-2.0605392021722047,-1.638510178380617,test,-1.6384160209716163
2.334312446644641,-1.5630450953926904,1.3430928827849558,test,1.3429035409446222
1.5168896388906994,2.15408571372988,2.352281720864139,test,2.3529689043330007
-1.2532280887503862,-0.4019359758634733,0.682811173425661,test,0.6831436658588493
-1.0625549210009126,-0.6628451233122893,0.9411467991636635,test,0.9413568708910448
-0.7729410289187166,0.14156307700181303,0.1256564486504107,test,0.12571431931552415
2.0396644282155885,1.878218543389257,1.736300938650316,test,1.7368310126962139
1.7782704566857905,-1.3990711422631614,0.5451448353619146,test,0.5453342575343143
-2.8619165147218952,0.9303822018000409,-3.9709691301034167,test,-3.970885099959594
-2.2038350816954333,-1.3613667651041585,-0.6667226091132619,test,-0.6670238905777592
2.5546479747146185,0.6850979970637998,1.3957791095877483,test,1.3954284109227137
-0.7293710666961961,-2.421581241852243,-3.907163109833567,test,-3.906760309244166
-0.12785684176997503,1.187122451875474,-0.5245546214929314,test,-0.5247478201883967
2.125001602219685,1.7350575620166522,1.3862051985429544,test,1.3859053390505371
0.2572979512305311,-1.5954835135187522,-0.24136762207710216,test,-0.2413636717633681
0.04639700777411049,-0.25601959566361354,0.2756544520334729,test,0.2753418159311322
-0.18213111879321353,-0.6243952279193614,0.7174152148763208,test,0.7174282045029085
-0.010523674499710367,1.8566162600259224,0.9772224371837028,test,0.9774293637758393
2.5982554359815637,-0.8481132161680534,2.9217147029517623,test,2.9217668628617015
-1.641909391684611,-2.4970233720838033,-4.852518272693807,test,-4.852789441073176
0.14737376131258006,-1.3008741637543941,0.38728478317785275,test,0.38726230866706896
1.3052028169155898,2.2941430231720576,3.0762669001359626,test,3.0764688299384364
2.4207752618765603,0.8201928943465395,0.9184821138360055,test,0.9177782074162172
0.5333369722730876,1.880429595197752,0.8317714237936296,test,0.831515505282603
0.9823443361604833,-0.6237009327462428,0.3255507643703842,test,0.3258344452524987
1.714217845659178,2.4478166806348494,4.546393521037741,test,4.546453215432259
-2.0457392971341513,-1.426440918685623,-0.4289189004109639,test,-0.42896041588022704
-2.2510681438978444,-0.2864671361262905,-0.8238306287559192,test,-0.8240763649755403
0.693229223090964,-0.8860433400949985,0.4354617171163191,test,0.4354961608139192
1.0121594330017123,-1.150778751201371,0.3202561213231774,test,0.32057288055296407
0.28138026962107165,-2.232249898056666,-3.01911782396097,test,-3.019213190979954
-2.720122019716279,-2.799626918283732,-10.277271106490224,test,-10.277110527387295
-0.3813118870600283,1.0134564052194777,-0.5161227590790866,test,-0.5157708455544192
-0.6163907685823831,-0.37534139269980327,0.685327786589844,test,0.6851886521846402
0.6224702860466196,-0.6719384989918205,0.39163810711045144,test,0.39215147852953736
0.2935534804882476,0.2535294224928606,-0.43780465584902156,test,-0.43814516973550494
-1.1337223056109194,0.6670476698921823,-0.37663436718027365,test,-0.3772063260294013
0.358945486885081,-1.7600846595510728,-0.7844030920239646,test,-0.7842521793071435
2.7646831510781213,0.3816640599062271,2.4138157314042488,test,2.413793491984295
2.197269073575022,2.398164553364822,5.04140109516124,test,5.041550436957297
0.9192398538037576,2.7983188094170828,7.293990455279845,test,7.294348905821837
1.8442547964744698,-1.421655686668375,0.60176561943987,test,0.6014398073929429
0.31052878649436,0.06777204431824613,-0.23044646436804456,test,-0.23006193475058284
0.45820662714066085,-2.277698719165931,-3.3848740891058897,test,-3.384637622679162
2.553757561675674,-0.6459028265247593,2.6944291018825224,test,2.694542787231865
0.20522161370835157,-2.7001008399894886,-6.703363906302922,test,-6.703968971555884
2.7331960184991733,-1.091268631128771,3.3767382264078956,test,3.376942179746822
2.243423946220524,-0.9156367795989078,1.8514300363688485,test,1.8514314246340555
-2.768901167360297,1.1880351331201733,-3.448508727198782,test,-3.448682050265084
0.9926634077553955,0.6476558727410244,-0.9420562296730018,test,-0.9417061973213803
-0.516634642313694,1.7232656911117779,0.7215627247960701,test,0.7212725914337115
1.9043284313945863,-0.6243814582119225,1.0565820468049556,test,1.0565259030647596
-1.7723067567778505,-1.9404347584793569,-1.5518602035069597,test,-1.5516786789229189
-0.17027846197650742,-2.548855517817857,-5.1367511003768325,test,-5.137054872078247
0.6484250082850211,-0.139710396748705,-0.10339682505660086,test,-0.10376985606330595
-2.363555328682477,0.8488414589762028,-2.171773607633922,test,-2.1714254240276385
1.3977962017711887,0.42791561679573586,-0.6270062361560947,test,-0.6272433046360409
-0.5654027424047423,-0.4327527845549699,0.7253332104804003,test,0.7260704189017322
2.4972327410442166,1.5718968316217596,1.921709919821514,test,1.9219022728811594
2.8029625416260746,2.2975085416556973,6.309610710699683,test,6.309228675280972
-1.8390844085337232,0.5287618538518538,-0.8850958249015414,test,-0.8848993009891202
-1.5062251325316791,-2.9530428829899753,-9.262624347957466,test,-9.262179943349247
-2.795492838674023,-0.8030193715885514,-2.2667723083465554,test,-2.266929417830061
1.8790314387962503,2.767070157382724,7.660163149844356,test,7.6603113553131745
-0.5052916369476721,2.4341904360219258,4.517448820238071,test,4.516550796666423
-2.794030421992083,-2.9025218559823527,-11.708678378759274,test,-11.708809270293969
-2.847187709189723,0.45171496342124895,-3.6885115142500697,test,-3.6880955725771307
-2.248750891608048,-0.6323391110993577,-0.5175718268169502,test,-0.517257287415048
2.0690772192744546,0.3564041623701577,0.3319895672196782,test,0.33170335291747316
1.7770382230535064,-0.6387639141812078,0.8700128777546965,test,0.870576032364589
-0.3278703719943241,-1.5190046165678681,0.22723492203020368,test,0.22720881562050338
0.9193283074601242,-1.559359568074512,-0.3289070623203896,test,-0.32914920114844454
1.4795624425311225,-0.2575164582376188,0.20848347637018105,test,0.20863926182654235
1.1620303509499843,0.6999771452951014,-0.935683252533647,test,-0.9356914319503867
-1.4547304237716023,0.4743565744450171,-0.40420612311441495,test,-0.4039682314015931
0.5088212872156728,2.521348301468051,4.760672322946486,test,4.76125091098709
-2.1849631937558347,-1.937341888680019,-2.3046454804384418,test,-2.304472927838939
-1.2100815027489584,-2.3629738732610623,-3.510778649846865,test,-3.5107182185368546
0.9491235162069871,-2.4732109037735386,-4.899741670787042,test,-4.899654026766127
-0.6819664502447917,-0.844965438485878,0.9898696527863475,test,0.989536973079143
-1.1837291261278824,-1.263485234909871,0.7678044105819566,test,0.7680087131075144
-1.0356433348118148,-2.043523537857792,-1.5189727585101997,test,-1.5188469161982003
-1.9757145135647243,-2.1681446209732123,-3.048851418256018,test,-3.0487809890188378
-2.74932602637003,-0.4956485455504056,-2.2477586909945684,test,-2.248022059256184
-2.4766802755161774,0.3128522942480936,-2.160136373688263,test,-2.1599804128232245
1.6889202809408168,1.1745405931615585,-0.4802299851787881,test,-0.48049330994972245
-0.3546234594328075,0.1792814213711691,-0.04386409269403538,test,-0.04426616022605799
-1.5867348178825682,0.9632427278994842,-0.7146510983117205,test,-0.7146412189921705
1.6932343716180789,1.461291305527677,-0.06905125166213244,test,-0.06864381779552273
2.272327399006657,-1.2021176028571925,1.7844150181594585,test,1.7847492326362244
0.28414662105272637,-1.522170769152958,-0.07431779415374606,test,-0.07486443824782511
2.1534479772309814,2.6908662769452323,7.433450016562626,test,7.433251574798154
1.2341768141213159,-2.3254965762030544,-3.7385811444531862,test,-3.7381515283724007
-1.5813109688357987,2.0762125344026123,1.9832943840213155,test,1.9833201259758018
0.5732873119745783,0.6437041995317268,-0.8880445060730437,test,-0.8880967508585355
-0.40162307569310496,0.42025699336155187,-0.27934126049826147,test,-0.2800069727815143
2.4246690012783505,-0.27169203851120516,1.9546036560164919,test,1.9546873071252133
2.1614611474322425,0.4141190505813257,0.477468398776121,test,0.47730391489285956
0.012647003654223443,-2.2431693232737446,-2.95811926982378,test,-2.9578903287035874
2.3471568858542007,2.2091331300336066,4.15220970653599,test,4.152212362597754
2.865516970196766,2.845768681434477,11.381264200631966,test,11.38078822257369
-0.6686148929183062,-0.6677836274949867,0.9269734564816833,test,0.9270309816001426
-1.5163547847477958,1.6984222979547805,0.47241707640761876,test,0.4727164896204705
2.5022509481321737,2.383857088343637,5.795155954717049,test,5.795500601833173
2.168528174138375,1.8719235304011361,1.9886361599789293,test,1.988289491682556
1.791960092840843,2.566619261592049,5.628763349848285,test,5.628810082731216
2.6633318652337135,1.9429549089283653,3.782569133562604,test,3.783041694783486
0.0657708705079103,-1.1972972452367572,0.54575297282422,test,0.5460671238483988
0.23001297740505056,-1.869974862159897,-1.1380724871874897,test,-1.1379970170017049
-0.43455413705030477,2.7710392205242473,7.514549738694498,test,7.51409729190097
-1.761560855132631,-2.4739434228118244,-4.814502969357146,test,-4.814592741912726
-1.3159782500629216,-1.2083171306499252,0.7700779786300259,test,0.7697693548990701
0.40905129510320526,1.9782027982841928,1.3059566949623862,test,1.3055463591468581
-1.869301591733974,-2.3787170593877027,-4.2470057634943545,test,-4.246793992925497
1.4528742493557028,1.47129993621677,-0.28616021504869593,test,-0.2865385744000126
-2.2208989003039834,-0.7814648981690344,-0.3812768110053224,test,-0.3813562128441495
0.5431465868555208,-2.47832671767023,-4.876604070955855,test,-4.8772567815812
0.5409022403585757,-0.979978300241745,0.4666090199585917,test,0.46662869677962165
2.8652208306156,-0.1963340619885483,3.503606993521177,test,3.504040273182661
2.7296617974975463,1.6059746698024142,2.846799241887641,test,2.846309467759639
-0.13960185785286328,-2.8542441338248885,-8.131999249520424,test,-8.131972975502757
1.5134124727698897,1.1157722107104204,-0.7078246809006858,test,-0.708201890677906
-0.3423804929061327,-0.1834684710869665,0.3802375053183058,test,0.38051594302010827
1.3125245032892146,0.6731794341796036,-0.8593224326950363,test,-0.8598198038486686
-1.8985638711595847,1.1471399691892268,-1.0411997107019055,test,-1.0414340642682858
-0.5070443601710366,0.4312050835596821,-0.24990686354096914,test,-0.2501305683310636
0.06806289642417429,1.5637865356032807,0.0015517174102648301,test,0.0012674157358926654
-0.020082276184838932,-0.7455290641531578,0.6974868041289548,test,0.6973109791990689
2.198231211800369,2.5868012479508513,6.576033376368553,test,6.576139914911597
-1.074087240613439,-2.7950982183608906,-7.275121449718103,test,-7.274869696077372
-1.423028668291055,-0.1556335614609119,0.3200601201207085,test,0.31988925283821074
-1.0078359953416636,0.46566379221785137,-0.20912917543260867,test,-0.20931733632437174
0.55840722296342,0.7995149914007884,-0.9482625725188939,test,-0.947719426543038
-2.5537824638259257,-0.7855926706659366,-1.3538683004204695,test,-1.3544069166066788
1.3827435471863296,0.1893719130146918,-0.38646694452884295,test,-0.3863760419913023
-0.9414287917901949,1.368735916007689,-0.05652319970457165,test,-0.056319747830011896
-0.5820360219179777,-2.995261278364241,-9.590231504334382,test,-9.589971054796104
1.8501121874266335,1.0329607448640417,-0.34696495889677736,test,-0.34674562672574355
-2.026492613444683,0.34416865201760416,-1.0438005539731412,test,-1.0442577677422595
-1.9677650186760303,-2.857015349584797,-8.771821662586902,test,-8.771984445286606
-2.9900349445784973,-2.1812112438387494,-6.422651553283169,test,-6.422994103399964
0.7689650287572558,-1.894555122223918,-1.4201778529321905,test,-1.4196352962878458
-2.0333047120479044,-1.1475273334941498,-0.04312747270185513,test,-0.04317665554128134
0.13209388424226853,1.4089572373604977,-0.35783152657082695,test,-0.3576278154871777
-1.6448771167425444,-2.679279518961217,-6.469164655725968,test,-6.469566444127912
-2.513227442210127,1.207339362110667,-2.487109153369241,test,-2.4870116893745915
2.9071126723208653,2.401186358962005,7.50105388544745,test,7.501234169143178
1.7424560442340296,-1.929023902690465,-1.087404147133638,test,-1.087271372768458
-2.192972421470209,1.5011946902939446,-1.1226691588226325,test,-1.1227953218121505
-2.5328588100753024,-1.2993811242726923,-1.5210923280342266,test,-1.5213185509430251
-0.34957677562367895,2.8132252291749533,7.9226386419659764,test,7.9228888004029505
2.8948032510214805,2.510335266845172,8.301614466844732,test,8.30185254958706
-0.48956090548876174,-1.4274167328143301,0.4800199104680467,test,0.4803253087607381
-2.104965075794838,-1.283620518696606,-0.3300404943281745,test,-0.3302112525135827
2.355856347455771,2.316688665335502,4.873961582110885,test,4.873807391326169
2.2240119439227595,0.4626445216127597,0.5824273390584904,test,0.5822335100874355
2.668959565632713,0.21894013505963117,2.210423521424711,test,2.2101036030793897
2.4026839845031773,1.4947038390348197,1.4487881220872607,test,1.4488042792559974
-1.0689952318308986,-2.651154223551562,-5.845412447037988,test,-5.845566665996524
-1.1351205354326086,-0.014806296092550353,0.2928059491127805,test,0.29296723732489727
-0.3464357609468589,-1.4593181823972943,0.36219503786304696,test,0.3619299229410648
0.7696700732113468,-0.7988869777117318,0.41008563427872224,test,0.4102508731670189
-2.1740116856815543,-2.7148812471266286,-7.715279567146186,test,-7.714806396342944
-2.05465715520206,-0.1172250652185749,-0.5676014955391033,test,-0.56812759709473
-0.7446422142130644,-0.5400843587748507,0.8590737991658741,test,0.8588474426059032
1.461414684825579,-0.19012010749970276,0.11823905769214038,test,0.11806301849178823
2.9862772317536894,0.8765384557158775,3.117981603800363,test,3.1180438414891523
-1.0932232116060787,1.6950407265471803,0.6863166384562801,test,0.6859380592739135
-1.6997013538720998,1.597969734123533,-0.00958157499350376,test,-0.009929658067355658
-0.08765007507694067,1.7564479429795232,0.6453698400172228,test,0.6458390706503273
-1.9739847947802724,1.2557576898625693,-1.0681696264669043,test,-1.0682493509689373
2.4223421047307765,1.846513760757873,2.5636965085397327,test,2.5633858916787364
0.3652010837560411,2.2169987323593814,2.6151092974332344,test,2.614983817205214
-2.8660636647636366,-0.5015964279689622,-2.736706377925093,test,-2.736244619385344
-1.6293573445909468,2.118024217413942,2.158680764306667,test,2.1589766671938198
1.0161793441785356,1.7427525538065574,0.2570050127004593,test,0.25720611052849246
-2.7758225597313744,-2.018128079103853,-4.577740896355875,test,-4.578301087474529
-1.4239255798951738,1.9781865206494464,1.6312603178278338,test,1.6311177839480624
2.6480429905086798,1.1625742637282013,1.7802300499294148,test,1.7802377891119603
-0.1656514539246321,2.5834725787448045,5.603224522139662,test,5.603133517149863
0.032863472876941024,2.205209181879322,2.69923262238934,test,2.6989457647634496
-0.08143639674184655,2.149892373945141,2.42918061944309,test,2.429737477340092
2.5045912517736344,-0.9139327314928574,2.604980800360353,test,2.6048379245961444
-0.585163499178337,2.0636991871647075,2.170565933307727,test,2.1703430381348374
-0.25517991374648474,-1.9526987650221854,-1.2553467189598475,test,-1.2551851964887408
-2.9129798822970825,-0.9600579982057513,-2.7774787165817805,test,-2.77743676918575
0.23754833162252087,2.5331172075249664,4.971270909654336,test,4.970937579595868
-1.300606358926217,1.210226303794455,-0.35570592983318305,test,-0.35584047505942046
2.4891681338307405,0.6316652921591182,1.2079913788350298,test,1.207477680040534
0.7356671242036064,2.5412771667741367,4.868161216883565,test,4.868152527778325
-2.637683047892162,0.721348350794899,-3.029370417911106,test,-3.029402774801763
-0.1465171523701052,-2.979958047803412,-9.58265801071602,test,-9.582594238279272
-2.149968281540862,-0.4697128722898354,-0.4007638609763977,test,-0.4007798649589244
-1.2647514610208925,-2.5095464825955753,-4.6631272981154925,test,-4.663134282341386
-1.0157719789679847,-0.6625791898531762,0.9479279551351056,test,0.9479669314190079
1.5961653516202565,0.11265709638505461,-0.1192322057079993,test,-0.11923982316525697
2.2511740331331414,2.573452797161843,6.5895131626963535,test,6.589766264722687
2.621003188879069,2.0302941598315045,4.0387564382223555,test,4.03886244120044
-2.6651302973868543,0.36516618189677086,-2.8673286755479452,test,-2.8679555112502917
-1.2905881185626018,-2.352132022929033,-3.468687466566539,test,-3.468592822023803
-1.1497112421642395,-1.2880000245524115,0.7481497252629395,test,0.7480285919446732
0.8820993547485081,-1.2320748426016832,0.2395623156407054,test,0.23969797524750577
-2.216741952654579,1.5439696496390964,-1.0826920948543477,test,-1.0822081248932
-1.9486286249692515,-1.677866352648667,-0.8538889299650908,test,-0.8542001007899239
0.3604268240041151,2.5083623701261377,4.71027591999488,test,4.710234345750381
-2.5208812300696595,-1.9930448605592517,-3.5102801416856013,test,-3.5104354787871386
-1.5088839600961226,0.3633023062414553,-0.3446094309147474,test,-0.34462688398892305
1.7357687870948464,2.6451331786770735,6.257533730578881,test,6.25790655467044
0.14134461139206156,-2.468580774453028,-4.629441742842605,test,-4.629936209941011
-2.216491043306963,-2.2228873406683576,-3.8940362642147015,test,-3.8942627109843166
1.4838476845520674,-0.7221300383660956,0.5897753199603373,test,0.5893373483757681
-0.2501004504399611,2.227834117907733,2.977163629206699,test,2.976887495752643
-0.9752525599011146,0.5927450141430086,-0.3050542151503832,test,-0.3051471539830829
-0.8205953199918161,1.6253221591315454,0.496181236412091,test,0.49584378123631395
-2.1363513677467467,1.1556883775712847,-1.4969329590434863,test,-1.4969660142459926
-0.21847374722520296,-0.2219313207554534,0.36800342573500355,test,0.3678756415152107
1.7671709500027042,2.7117457908648595,6.936556578678161,test,6.936571314551215
1.5477555682024509,1.6281950245271517,0.17202052433335457,test,0.17210941501365137
-1.2638558640848054,-2.4315522332097195,-4.042179738491058,test,-4.042147034442115
-2.970126624311244,-2.9446700817554907,-12.988355092078095,test,-12.988605489491865
2.381614103445374,0.11590806802206477,1.3726257383517466,test,1.3723985391669073
-1.4358670944729166,-0.8697019209481973,0.8405931124430257,test,0.8404706339914051
-2.6679787155164147,-1.6591837321234761,-2.756959283343121,test,-2.7569692390789746
-2.1023737611278914,0.46548179443067905,-1.3154506086822844,test,-1.3152455707612007
-0.7746983797935911,1.7173541184513006,0.7660367153954017,test,0.7665951200313633
-2.8627383740226664,-0.19830706824462618,-3.026744966925478,test,-3.0268956797360236
-2.2821081945571713,0.09710275040277505,-1.3520634400803324,test,-1.3521600385122439
-0.7139741968997164,-0.8506267097451596,0.9972059760643116,test,0.9972280089824818
2.036278482439285,0.9225286394004093,-0.04395315486213325,test,-0.043521175905018014
1.6673025641526191,-0.4190845426040286,0.5594340309661101,test,0.5600920213050684
-0.9455792470720139,-0.03024491336233437,0.3399774016785414,test,0.3402034911457221
-0.31786037773593456,-1.2836716378454676,0.6352878103681079,test,0.6349672224985828
-0.9538262138755451,1.2244003926782265,-0.24813882062220327,test,-0.2484222350413752
1.993222131987153,2.307670433477325,3.962540693658422,test,3.962010841827671
2.9538474056307473,-0.7153843606132386,4.353070132186108,test,4.353066877135002
-2.3550408921858574,0.8875658365160795,-2.1502721570172727,test,-2.1504886251315027
1.5591238910637886,-0.4328678949193827,0.45732995999559,test,0.45711396603544174
-0.7633328281124561,-2.9297891171928803,-8.765705026489465,test,-8.766277436165398
-1.7613793759872056,0.40355851701014345,-0.6636397307670916,test,-0.663549803447483
0.45381122511792116,1.8465960240818584,0.7242406283132017,test,0.7239896870721578
-1.890951467986507,1.6246445136248338,-0.21229169121429592,test,-0.21240558401200285
0.014963619702735187,1.1930844521997441,-0.5900341463639216,test,-0.5905646082214696
1.8789964211192203,-0.36748357494086115,0.8034761271120592,test,0.8040432272881863
1.8219277227833484,-2.0632196390678255,-1.61698574009514,test,-1.617552264971766
-0.5819996604332074,-2.3520161915413094,-3.4316616045253387,test,-3.4314340362208586
2.7212515118393945,1.0264145787987533,1.9786420954809048,test,1.978552376670778
2.75723214503505,2.133645839950483,5.109938364316749,test,5.1102274555098415
-1.747231962469436,-1.9835027710432875,-1.7148083224609367,test,-1.7150932581299494
-0.5399290319457526,-2.705085038550583,-6.41262350847061,test,-6.412540527300285
-2.3825582896963624,-1.4126990331596305,-1.2281153093205783,test,-1.2278877668954744
-1.6063854632261536,0.2866040006905878,-0.35800824410101584,test,-0.35816086066128877
2.2742379243732556,2.8463191880158587,9.329615950607607,test,9.32998043675395
-0.25157363716074954,1.4073199078590442,-0.17254820905645918,test,-0.17223709134360585
-2.5352219427463285,-1.1491209842418992,-1.3710908348798492,test,-1.3716626589414813
-1.1274012203303538,-0.6079471304878301,0.8942956777222004,test,0.8935549334889419
1.7740331126195716,-2.0149615763308897,-1.442860252836899,test,-1.4432295919732965
-0.5523510252127899,-1.0492926605748196,0.9239796423387018,test,0.9236896067493643
-0.14217881501105856,-1.9875828763765224,-1.4703448204130984,test,-1.4698970228306543
2.2674044814752694,1.3046594989945355,0.7424616807833655,test,0.7417853098944711
-0.3023426754473886,2.4818345601732146,4.810875812101456,test,4.811087440931411
-0.512862258264545,2.3761846805957068,4.086300813455215,test,4.086383197424724
-2.8085228665398336,-2.5549726128388386,-8.299668917558073,test,-8.299567808634894
0.7454073247877782,-1.4079149783221554,0.0042269133903851674,test,0.004792285136810422
1.016179306652833,0.69752454993891,-0.9655666493656886,test,-0.9653285750438558
-2.326400732467216,-0.4594727858168677,-0.8520946079972458,test,-0.852376427165607
-0.6170380099486694,-2.7617486003106735,-6.95664924750908,test,-6.956459189209495
-1.0169650986912682,1.3615649123080424,-0.07367337946075525,test,-0.07361214858754932
2.121319906094959,2.951921779864337,10.16751131919495,test,10.167050645664268
1.0904716881072254,-0.8437470911648484,0.4262672195906342,test,0.4267776487792046
1.9026742995630395,-1.3700612019627454,0.7844881697503627,test,0.7847888922222392
0.17330830587387513,-1.5607795250009406,-0.1137326335144655,test,-0.11405226756489067
2.564223985606467,-1.610972821493347,1.9327101388381966,test,1.9326969903218596
-2.5173782540586602,0.9008236295507159,-2.6474201104050596,test,-2.6473971585493548
-0.4950158794922661,1.479524354324207,0.06715262572260272,test,0.06696148343797764
-1.9586117266762608,-0.94583151742806,0.18852499110524246,test,0.18860565417969818
-2.514873096751943,-0.8604019481550926,-1.2096618279119067,test,-1.2092995497693326
-1.213691662783124,-2.0779307722846316,-1.7432432185200653,test,-1.7429372843661926
-1.5678133694376195,1.469827246712799,-0.16293360594103345,test,-0.16291760131841765
-1.7447111166016542,0.8275128340824502,-0.8995147796979928,test,-0.8994870641750581
0.6353216707794695,2.0248757420806887,1.454894268665563,test,1.4544018405098158
2.1606879333875177,-1.6643383732402013,0.6292005295328578,test,0.6288435585169674
-1.3067545952046777,-0.3404919682962608,0.5959454204324128,test,0.5961232150428427
1.0392558872996638,-0.48296984178474256,0.22809737175344758,test,0.22830494710224197
1.5251362555477854,-2.104687109209709,-2.189012308384147,test,-2.188965103504123
0.11602804906468478,-2.5913682528613298,-5.64882405536669,test,-5.648898334497731
1.1270227983620202,-1.237304281848513,0.26045008781725243,test,0.2606187723236917
0.7158249717114451,-0.3374971010646117,0.10122136581864866,test,0.10120672101856816
1.4892998122437495,2.6476818840137226,6.0192047789919645,test,6.019817527480182
-2.044982411888325,1.302770139834773,-1.1456997761080905,test,-1.145716880691022
-1.9041154226287762,-0.44479494971318034,0.06107864083747583,test,0.06057460086510487
-0.7708890693835024,0.9285640721930004,-0.4201371208942688,test,-0.42117879837105954
-0.8225635587371181,-0.5568705766738444,0.8818712622211826,test,0.8820721377411905
-0.01747681648608479,1.2710814905419185,-0.4897502151233579,test,-0.4898617735437969
1.5204468327145744,0.7860740594457489,-0.7576686232918474,test,-0.7572852310159366
-0.9045995496927484,2.4067166195619767,4.38638715783772,test,4.386662695029124
-0.6233849373541638,-0.4639684158117028,0.7700655228708603,test,0.7699065234338643
-0.588159338247416,-1.5771317340784954,0.18451021501229525,test,0.1842743175354574
-0.8683751465434209,-0.4802192835831496,0.8241148281875641,test,0.8239169983285473
-0.22083088132397677,0.3596195515086156,-0.30002772223882784,test,-0.2998002200438831
1.7591959336066676,1.3580939860456027,-0.16800191055327063,test,-0.1678508218054169
-1.6965795809933208,-0.4695140923156167,0.38327512169841305,test,0.3837617834688108
2.5176446979148395,2.1264984258447113,4.189023473759793,test,4.1888504570530625
1.6835497428800634,-1.2290424102577053,0.6591643227738704,test,0.659214034920855
-0.6452237764234363,1.9191100933171135,1.4999821263212172,test,1.4996044931275667
-0.7734243620394494,-0.7597025176749805,0.986594631931238,test,0.9866637561128754
0.7419914085220012,2.8848418160595717,8.253172245995335,test,8.253089930245176
0.46822513716465686,-2.1572094439344953,-2.644274781064483,test,-2.644513587494889
-2.3920390959801856,0.6813289407652043,-2.200813901265801,test,-2.200905353162694
-0.30381189008678255,-0.8049442825109598,0.8514547086632621,test,0.8510097222695705
2.997402142859613,-0.663818853281982,4.537607564010243,test,4.537740384740672
2.23898275276089,2.0135693217405404,2.791018703389124,test,2.79092248196428
2.915182652755611,-1.295403919314274,3.964816756452075,test,3.9653273489295207
1.5758511662466876,1.406381365549752,-0.30207194697805306,test,-0.30167138743250355
-1.5791997990132913,-0.31880636125161,0.368301759002915,test,0.368254380728658
1.3535310432546606,-0.5754699810113006,0.41445680021568476,test,0.41468360645653957
-1.6380399231948135,1.2295629267357928,-0.606043055662908,test,-0.605829995814216
-0.9714651897360915,1.8010085036929795,1.0620634567431801,test,1.0627405445420757
-2.203677189501941,1.3857350369528816,-1.3708529820071216,test,-1.3707016393324183
0.5231741766805129,2.2821988755724183,2.971752482681025,test,2.9717996922513894
0.181548924845937,2.723876429094355,6.746674991204982,test,6.746533534239357
-2.1582360273597185,0.7796729497640689,-1.6301171040393196,test,-1.630109060637575
-1.616831088611818,-0.3557499400981802,0.3674785085974479,test,0.3673883726135321
0.2548719468839984,-0.45308214692334126,0.3730687553644918,test,0.3736305987295552
0.31486481982052794,-0.6603745508302712,0.4972673111630952,test,0.49734467120965553
0.8855279471034034,1.841086015078778,0.6070823570497366,test,0.6068405499020697
-0.2273029268138762,-0.9898396357089294,0.8141964528195437,test,0.813452115149827
-1.2923102669705773,2.1787970229817457,2.7714952525353542,test,2.77164168119108
0.2296093671659456,-0.9447245394636423,0.599700355804185,test,0.5998293959806092
-1.449555900848202,0.05901235632677504,0.04490093637662551,test,0.044923927668543966
1.1176746532233501,-0.515675051110986,0.2706474665486862,test,0.270854083376226
0.5607373907053788,2.3242892658154277,3.244024196174716,test,3.2443418553095307
0.7442182319926713,-0.6173438537410054,0.33350314816101667,test,0.3334089350296694
0.055059232204710984,-0.9425848065094422,0.6848782026219813,test,0.6852273220988688
-1.5927101116310862,1.4795590386042803,-0.1677218524003513,test,-0.16773689807920053
0.9217614014244271,2.5840611533688675,5.222248592234898,test,5.222131431439714
-2.8289697583527804,0.7341228704038345,-3.796728341572207,test,-3.7974286490125597
1.7179107038764672,2.2574245379183844,3.197999553541035,test,3.1983638378584196
-0.486345401868185,0.8562177749298048,-0.49344543830581045,test,-0.4929373955676131
-0.6907303275653596,0.6837318483436541,-0.38120505927536086,test,-0.3818010850641237
-1.4056438553822814,1.7284790520783189,0.6552195323626349,test,0.6548834219579509
1.6084333819460666,1.040058089052724,-0.6575380772104507,test,-0.6574601604238172
-1.5687136624854447,1.360361356242234,-0.36142372535032063,test,-0.36138210929171616
-2.5639393984034617,0.989844663147879,-2.7918801232401553,test,-2.7913506324670436
0.5796291785249919,2.948488833576486,9.027417626291593,test,9.027466861697146
1.8478275908602528,2.0748650196646765,2.3143316073926887,test,2.3136142566933664
-1.602766308491888,1.206380643559584,-0.5918744157900195,test,-0.5918686949500054
0.6128497138966904,1.0911302425840035,-0.9202148928870187,test,-0.9204361451189551
-2.0018448112666603,-2.9879191218535763,-10.355570308143536,test,-10.355120789021806
-0.13066291917120854,0.9586916921277635,-0.6449828684226075,test,-0.6446375297338349
-1.2597836911811957,1.7691392927363006,0.8756292079352753,test,0.8760755052492679
-0.2705253688818594,-1.1542291555957478,0.7475200686131079,test,0.7470473631735368
-2.66482976163015,1.3680564882746813,-2.8138008409132507,test,-2.8137615147512367
-2.3425243958703104,-0.531782449649085,-0.8366742258213618,test,-0.8369008732042429
-0.1288203924530178,-0.8344652741743506,0.7748084190172305,test,0.774472425515366
0.6477031680319794,-1.3541842421063888,0.11385265265688127,test,0.1136777675097349
1.256702954385716,2.3288756662073498,3.289457574346272,test,3.289376714463712
-0.8056720648067452,0.3725424475360586,-0.12295626937490822,test,-0.1234254055968539
0.8593445941519824,1.6616185642330004,-0.002849296760952802,test,-0.0028947678214497224
-0.21642215301541512,2.4623955116219145,4.616543281713529,test,4.616551555884373
0.11548115275977633,2.276162468732672,3.1074752731473825,test,3.1075311197313153
-1.8549242705375073,0.1921540518076582,-0.5760391868137577,test,-0.5761488932806351
1.7696086515640221,1.9561232500772583,1.6186316763848492,test,1.6186087747589286
-1.5634907648368974,-2.6250805704724276,-5.877327731705523,test,-5.877923559463336
2.864408562826238,2.456912912846737,7.735381386254703,test,7.735417449095106
-2.284714949053733,1.2579549465484134,-1.757069598775358,test,-1.7569256758693033
-1.0668586720537792,0.4604315408397135,-0.2131404385803144,test,-0.21316386272686944
-0.38538155743671565,-2.7451144898860864,-6.867735018573999,test,-6.868041750470656
0.7380008824243109,-1.474658408475896,-0.12242954133215123,test,-0.12209596700050168
-2.7905400911190337,-1.8562526017277665,-3.9212979997160815,test,-3.9213253525460976
2.3371471179400185,-0.6688333732321519,2.0376486478312446,test,2.0373603759319927
0.5242276498875458,2.909464081396317,8.589621797891395,test,8.589849660825262
0.026922607742930094,-0.8648950924725882,0.7009271248140775,test,0.7008362860549792
0.1787326163411409,2.0996847120579845,2.0205686558689235,test,2.020441637024209
0.2513325969197151,2.1224184282757292,2.1109935091444636,test,2.1110480005234415
2.16710495556414,-0.323880629727626,1.323610978217646,test,1.3243335884793594
1.9865261141588952,0.36360233389989727,0.1623295062773631,test,0.16240949085491357
2.718471523728061,2.439354015333465,6.989112490157907,test,6.9890797370881055
0.7175256692637451,1.435130308436122,-0.5291401031428717,test,-0.5291245264902364
0.8684954187410598,2.349180530475125,3.359905730722873,test,3.360299350373175
1.3274857165115916,0.9636229748033407,-0.904831170673859,test,-0.9050699186656049
1.4610708495026614,-0.46300708371042765,0.39924215282551234,test,0.39883425646949755
2.1066381475248885,-1.0114350801194316,1.512873631740217,test,1.5133343164904438
1.3537671542112832,-0.26414802707866425,0.12708458826456837,test,0.12757740342538404
0.3210166721570715,-2.247654051195192,-3.1342237306801866,test,-3.1341763497962307
2.8049277569358697,-1.1440619744992402,3.6353128175956098,test,3.63509698532226
-0.6983200510571006,0.41517755106592347,-0.181377739923836,test,-0.18131492987358025
-0.2519599388626723,1.9705134701284752,1.5838410983504834,test,1.5838147967882084
-2.7984627288943242,-0.17407453307842813,-2.777689240326501,test,-2.7778427214086587
-1.633155749070428,-0.775291672329692,0.6427329646135923,test,0.6424619078580126
-1.0368035579494015,-0.2833700795979005,0.6241639578764555,test,0.6244697450466558
-2.016970543049818,-1.5405847819264937,-0.6121019634573299,test,-0.6122593088119924
-2.8586682577219698,-2.5876707313243035,-8.801232485900123,test,-8.801149340939077
-2.191826554515754,-1.3455004552425591,-0.6133663863619794,test,-0.6131333072292319
-2.765506835535684,-1.2897364494501453,-2.372384389799458,test,-2.372633252916966
1.9933721001213307,-1.8305357730188279,-0.2828330889409585,test,-0.28245480693957864
2.029944901288223,-1.8445832997844622,-0.2666091770570733,test,-0.2661628009032222
1.6303775762965875,2.218947564188476,2.8515730345564623,test,2.8516837332696574
0.5618968439875491,-0.2144768088741147,0.006972070177295342,test,0.006815330637813234
1.108607883379097,2.5800048221991556,5.20899277351886,test,5.208871568681418
-0.36204541502601284,2.152336334051029,2.5741326159096576,test,2.5737846636899624
-1.1610764530427,2.192142679530539,2.9040772637623564,test,2.9033869048653447
2.591684623872883,-1.2970737311251006,2.6511281579771517,test,2.651060178234985
-0.4994451820398673,2.742099091409071,7.243355633748235,test,7.243137700491329
-2.683078188302723,-1.0751519912332617,-1.8527373682485022,test,-1.8524525575108042
1.4852046890805077,2.609529196806281,5.666165942987021,test,5.665950298863647
-1.140659732360271,0.9360396364065322,-0.43967621002757595,test,-0.4396924429536409
-1.4350461436783628,-0.43372424246082875,0.6061421832168067,test,0.6066303070664623
2.379215642331218,2.972976852282624,11.074873251469299,test,11.07493100314945
1.3680483342632659,1.0058145667007814,-0.8701531043918831,test,-0.8702327101193428
-0.3196467218247623,-0.3613967887580971,0.5633669982320271,test,0.5635540223201416
-1.4628829865093058,-0.9900791263510604,0.8081488977832949,test,0.8080536404970395
-0.843082912118799,2.5008238218076952,5.1209279669499725,test,5.120298239763965
0.1861424596239769,-0.04559239198908904,-0.03711781452198777,test,-0.0368067378065332
-0.45368173375787,1.031053707816377,-0.4810575490954262,test,-0.48150320997559837
2.7316523169047944,1.490236370521278,2.5773285755774946,test,2.5771197688697214
-0.16284128406183251,2.0284188045608866,1.8194016434901596,test,1.8193665308531581
1.817264788376436,1.1439637742288906,-0.3325773473791023,test,-0.33241278237779703
-0.11977028448242821,-1.589079035273542,-0.039912720607240715,test,-0.0396355485008514
-0.0518595433963398,2.7528608470877503,7.153392867553588,test,7.153952985659128
1.0686324827494893,2.810743123090628,7.439686897927984,test,7.439330875587222
2.969510357038848,-0.9195410224007183,4.466956047912243,test,4.466928018172352
-2.0209357050143777,-2.8550235767453795,-8.850153799007781,test,-8.850292162544154
0.7740306952615859,-1.4483679225535793,-0.07539696912892468,test,-0.07519770635537253
-0.45379422359980737,-1.1110268397358949,0.8557244134603529,test,0.8557523135389931
-0.9432261370587307,-2.4826894331092917,-4.36832720813482,test,-4.368035632645373
-0.5394022801364109,1.2458821604427097,-0.2898027188529426,test,-0.2896070968327395
-2.6816407824588815,0.5973459933099203,-3.126263217773544,test,-3.126243724572345
2.0507603207800686,0.05485211219619579,0.6338226832190519,test,0.6332904847460787
-0.02543132557595218,-1.9265729152919682,-1.2508142880598871,test,-1.2510189458319967
-0.6891307390832679,0.3386930902126286,-0.10789388651961329,test,-0.10783119089887318
2.751393385194911,1.5593502723759185,2.8146208918917246,test,2.814485203798029
1.9180559307330638,0.6161217124375802,-0.17015029959253802,test,-0.17026933022276117
2.221032471684386,0.09213983202579423,0.9705711679326949,test,0.9707524612439844
-2.06483018052914,0.04969455400049627,-0.787847484645712,test,-0.7870135505189464
-1.9458159460567679,-1.2728100803977198,-0.00417460118951396,test,-0.003979572472787501
0.7243167976898932,1.9134256527466296,0.9204460077395302,test,0.9200511527374967
2.958491323868877,0.5544442133313616,3.1195818739565118,test,3.1194730918436644
0.44688494266438905,-1.8539740837817682,-1.1670827468590668,test,-1.1669494042139288
1.0700919945806389,-1.4626160685110208,-0.09928252924920367,test,-0.09901012080590144
-2.429156592110861,-0.9813997537613164,-0.9471516597198064,test,-0.9473031911478226
-0.7377436099944115,1.049135266389237,-0.39301258921087845,test,-0.39305736248081635
0.05051713407433711,-1.7245736149268995,-0.5203183351282596,test,-0.5206656439489487
0.7425009802795799,-0.9725581328330377,0.4177321209182392,test,0.41781585366317725
1.2579231323364528,-2.2356523227521836,-3.1351317733950403,test,-3.1356313744148387
-1.5446751012109619,-2.894846784737207,-8.620579443653522,test,-8.620977761899901
-0.5653820181994678,-1.5631188554483677,0.21267214441338056,test,0.21243114678932667
-1.742590641924167,-0.6775930578244469,0.4705366764790385,test,0.4702074827869248
-2.346793139734832,0.9736787003804641,-2.1184332839273736,test,-2.1184990770116823
2.159769829792449,0.6374785497427395,0.29956468114730384,test,0.29957713620503185
-1.663320066346749,2.0041660113146493,1.5313495396228727,test,1.5317366251198294
-0.5831028714677307,-1.6536231669710706,-0.02464392599417531,test,-0.024374926161760173
-1.6560692127695598,-2.883827440654155,-8.611366834253698,test,-8.611017959067087
1.127300883584943,-1.5440856062576516,-0.2649360086128316,test,-0.26509093828037156
0.8462685842367246,-2.2721908974666176,-3.440782756015972,test,-3.4406368956515365
1.149667443897564,-1.4192228712908215,0.0028501339947337723,test,0.00249799951231521
-1.4537783474045658,-0.13857863756105382,0.2773490879304189,test,0.277063353821613
1.3142858257661008,2.268983728394823,2.914812106886793,test,2.9151535502596055
0.9517730878626578,2.3300707112409174,3.225709866620364,test,3.225707878318596
1.2746890451330888,-2.135647046146299,-2.5306675171325517,test,-2.530892638168889
-0.09823757810747225,-0.29682222909655653,0.3920403241422967,test,0.3925805078187016
0.07771502768488459,-1.0710006570006432,0.6321955625806478,test,0.6320603791420983
-1.9018702126335556,-1.9379950702430992,-1.7387107416105385,test,-1.7389809917402215
1.2872427368985369,0.05559934530570887,-0.2836639828177787,test,-0.2842267641639592
0.01672627628591794,0.8241482983240433,-0.7174509845468462,test,-0.7176511006597475
-2.045370069423779,-0.4143247913430761,-0.22706473190669985,test,-0.22648227669002594
-0.4988020997223823,0.5444897993808879,-0.3480952427756375,test,-0.34882733057207166
2.8065213174674355,1.9058805223711879,4.192272178456166,test,4.192291706992931
0.06970398413532797,2.258920333407178,3.017831534623677,test,3.0177900418593597
-0.754467735264968,-1.3303180806136927,0.7105610225278123,test,0.7105766482374827
0.2994747867050864,1.46443720208366,-0.331391675733707,test,-0.3316298164934856
0.8868119444240015,-2.5085609568592844,-5.186682880045253,test,-5.186877747900754
-2.2508396420695336,-2.590283022721015,-6.736754544632326,test,-6.736680525151213
2.9971831147161225,0.5967743563721459,3.2763498126680224,test,3.2764236447022057
1.307453894523782,0.2047893859259755,-0.4481782417226634,test,-0.44879853060991515
-1.6761178508916448,1.2546553243920942,-0.6217807551134407,test,-0.6219333428730085
0.34325309747643384,-0.06733237256458269,-0.08289173172667767,test,-0.08301729815133939
-2.0004267269294873,-0.6189340155605954,0.023359409429285383,test,0.023218767354550075
0.23217656010720233,-2.6878769039861523,-6.597661135953892,test,-6.597882494928493
1.3107259613951951,2.133610003241204,2.0910786198521323,test,2.0913074971519454
0.08133935564520778,-2.658709310451332,-6.246966916897223,test,-6.246583406695999
0.4218267424407225,-0.11410149467103281,-0.05972254535420987,test,-0.059663497294562745
-1.3172966181731676,-2.185939709979908,-2.397970487086934,test,-2.3979888644709844
-1.5172321349155986,1.5764862192092837,0.12732848337265512,test,0.12749067486293192
-1.9587435893125702,-0.050499088057524566,-0.46310676961971364,test,-0.4629882776992698
2.4602574340688497,-0.47042064937676664,2.2606470858905867,test,2.260192350712114
-1.293282722245393,-1.0183379024468997,0.9080086743091054,test,0.9080535266462648
-1.1870497353939637,0.2457476737938874,-0.028483041767775386,test,-0.0289767934087966
1.423168583153414,1.5617182815527428,-0.10465926407721415,test,-0.1046757941541775
0.2984132003966513,-2.8101985541112806,-7.868025940866605,test,-7.8679331450839385
2.2595785410953066,1.7589738712451148,1.787908913280567,test,1.7882955094077935
-2.1147562554087314,-0.873871262569264,-0.11916273753925655,test,-0.11932010067131144
2.301222082262023,-0.015274669435868526,1.3049977307573308,test,1.3045022289709045
2.5321041452423607,-0.4841309436422563,2.505112260466223,test,2.505170936848244
-1.1731364247768428,-0.14698225066730253,0.4384536439542145,test,0.4388338924999163
0.6275477006590204,0.2154167850847566,-0.5178481703465282,test,-0.5181450338607213
0.2854091507607279,0.8587367487196955,-0.8519102736332547,test,-0.8519295936409498
-2.2366463818429088,-2.4971939682525184,-5.909070654714824,test,-5.909343616362169
1.0431522701020608,2.382873397555594,3.611080088848908,test,3.6111707680957648
-2.268854134274771,-1.8643778178218064,-2.2043949815070034,test,-2.2046504620268608
0.6741835226734758,2.7749040309715207,7.077818535473216,test,7.077778684652139
-1.0779713910318574,-2.3646482142136165,-3.484999386652917,test,-3.4850612778189487
-0.18367468153393318,-0.1140587059690521,0.22672656683844822,test,0.2266840126643657
2.4522463780284047,-0.9502259140201379,2.4344772546428888,test,2.4339675229786994
-0.9230128363888874,-0.6136165003150043,0.9250525230117763,test,0.9245232639764718
-2.193128734525667,-0.9499509464157045,-0.3018236972173576,test,-0.30219805884866124
2.539222381310047,-0.040524246284151744,2.053388220743503,test,2.0532927145852806
1.6808936478611987,-0.7045277816667304,0.7799775664578337,test,0.7804986583285726
0.8320220807787546,0.37228880685007937,-0.7217629439338844,test,-0.7217201893636258
-1.5606594564206422,-0.30189370003872373,0.3685983826163411,test,0.368883836003096
-0.834894920685552,2.2410549135511926,3.2394443829945234,test,3.23977419872367
-0.8654894240216975,1.5377613484721853,0.275948117078995,test,0.27652291832976744
-1.5793501953416338,1.7083359777537999,0.4445963764704801,test,0.4456060012279658
-0.029322893995364474,-2.4251043661869045,-4.20639681586432,test,-4.206128664142285
-1.1416366718763837,1.117863851567015,-0.3697528460153,test,-0.3699051672755642
-2.6164214393864027,-2.3471165491060386,-5.922557350050656,test,-5.9227717969579405
0.4919834961453411,0.1741657097159024,-0.42853235433449555,test,-0.4285206508376042
0.06198696248598079,-2.5057506227528505,-4.890581293029189,test,-4.8911089059048125
-2.6123818765363036,-2.2445101799642453,-5.2197830941587124,test,-5.220304641015951
0.6015215474594631,-0.2004842758757739,-0.02067928125091878,test,-0.020663287638757764
-0.8008705313409026,0.9022957454780491,-0.4177578249164803,test,-0.41772625550273584
-2.0474465836403835,-2.1076829929548637,-2.8451608580268424,test,-2.845031587159795
-2.077188176283452,-1.2920245195676985,-0.2818756461951115,test,-0.28176645061227956
-0.8296904803293015,-2.550292035363336,-4.932570094393729,test,-4.932309234800822
0.13536238978221427,2.6533569263093426,6.0890048774355945,test,6.0887571703732295
1.7563766669817644,2.605215411493258,5.920178470618595,test,5.920000309289981
1.006693590192529,1.5285719280543364,-0.34781129365977015,test,-0.34752174289723003
2.0846063609148633,-0.016255388864663933,0.7889674147664336,test,0.7893103112241243
-1.0812045510434922,1.8085276512985353,1.075223802039333,test,1.0751086811454966
-0.9290024125716054,0.06731478203246177,0.2235217118134054,test,0.22358780514478951
-1.545622221533371,-0.34809496125011297,0.4309534743197549,test,0.4311840164557128
2.3208119835684258,0.05630414746949697,1.2721750478386231,test,1.2723495679259904
-1.5255799622070416,-0.2638898337842077,0.36014422448645733,test,0.35989869293436283
0.5617274063090631,-1.332808212762145,0.17016996947054386,test,0.17021920133368304
2.2032632316434233,-0.14203671042342236,1.2064701699567788,test,1.2067922464299183
0.7639513711315424,2.713892705298922,6.444724539819231,test,6.444653196223656
1.5195415546453015,0.9529598048904337,-0.7688894343528057,test,-0.768688816946186
0.5924840804166851,-1.770842590367886,-0.9062121315376352,test,-0.9065381466388713
-2.059964681702353,-2.2464299997728343,-3.690820736994725,test,-3.6907803026431663
0.024806628952553034,0.3842766423146675,-0.44515944726242884,test,-0.4452072152725034
1.5037840181137945,2.9857415062612036,9.653763261647473,test,9.65390279472045
1.7404957530641312,1.9903015018509471,1.7379866806225284,test,1.7380320416501018
0.7485639909533628,1.0190597843145852,-0.9841244108305446,test,-0.9842987117590202
-0.02743850020976435,-2.8398284746823332,-8.029567655235546,test,-8.02917496766606
-0.11316645274082227,0.47703115659223005,-0.46186771734373244,test,-0.462280277936784
-1.7635877846269545,-2.521756362240036,-5.207381455711085,test,-5.208073974170279
-2.5048888033625145,1.1424592326399865,-2.516299186736554,test,-2.5164781462014285
-1.1005165935437244,0.4970219887880555,-0.251353428844305,test,-0.2513997766949473
0.31139186050858303,-1.5649249391734115,-0.18799000214311534,test,-0.18787500779411878
1.1922817402754147,-0.3358528855257972,0.1269151896845877,test,0.12682183941619654
-0.2787555331671894,-2.1149694587163825,-2.0572215164417678,test,-2.0570970070375343
-1.0236032237090542,-2.525335291141628,-4.724728394418686,test,-4.724534320140714
-0.0035763681952207804,-2.4554341980455243,-4.453790052904471,test,-4.453489743041175
1.8293846715806321,-1.4627653212637544,0.500160865692491,test,0.5001878967117019
1.3784667172243044,-0.8153307297014134,0.5420265330277827,test,0.5422391699093854
-0.01970462093933545,0.8659382886387572,-0.7046136343092918,test,-0.7047507804630369
-2.370868865500503,-1.318036653930391,-1.0431216818383016,test,-1.0428227391560891
-0.5472525669935253,-2.05225029564685,-1.6182155676168564,test,-1.6184232000601815
1.992840221092412,2.191630105243059,3.2199671881429217,test,3.2201392211960136
1.1317216892758353,0.5827935312471046,-0.8763402002668641,test,-0.8761928088465866
-0.5539084565602899,-2.7316220639972455,-6.6704416304224345,test,-6.670561939846864
-1.0577644264890604,-2.8210652060937127,-7.5481339992066525,test,-7.548112316444071
-1.8248409088240145,-0.43774574107823583,0.1804144034286792,test,0.1802390377704122
-1.4385093767224753,1.0199832298915235,-0.5694915037617045,test,-0.5698937529050253
2.133011845303434,0.6295261790533533,0.2437339483365406,test,0.24359196464168711
0.3501633473849681,-0.5701572313587815,0.4250208677333186,test,0.4246848843270365
1.8900038915679307,2.616073208871283,6.217964315794732,test,6.218004055806444
-0.4088532324581817,1.2168995262578182,-0.368502216416687,test,-0.3682144533104061
2.5328596430774715,-1.1291850340305123,2.6185539307064007,test,2.618718224208847
0.041017914736190875,1.7876864996193618,0.6908458802022799,test,0.6911150134488948
-0.24932354319474204,1.066290209460742,-0.5518136266270794,test,-0.5521742097152071
-1.4436809800336003,-2.1793142664203704,-2.4399998523359336,test,-2.439800326808613
1.7146517335241702,1.6207892165986002,0.3348251189433946,test,0.33458574556317294
-2.0708563329582894,-2.697460081113677,-7.317522933828544,test,-7.31802728229231
0.946680425040582,2.020432920188879,1.3956783064867633,test,1.3956297426083244
0.3406528401380009,1.6103269760858894,-0.006900533098001427,test,-0.007034444570859648
-2.1443244400860393,-2.343698356275408,-4.52425121783613,test,-4.5246999941844965
2.660272930315582,0.9328254877329409,1.7217062505040719,test,1.7220113303863969
-0.25413772339009766,1.4212344940464272,-0.14631418036779387,test,-0.14627250144042733
-0.8199883051578256,1.3993827453498189,-0.009347952423216954,test,-0.009619694065038004
0.8233974168582554,-0.08459595879625637,-0.1988363217770644,test,-0.1989498655482918
1.7643532426508317,-1.1069445826842577,0.8664387090600236,test,0.8662951628817152
-1.0319531030158162,0.5939816911494303,-0.3118098627187277,test,-0.31163549841333377
2.6988456427377727,-1.433928469449496,2.8286577171231997,test,2.8283410075573867
-2.437386704342927,-2.7788494079364705,-9.071862208824633,test,-9.071802633264223
-0.2343736062974573,-1.3851679263097816,0.44795938824624537,test,0.44815168702278824
1.399070282056984,2.762536646075591,7.074427641307234,test,7.074776764521688
0.40032760538722734,-2.1539775075740115,-2.599376913654005,test,-2.599905106217791
0.7518517500712925,1.5304182355768328,-0.33516877479563467,test,-0.3356210821849162
-2.600083066410587,1.026050047053885,-2.9066536345313176,test,-2.907172941120407
2.963355699442568,2.476423430955758,8.344689584885,test,8.344860385070648
-1.4025923457060208,-0.27764696329150784,0.4719166799357442,test,0.47203077164023405
-0.25282284131708277,-0.9107311855137126,0.8383623149075716,test,0.8381895968440326
2.4997065128253437,-1.2528341642769685,2.394227148191513,test,2.39440022765669
2.911599465531138,0.8204350732705281,2.7723665551080234,test,2.7725097181399425
-0.6069551705900089,-1.5108920931645857,0.3472999028240997,test,0.346967662920793
-2.4303364457126566,0.9825984907174439,-2.36057421785813,test,-2.360086688007331
0.5545708773982359,2.5839959789701803,5.282746993648647,test,5.282627701531011
-2.6145269553557844,1.581809674363241,-2.186419015059234,test,-2.1868073208113783
0.7263285073206807,0.05969129289652941,-0.35805209238174285,test,-0.3584724594663018
-1.6571068352900187,-0.008929918823516791,-0.07081512509018495,test,-0.07025264982941945
2.83019614742817,1.427551408217139,2.860425922058014,test,2.860603726457465
-0.20859989122033262,0.3630363239285517,-0.30923578890517234,test,-0.3090438775892615
2.6611483965966727,-1.3857825625460576,2.770837757294731,test,2.770627124888162
-0.6308445861820777,0.017540414696735507,0.24416569423981338,test,0.24427267696795749
1.9081395932989569,2.904664209405259,9.203272833377067,test,9.203187229199902
-1.831343716251758,-2.471169114706046,-4.8926401128113,test,-4.892757644338234
-2.6866191770249546,-0.5230795599424682,-1.9789172773052883,test,-1.9791588530578275
0.3943429809165755,-0.5241232091346055,0.37205126157196033,test,0.3725902332744186
0.5131681525532343,-2.3131197912130856,-3.6420131443959414,test,-3.642321219722681
-1.1253922058681773,0.2742275896582189,-0.04112950175490804,test,-0.041317453791143814
-2.9871813887955145,0.14691613697245742,-4.012197973673896,test,-4.012259574433897
-0.24925971048996232,-2.0140851848845713,-1.5466729279642277,test,-1.5468635282772312
-0.4163781519238281,0.31381703760155144,-0.16737640021606137,test,-0.167179441835698
-1.1591548075180629,0.6976995422491671,-0.39934465522766904,test,-0.39924897545442195
1.1567590709955686,2.7793352411207075,7.130759641238383,test,7.130834859121066
0.5029282374516058,0.044576955372670035,-0.27947036261687097,test,-0.27968640898878916
-1.5322468615152094,-1.6399678671680809,-0.19073333804372272,test,-0.19087076265045982
-0.6714607437582476,-0.8104926353081296,0.9815690171591045,test,0.9818622542699879
0.7133401972258366,-0.4932773928289167,0.2478472436474971,test,0.2479492321706161
0.5547216933531098,-1.347959715654697,0.14971187964035826,test,0.14978264885058087
-0.6840449676960265,-0.00709722445997496,0.2865236497805529,test,0.28630107003409244
1.8612030850837726,-1.9099199946500085,-0.8327251344686419,test,-0.8327971591438794
-2.1572807016277,-2.8823869898400796,-9.444090339392432,test,-9.444201196605272
-0.9073648705701616,-0.9834047913666357,1.008841484313666,test,1.0086979710537578
0.12979424231382186,-2.6805402313533357,-6.478048936439151,test,-6.478520609374354
0.7681641805624508,1.4748545733632659,-0.45920360336303534,test,-0.4586627718059865
1.607692564992882,1.8204501775085862,0.8592074891746098,test,0.8591081535165911
2.317845507539718,2.4441191343275848,5.698856192687847,test,5.698879118111187
-1.9811717321863105,-1.1014939637470245,0.0889271673290799,test,0.08927525657604567
2.541460563896889,0.4114231985134946,1.5534523225744161,test,1.5532110837157633
-0.35723635040255397,-1.6866118466907478,-0.20548377720686672,test,-0.20551024580232255
-0.2035299824527348,1.0098075305618939,-0.596834220109058,test,-0.597012014712834
2.974066369684426,2.786345366275965,11.246721199651608,test,11.246731829107578
1.0326035045227506,-1.1146438810568864,0.3490436866294946,test,0.3489153853511449
0.11787254880661369,-0.5403869686160454,0.5109542493124986,test,0.510948163591421
-0.31891929723406953,-0.8255766230371528,0.8623172505123082,test,0.8620883913778962
-1.577275331405002,-2.0167023362862806,-1.6771610984194387,test,-1.6770041475904711
-1.9684183525570125,-0.9694390909177412,0.16659613995745637,test,0.16674347683508
-0.5198327197700481,-2.6618580704502706,-6.004230648063064,test,-6.004574092370297
-1.7013991013955656,-0.24105049660733946,0.1479289468624938,test,0.14765264399758174
1.468490238164633,-1.1885350867146183,0.48587449465965715,test,0.48595142717665163
-2.3053148592318222,0.7113671058121469,-1.9713002436532603,test,-1.9714819180368826
-0.21687822408693957,-0.5625353904649049,0.6924353011387787,test,0.6928350319416042
-1.2611840708498128,-2.6479023008237395,-5.875862710422857,test,-5.875537964188401
-0.3591700332428349,1.3362175326954677,-0.24024980038185317,test,-0.24069626878091782
2.0644553055206405,1.0396855370597926,0.04180334502122851,test,0.04235044907952194
-1.0818928881004655,2.3290457594149405,3.8097230577443444,test,3.8096259605005063
-1.4055382197614328,-0.16941632477159485,0.34829867036403583,test,0.34803197160394883
2.756035393780495,0.6703386715801698,2.1550063031252717,test,2.154407670518844
-1.3200870980940296,0.6177204765418206,-0.4234512313000526,test,-0.42326753299620895
-1.4731682833261297,-2.969097278192496,-9.427016292316864,test,-9.42685944509392
-0.23739302769136028,-2.915526939364358,-8.776769772252653,test,-8.776739855635132
-1.8389081092274109,-1.1459439135627716,0.29848307358802917,test,0.29850766229112624
-2.197269917096653,-0.390902833644279,-0.5838292733854964,test,-0.5840990667308876
0.21523298721753648,0.39184220357240473,-0.5457512067964421,test,-0.5455898762911483
-2.722553595707309,-1.668928699168918,-2.9963372699970696,test,-2.9965762606641024
-2.5182354130170093,-1.91663221864907,-3.1551606000865036,test,-3.15502697961947
-2.4726699675961346,-1.71076967763699,-2.2378530361128184,test,-2.2377600151764185
2.1723534935826763,2.8664841215170593,9.300926326132451,test,9.301738708405978
0.6521562534277852,-2.103077438009663,-2.3977988750504013,test,-2.3978834321283955
-1.5356444526020627,-2.8519901173526843,-8.132888703298617,test,-8.133180311661782
2.4653159985830744,0.0653455637760465,1.6857979581374418,test,1.685538740264077
0.7099776418948309,2.1016406955253197,1.835979464738621,test,1.8354617970861433
2.3611265089738938,-0.2806128099082772,1.7777414129679205,test,1.7776427370369734
-1.6960236543005207,-1.6800475214453452,-0.4826694711317461,test,-0.48278354010360686
-2.687065161629588,0.149796902812102,-2.7148366742259906,test,-2.7147386056023937
1.0846838897522044,-1.9593434384401895,-1.6968811053155415,test,-1.6965731862755824
0.10849666327514029,2.8212562553327736,7.788375640264851,test,7.78865483145883
-0.16998013708059556,0.11870265390415868,-0.05759909257012685,test,-0.05780926728320325
0.05557057072161342,-1.305604084368376,0.4262062541381981,test,0.42621971064356495
2.8506253321089146,-0.6171032250361237,3.8305829174336172,test,3.8303631968620016
0.14669601625866413,0.22468475550982125,-0.336666936121011,test,-0.3360430761520604
1.4880938429165003,-0.811235316385801,0.6215512978439974,test,0.6219140491073879
-2.0324091740030346,0.7081222745454245,-1.3350519841359318,test,-1.3350369016997579
2.331404111099017,1.2704357893793952,0.8694650100517629,test,0.8696644616436016
1.0235996685776128,-1.7333059834603186,-0.8210646546708538,test,-0.8215985742535322
1.537511117651329,1.839896704604155,0.8645127903998708,test,0.8641794366246689
-0.38992477156788796,1.1546385101102172,-0.43278445328040804,test,-0.4328267057152953
1.5344957042097862,0.5660826321917987,-0.6331981807712853,test,-0.6333696091639114
1.3084949771941625,-0.6237707080536028,0.42099623893418414,test,0.4211002628971897
0.6284772786131372,1.9658667252048274,1.1750446538997732,test,1.1752905677032561
-1.7311290794236323,1.2746617668392948,-0.6660904412798823,test,-0.666258031328363
2.9089827756860274,1.2837919872511634,2.9861486827149974,test,2.986190006871471
2.126307749421307,-0.5911166746568328,1.4655984484991875,test,1.4654744069433365
-0.9644974090218987,2.381124971138009,4.195651931619301,test,4.195815554417183
-2.2985885575490457,-1.8354341171067885,-2.1687297222229307,test,-2.168053047600542
2.569030477854267,2.954666936802679,11.458167283009056,test,11.458293295644678
-2.956892164163495,1.4865630811853698,-3.83342076916038,test,-3.8338535849872337
-1.0227465657857127,-1.179298676219571,0.8925188717256534,test,0.8926535225250268
0.1479378965135476,0.9835533273222716,-0.7778518922985236,test,-0.7780669360094347
2.3128855039192464,0.5457064998714625,0.744492088409334,test,0.7441860289183262
1.512023361954565,0.15348678222973922,-0.24702589271536557,test,-0.2472052775738318
-0.662387003013897,-1.897108881844724,-0.8642695714437585,test,-0.8641249106454707
1.0188425594263926,-0.2877461589530572,0.0354816279537542,test,0.0360714303961766
-1.6013225619515765,-0.824327497829084,0.6885493542135486,test,0.6884354136387387
2.2541039656505557,2.066807153103759,3.0977745727984587,test,3.097439082532332
1.706181702938797,1.5893198424958834,0.24034477929488252,test,0.24052018627034902
0.3649125191273539,0.9445853558360633,-0.8848411279065831,test,-0.8845142263948558
-0.48758281582337837,1.1317813266733756,-0.41266373417995805,test,-0.41314046128911974
-1.0956434137942248,0.02927026881676731,0.24966029437467696,test,0.24955125083844484
-1.7886658955012824,1.4313286428536685,-0.501583671825947,test,-0.5018382253133293
1.9355244347075242,-1.1712621000747263,1.0845450282751337,test,1.084482349362653
-2.1071050854656876,-1.9747320512213888,-2.298132379932361,test,-2.297854520575517
1.467895256372306,2.361975362810988,3.6529063456932334,test,3.6529596691218797
1.049735954611549,1.5753847412262525,-0.22905515358582673,test,-0.22904180944262537
0.2287804812791343,-0.164230640560298,0.08286663532813998,test,0.08253663571714354
0.6629652042950949,-2.4575895982722615,-4.745706662796145,test,-4.745724748304732
-1.0821172535652779,0.761901741238886,-0.4055107131727693,test,-0.4056907922038219
2.7930667118939088,1.3791166874491685,2.61790746774044,test,2.6182508933478776
-0.6063303989619908,0.09247134464474605,0.14801310127516892,test,0.1484470123993221
1.8699681523675622,-2.045347975240941,-1.4510965212383917,test,-1.450909721211239
-2.7310803523895557,0.44931619639542064,-3.2024005164198597,test,-3.2024438723430007
1.7393135628558767,0.021015087102406405,0.1574880921418209,test,0.15722421300905692
-2.679281619367308,1.563868074695535,-2.471309231594852,test,-2.47090923125551
-0.12456973468701893,-2.3664615045578565,-3.724605859569544,test,-3.7242989279826944
1.5539566576597377,0.4534410671594773,-0.5239987785771871,test,-0.5240341611377317
-0.2234228498943338,-2.235134843378388,-2.791531675060101,test,-2.7914718204492672
-0.37876739724798103,-0.18880090780144965,0.4017118565854234,test,0.4024492224855001
2.4261033967736605,-1.6893873639086694,1.2594304061852588,test,1.2593985758211725
0.16029074099034357,-1.0109273964600107,0.6172203200689295,test,0.617186522103034
2.437139407651282,0.5134650900314117,1.1281090807035086,test,1.1286532109967895
-0.904967966318547,-0.5245934427071166,0.8615847240816087,test,0.8612172096783598
2.4236224431165265,1.9566005673300957,3.0327265105533483,test,3.0330780749157356
1.3499266339975478,1.6186023590969985,-0.0050245770606547335,test,-0.004692140257258099
-1.2919945882112631,-2.576538385308874,-5.2457285554832245,test,-5.245711230540714
0.6412543088034917,0.5540256932598793,-0.8476927617863843,test,-0.848276578917729
-2.21082764385622,-0.9106670842699494,-0.340598888880034,test,-0.34031780546586166
-2.3255226487813987,-2.462733997514822,-5.86558221173058,test,-5.865340444489861
-0.5423875308656614,-0.09942204868483007,0.35809647109615794,test,0.3583238217631834
2.3896072339086922,0.26612952007830737,1.2243031698202542,test,1.2247581419072904
-1.8580759729193128,0.6213468626004718,-0.9796174708285034,test,-0.9796121295306975
1.8704429437353411,2.6146749336252872,6.17358407235449,test,6.173399575782477
-1.336130881686079,1.1577282392152537,-0.42240118513511127,test,-0.42233677410006326
0.06146633682645941,-1.1461416766969688,0.5918740870313011,test,0.5919367175403558
-0.14581448887862702,1.7623683773432846,0.6943523774748637,test,0.6945452437378653
0.6392375119496521,-1.0138408733423983,0.4281819357147272,test,0.4280297779177637
-0.6830955580866589,1.869787233861705,1.3025395453017385,test,1.3027038468512961
-1.4128370145460931,0.751568608119625,-0.5472352142393823,test,-0.5469474748602589
2.756171646119098,1.4864292899722535,2.6677527408809434,test,2.6672841104633345
0.5588882244583022,-2.4162706493142427,-4.398538515978872,test,-4.398147272362008
-2.756451787725874,1.0762537662991507,-3.47867304965446,test,-3.4784094288929013
1.5942300043790256,-0.44532550514473246,0.5034874929502176,test,0.503423302014138
1.881666053381708,-1.4876143252018266,0.5307322362876559,test,0.5315030032510659
-1.3907794961269546,-2.5227737645330865,-4.843264544578061,test,-4.843074653837696
-0.9413569983996615,2.421986962862032,4.5011698876171025,test,4.5011631667645995
-1.9687255044200163,1.1583927339506142,-1.1546089470684313,test,-1.1549229094097895
2.707153008569401,-1.6322868009423095,2.398637883546358,test,2.3984164306097657
-1.9168834481207662,-2.643817162465508,-6.517509021250852,test,-6.517823484134748
-2.107497043251621,-2.7147501549769957,-7.56433506813774,test,-7.563902454853932
1.384504833185158,1.5614446868912077,-0.13172084655473304,test,-0.13254056557626043
-1.6547061594010068,-2.5992383105974044,-5.739974138170081,test,-5.739950595630647
-1.7426505568094655,-2.1985802110931587,-2.8625044853039214,test,-2.8626987605115928
-0.693536484004885,-1.5620939854992635,0.24870165632157248,test,0.24857395292986448
-1.188809060145369,-1.6178818160999948,0.08240533579846898,test,0.08280671291937547
0.3179294007180866,-1.8501587666290678,-1.0989746147552721,test,-1.0987418275555545
-1.9254528990129445,-0.9914775427478875,0.2375017214962094,test,0.23780939414048938
2.364905880458327,0.7821818306120343,0.7634811550022969,test,0.7630410435962925
-2.4074393639747185,-1.6591095379030303,-1.8794084303199974,test,-1.879467338819253
1.4534755936568393,0.7520665772160178,-0.8024117267860871,test,-0.8023156157741523
1.913796897216165,1.3085811647272871,-0.0048970781822750276,test,-0.005010028586882409
1.9239120320476175,-1.098601704264408,1.1176487422295733,test,1.117767848088321
-0.9709653435357035,-1.3303640389891132,0.7215547137142897,test,0.7219065324218849
2.0379058952224574,2.344654969453298,4.3049315927401395,test,4.305230195651151
2.3820805678668417,0.6880071103633854,0.8495182526037435,test,0.849683676269763
-2.570035689290341,-1.6472082089325082,-2.368073143855539,test,-2.368118097608289
-1.3409448315111623,-0.08681359376796827,0.2920821470273653,test,0.29268211874064193
2.751399537358979,2.9643617132836213,12.257370699676098,test,12.257286637984782
-0.7038776893107124,2.53220010492464,5.361833203402867,test,5.361526221945029
0.7985937232095761,0.21876010103765076,-0.5547135547312203,test,-0.5548805519532521
-0.506970697062878,2.0464571220482055,2.0569442108144624,test,2.0574008777645076
0.6077515391664505,1.3369347367164153,-0.6684865058331968,test,-0.6682523334545378
1.7836794569560688,2.7954895387035616,7.811574864076713,test,7.811359692996412
2.4018411372610124,2.586879998976018,7.121624670192665,test,7.121386590845391
1.3998305203322854,0.6839976658019005,-0.8121066291882976,test,-0.8121913361262623
2.6497768403660693,1.199197388681465,1.8193270282880922,test,1.8191564491888021
1.8171019436165663,0.5471753860238682,-0.28328597931286836,test,-0.2832755786693212
-2.4246715000229284,-2.3969301330534947,-5.647802563038857,test,-5.648055401832396
-2.1565315223903987,-1.632714168083825,-1.1445309339663874,test,-1.1448596756382867
1.091899752247028,-1.0787490775724982,0.38124151591656164,test,0.3813759129305329
-0.6884312446293599,2.590455081264138,5.861984237946276,test,5.862058522604643
0.4326836912109071,0.5620476730998005,-0.7858233107796028,test,-0.7861279134657467
-1.9278529275928227,-1.2374323721902853,0.06842487492151084,test,0.06838430652817426
2.3084057849293647,-1.3930884353902209,1.6259006657305273,test,1.625618868780949
-2.3077859990431033,0.6824802365827596,-1.9643372234712553,test,-1.9643977146300793
0.303070214484201,0.01155356499278426,-0.15983112003111083,test,-0.15966461567333548
-0.5068060586266405,2.2793505820255815,3.41326100293298,test,3.4133487508898233
0.7163301324901088,2.3377666280976737,3.2981548380592054,test,3.2982583819448528
1.802365200008479,-1.7048363340897432,-0.16190021559424372,test,-0.16204445316680158
2.8310573195184894,2.6525566867726758,9.27129338518142,test,9.271065011870862
-1.2337898619033512,-0.8318099597339819,0.9516747591494024,test,0.9524322818928438
2.0123864259248387,1.9778064130266988,2.118661680239607,test,2.118776981318644
0.01666553081818911,1.1967519011273273,-0.5874310414608728,test,-0.5874534804110544
1.3084499157539993,1.2663521357939431,-0.7104321276171441,test,-0.7102022072629437
-1.3479208286194,-0.7150411822788083,0.8594103877194489,test,0.8596650293995509
-0.781054376955391,-1.686120947975918,-0.0782476585750389,test,-0.07852392185926338
1.7163070578387511,0.47730093846897326,-0.3653976713211775,test,-0.36521939171915074
2.338274802522747,2.5845457253507202,6.918548075748808,test,6.9184544238271695
-2.635800588212346,0.9036423979352923,-3.059942922113681,test,-3.0600508395029506
1.8165740000379849,2.368163289049053,4.08939805014779,test,4.09012067761078
-0.33733636446401594,2.2136732317192194,2.9284687097519004,test,2.9286997864648603
2.403070678603208,-0.4612328424155463,2.0783095666461824,test,2.0777806867577184
-1.9164359591811302,1.147779480357118,-1.0707854887341015,test,-1.0704745785618772
1.5161880610891556,2.740319512723105,6.939623713254262,test,6.939831682246108
2.589359149803455,0.011466211058149156,2.1637788314187496,test,2.1636804528735243
1.7478534118980527,0.16705184294236197,-0.00412253591784717,test,-0.004065635578655048
1.4433795911880587,0.5001183320819429,-0.6578759808722939,test,-0.657947026526801
2.565617367194938,0.5433147225088062,1.5229845172443426,test,1.5230321504160496
-1.613729081805769,-2.0992508049540524,-2.140049671172661,test,-2.1396230320771434
-0.35960841546568645,-2.1866365724815706,-2.4331023297163865,test,-2.4335815162681804
1.5120247166360938,-2.2049445365110842,-2.7786931402468373,test,-2.7787454103650178
0.6810651502292089,1.4393591353511646,-0.5135816175274994,test,-0.5137098378152783
1.6817985697051885,2.4415661150647487,4.457983821683551,test,4.457843871050209
2.180682724978574,-0.5590685795274637,1.5671641038538064,test,1.5672106838348443
0.4680230416823439,-0.4628624754271893,0.29234490910333955,test,0.29255397581173886
2.267642568619051,1.7638270166689325,1.8254304413264637,test,1.8254092506808879
0.5575813718570464,0.34761462421757416,-0.6402559936977902,test,-0.6401952226927176
1.1381889939801004,-1.9365286686085672,-1.5814911933176243,test,-1.581543105024848
-0.48747883249482626,-0.9485036011841217,0.9321103322151958,test,0.9320450230112866
-0.9540711418711219,1.1710977631696542,-0.2989080213899773,test,-0.298908847461989
-1.421333691019285,-2.8942582418917,-8.512706969604109,test,-8.51233876701969
1.1683301669722432,-1.969601322997562,-1.722056571340735,test,-1.721914794254777
2.75183388741294,2.160747412724017,5.242968478944521,test,5.243171183008939
2.0565366999232566,1.7214143543022362,1.1960998266745442,test,1.1964789603232644
-1.5212218473282209,-2.7999575751076704,-7.558997812572141,test,-7.558851947857394
-1.8024937234707816,1.035771021305479,-0.9573341149124179,test,-0.9572494738162306
0.02246320736242824,1.8054490135610373,0.7647943015367831,test,0.7647009773859811
1.1886047581465888,-0.6338868783786731,0.374857723891283,test,0.3747049797198689
1.611738256621578,-1.1911127188105153,0.6158834026736679,test,0.6156763407400064
-1.5427522764234434,-1.604645330256,-0.10331555636156353,test,-0.1029319767552461
-1.5288051660201145,1.148200551917871,-0.5712031698679739,test,-0.5711527752324772
-2.687444976399919,-0.2780375350739732,-2.2153185869173404,test,-2.215811017793033
-0.6253640658825788,2.1694846310768137,2.765904106386903,test,2.7656631637386306
2.905587855776811,2.9612815328927122,12.88373662864675,test,12.884118319089888
-2.5703461898151234,-2.031704869638176,-3.866332524758725,test,-3.866458142531471
-0.7722661667459674,-1.556342769373559,0.2767403463802476,test,0.2769173032209404
0.583778960289207,-2.2048103669050136,-2.9653265942561373,test,-2.965118002250106
-2.4320328696469717,-1.0401088441715625,-0.9754513215748877,test,-0.975166902697124
1.692371218354606,-0.5285035407091325,0.683639860262095,test,0.6830033672459375
-0.13441020312278518,-0.4457313544085659,0.5573189137322276,test,0.5575883961759895
0.34046448539483576,0.9933966755650034,-0.864254917413503,test,-0.8644195685668093
0.655888472577379,2.7175348439481057,6.5019367133552,test,6.5014220942908985
-1.608670006597601,-1.4789029423259534,0.12913493286415523,test,0.12932966678180616
1.565803474079562,0.4747575061712479,-0.5313180694842167,test,-0.5314527336436952
-0.46919800483676877,-1.8646852292426408,-0.7902400317158782,test,-0.7906802126260836
1.1080029760334877,0.667206905297606,-0.9340886406544218,test,-0.93442051839103
-0.1028239585622095,2.5181926754427746,5.013663835331136,test,5.013333221685823
0.44251798967533684,1.7653457236895655,0.42845899302429125,test,0.42835513215772436
0.2213018377379914,2.7867482052835753,7.368314157137106,test,7.368416326261596
-0.7544296444356817,-1.2111599757919853,0.8563975172222501,test,0.8562810606995388
-1.0327272302517103,-2.772302123067251,-7.030644295717152,test,-7.030497679372408
-2.7990275897065864,1.309825653977784,-3.434507593379865,test,-3.435144649776242
-2.8407428882485783,0.763561050400384,-3.858170887444333,test,-3.8583978087372897
-2.0411629695113964,-0.9589621600170757,0.0295628921630684,test,0.029260041675093017
-1.2903355057820642,-0.25111103329415096,0.5089109936534923,test,0.5085755484728737
-2.0138409591033644,-1.7375558933059267,-1.164389085021983,test,-1.1641538095419974
-2.3346921485625485,0.9659351510070375,-2.0863346467623223,test,-2.086424064864714
0.278003132952644,-1.1324889177081843,0.49805611417421747,test,0.4977101071561377
0.21617324185222841,-0.02469024759966576,-0.07644545674297029,test,-0.07609609969485806
2.695960393332956,0.42519721219122353,2.099176601278039,test,2.099470444062957
0.30732834625768657,-2.2999936307467608,-3.4713158000984548,test,-3.471366374793324
1.952555649454128,1.2353609662407652,-0.027245113975514768,test,-0.027077730318781704
0.15282719713223258,-2.5555044240855302,-5.353586650889595,test,-5.353767197961169
-0.4487288561231382,1.8145811700525154,1.01623611703712,test,1.0163725794902818
0.5976452801813799,0.8097093187776394,-0.9623459198971176,test,-0.9623505626442047
0.4525190833757824,-2.0058784021194813,-1.8360468550735742,test,-1.8364389445256728
2.549868579244859,2.2597874042614365,5.099042485833895,test,5.09942418911801
-0.5326569537583468,1.3332721812354442,-0.17880147182814277,test,-0.17891268472290348
2.166981054257425,1.8362933844899212,1.844068542254576,test,1.8441588182522592
1.5530970725136797,2.0425764092413514,1.7825434265774054,test,1.7823325883205117
-1.1971945645119157,0.6618209282865869,-0.3938285175640023,test,-0.3937116452218162
1.5840281256758475,-1.6997862026229638,-0.4129326417255257,test,-0.4119255545382991
-0.371388430489656,2.5345256886259353,5.27468731020511,test,5.274671808321413
-1.8389525247535818,1.7638666987821514,0.30295574178757945,test,0.3032074605562391
0.4994129727638308,1.4352020558478276,-0.4689187610817278,test,-0.469335246012245
3.4245676398339655,-2.925107513513727,-2.683700788723459,test_x0,-2.683429320543111
3.3867673188836984,-1.4631771799358957,6.265554990635463,test_x0,6.265914579381618
3.0634507448076485,0.8077416011884431,3.5124207012571533,test_x0,3.5125173665095524
3.3546367683718996,2.0313707854917453,7.626569115135235,test_x0,7.626463286916275
3.279375167017891,1.7279292397015498,5.919848430546271,test_x0,5.919763585767917
3.230575614009386,1.5686425024845807,5.175530121314891,test_x0,5.175668890123638
3.1501219682347896,1.7942649841640952,5.411938733709912,test_x0,5.411928280519903
3.0002250710954383,0.2767927927501983,3.5795547243796615,test_x0,3.580088315062691
3.4863657757091735,2.7193989362442315,13.523871815335319,test_x0,13.523689602461308
3.407065254145432,-2.124580887283399,3.9608576547277683,test_x0,3.9610405387376755
3.2880651981552758,1.6490803501169573,5.729079648378496,test_x0,5.728827926488733
3.2550766530377495,-2.0461039737467828,3.4425854425377524,test_x0,3.4424047801742805
3.332887398946809,2.833615205025266,13.713732691513663,test_x0,13.71362722436156
3.2090612206355087,0.24469493443329515,4.7185910290699535,test_x0,4.718092832580917
3.495730748596088,-1.7532909675682729,6.204909219002882,test_x0,6.204980209457277
3.2856787052162906,2.7602713357681843,12.654453909705317,test_x0,12.653891168455699
3.2115699083846674,1.9776773789591218,6.5134986447764796,test_x0,6.514095210531314
3.2271094405524057,-0.14272427052020253,5.277836179349318,test_x0,5.2774308621052235
3.429577188999695,-0.07910303124347973,6.447624728116153,test_x0,6.448248420808006
3.0860565449564006,0.2967116857810215,3.992141747368585,test_x0,3.9919241255226607
3.0049493790276345,-2.993697463209492,-5.898361346248422,test_x0,-5.898414977599537
3.290061494336705,-0.2504785145952897,5.770343203656612,test_x0,5.770095414510555
3.0538927029092457,2.923333357466925,13.152558477458395,test_x0,13.152796798834698
3.367337689147159,2.098750461393621,8.05649339022271,test_x0,8.056589787028077
3.0508035697955855,-2.726375423408672,-2.7074818343782026,test_x0,-2.707378199218734
3.3290996398848463,0.7013649276270506,5.04553606372209,test_x0,5.04562355015292
3.1286877465857006,0.953660851263523,3.8500746289268086,test_x0,3.8504464748318665
3.2925338441277967,-0.16912490051570028,5.692990625564352,test_x0,5.693186027664257
3.2205341387378517,-2.688793918003195,-1.422610691737679,test_x0,-1.4229952417877498
3.375678492801652,2.7772809043728035,13.38371898266561,test_x0,13.384100004783775
3.4703483731740317,-0.8604054324506194,7.337736022134078,test_x0,7.337693304216767
3.267343321906873,-0.48747928583705136,5.8695080430911855,test_x0,5.869592765967705
3.3742854227145136,-2.4497151746105237,1.5858064164496413,test_x0,1.5863163090572026
3.0547564675136956,-1.1864495490883402,4.762415583492647,test_x0,4.762728636012043
3.072982424363407,2.4282724542279848,8.512515161271883,test_x0,8.512640925363494
3.0639098796734214,-2.650493262134698,-1.9088547837296452,test_x0,-1.9085093813130984
3.181566268897126,1.1112427697218275,4.202834763287791,test_x0,4.202685448431956
3.246705606188108,-0.21296617337334123,5.4721450435846775,test_x0,5.472545101596358
3.468419665394269,-0.9094773106553746,7.325998934151068,test_x0,7.325658614637988
3.228013263306119,0.4927052387899318,4.581775855214284,test_x0,4.581908253862438
3.2540112010891615,-1.3515691952715816,5.651472532760753,test_x0,5.651572040024944
3.292900135458757,0.6227699666284363,4.868103502826995,test_x0,4.867971220865179
3.4165333925160017,1.452825533412688,6.0576177199816295,test_x0,6.057455792750742
3.3004857477559666,-1.0509759540952601,6.221074629363583,test_x0,6.220753353996651
3.4783565021214606,2.5074342974049006,11.551206582536995,test_x0,11.551317097576874
3.4352847955708516,-2.4739911029525556,1.7880363597619964,test_x0,1.788049689337818
3.1584209882395156,-2.2128820865046226,1.9596188624457223,test_x0,1.959485114319836
3.298359454093341,0.6612154201036304,4.878591388812739,test_x0,4.878259006288463
3.431953154917397,0.538375515083743,5.800512845895758,test_x0,5.800620292657324
3.100693612076376,-2.762686728111348,-2.815939994575184,test_x0,-2.815483340698925
3.227946368892858,0.6576966110612616,4.465845469185437,test_x0,4.465559723775607
3.364382382941797,-1.4456906375018326,6.158210519411236,test_x0,6.158352867872254
3.322791401328944,1.0910461543180494,5.016079499114142,test_x0,5.015656110905277
3.3174771842281734,-0.24573987336513126,5.9309311600319905,test_x0,5.930977794096543
3.275278680561094,-0.40125964626915556,5.838646908640951,test_x0,5.838748665318988
3.1029454553242886,0.6080107283243814,3.806497840592299,test_x0,3.8061392392835005
3.329623086572522,0.703443400560543,5.047799696374141,test_x0,5.048385324262986
3.440411191995303,1.524899966790728,6.367291247594736,test_x0,6.366913656839188
3.162031148387314,0.6892047387209406,4.07870232276987,test_x0,4.078876903647855
3.440674080045386,-2.3064942579141103,3.0585823049803484,test_x0,3.058588700146769
3.229647115738947,1.3247022863771667,4.695296104505824,test_x0,4.695250664080631
3.367727951690646,-2.542126697025771,0.7916369063208017,test_x0,0.7913593013947264
3.0210869657239616,0.1224341506351374,3.858125066195078,test_x0,3.8585452891605487
3.367783659367387,-2.4695697688146514,1.3883749781639498,test_x0,1.3883545608716272
3.4052586855080254,2.053830872431914,8.061860813415691,test_x0,8.061660354326145
3.4944345705690716,-0.6178869079998535,7.410456369899388,test_x0,7.410926173975652
3.229571037063738,2.3793126714632544,9.001805566589214,test_x0,9.001894809644424
3.0175174286561113,-0.48163471162293714,4.508487595431079,test_x0,4.508398452486932
3.1089681534901565,0.4495766647919952,3.9615180713129696,test_x0,3.961163263497707
3.0854187504092665,2.4031372533591915,8.387186592427202,test_x0,8.387548086674911
3.0475920517274613,1.4235735026905756,3.8714910545526218,test_x0,3.8717464028538133
3.2937776783907853,-0.673455265256985,6.155357319723754,test_x0,6.15571276728466
3.3296784825628696,-2.236847512413918,2.8064277212785047,test_x0,2.806445942474465
3.2311173588641484,-2.6780423218841136,-1.2585978593044174,test_x0,-1.258526416875999
3.3204872849660743,-2.671231983894372,-0.6629301735449211,test_x0,-0.6628818147038655
3.2263273349250965,1.7915190601060722,5.828679590914935,test_x0,5.829371962429903
3.0758497682889385,1.4727858608902444,4.112072418420296,test_x0,4.111430140472169
3.228754405639462,-2.96208376115214,-4.322590285687399,test_x0,-4.322514128167401
3.0495167274502446,1.8507908340687953,5.095994857218488,test_x0,5.095916531992567
3.4269844935084124,0.5200134033195116,5.782254934880013,test_x0,5.782397337414879
3.1204044034336644,0.24098271994593112,4.234243670526667,test_x0,4.233721943331336
3.197901896598225,1.4989600409943389,4.827007276474406,test_x0,4.8268336847264495
3.172042641776233,1.4002708939073907,4.489776507974781,test_x0,4.4899495013441815
3.4716684093418526,-0.4364071128727778,7.114741094944375,test_x0,7.115021309448935
3.0038447269961197,-1.8535402199245166,2.959092139289571,test_x0,2.95848492260389
3.2489688687959393,-1.9373560435216686,3.923648955676591,test_x0,3.923920251716558
3.083698417838687,2.7039161675241266,10.96253531444545,test_x0,10.962671210251097
3.034992169452916,-2.494602449903355,-0.6948099871098956,test_x0,-0.6948622070071774
3.2994532594227723,-2.8828835789795892,-2.9862864151689372,test_x0,-2.986653730641981
3.4894969704616363,1.2702580186326538,6.253791916409716,test_x0,6.253954614536749
3.2276261039031917,1.5002257478418564,4.998982410617927,test_x0,4.998219481359593
3.2363213717059987,-0.2977699239137963,5.505263086522415,test_x0,5.505329142995501
3.441139234863516,-1.6325606794764669,6.2125166824132805,test_x0,6.21228684969715
3.1779269556085556,-2.3947364035967085,0.8370145381524943,test_x0,0.8373618457250108
3.4517538898578994,-1.8999400216550553,5.350132626630075,test_x0,5.350550469237886
3.10160137190534,-1.864107996405435,3.4147740365013823,test_x0,3.4147475467424697
3.3829178268736495,-0.9249985303293675,6.765726970266635,test_x0,6.765776881485867
3.0527349096382395,2.278300489702069,7.342409321835785,test_x0,7.342767603429757
3.2116824917469855,0.11286273636205557,4.885081884063231,test_x0,4.88512899826781
3.1237285954723473,2.2791345839995136,7.718673614291355,test_x0,7.718229903119036
3.445491466973244,0.152912951342425,6.276115828239691,test_x0,6.275977740677991
3.034664727389901,-2.2157882582990482,1.2915270520381108,test_x0,1.291992663725495
3.1349533904561,1.1408487403573497,3.96795480855298,test_x0,3.9675683840012077
3.4557068169042666,0.14676937999935635,6.351151818923506,test_x0,6.351404346512253
3.1976076999607566,-1.6907670543631936,4.552337141727309,test_x0,4.551890230928617
3.300174460871266,2.1546051134078894,7.9541132677948445,test_x0,7.954618813308809
3.336207726790314,1.8519968810759284,6.712161496404693,test_x0,6.712019111049831
3.2363632667798043,-1.8368428741258231,4.26684778818937,test_x0,4.266640990150583
3.244103916273615,1.0481052835326183,4.524232782843603,test_x0,4.523736239456843
3.3535691772069915,2.542499082822788,11.033090608212266,test_x0,11.03292576691312
3.138403078481798,-1.355229108622064,4.99492197241866,test_x0,4.994910433726002
3.1572724159232335,2.1537073644242843,7.126424107967821,test_x0,7.1262741057395464
3.1500765378987747,-2.0070272095709036,3.042713486031688,test_x0,3.0427175169030716
3.0495091214944563,1.461466532393259,3.9540330052604915,test_x0,3.9539719129109243
3.487475659137282,-1.1726567012015867,7.340451284074984,test_x0,7.340359177326434
3.040560302038451,0.1353981306974248,3.9404834207211428,test_x0,3.940592000092567
3.199209066256534,1.3372091258812207,4.5400369245276595,test_x0,4.540698248567424
3.374785498248997,2.914490716309996,14.880639698443847,test_x0,14.880610915328477
3.0918994180733916,-1.744414398728791,3.8048511056236056,test_x0,3.8050172661567214
3.1950797979579066,1.2062503158877131,4.355947580906292,test_x0,4.356176328329842
3.0681463387195014,-0.7901882960604847,4.943869555165197,test_x0,4.943597560913004
3.3526749168555012,-2.37798904649092,1.9907861705548395,test_x0,1.9904664274672539
3.31159727631271,0.5740019459722534,5.013402819492922,test_x0,5.013457546937781
3.264903293621237,1.8253990340858017,6.178767206325125,test_x0,6.178544975431958
3.176667578640362,-1.2416010375558164,5.355866367244173,test_x0,5.355867044957698
3.173700444987446,-1.382417008552618,5.144437557040552,test_x0,5.144074423288864
3.2329360994343292,-2.663813457768734,-1.1129223742090002,test_x0,-1.1128825958323612
3.071193547885473,0.9810279493749974,3.5528887705921797,test_x0,3.552744940956882
3.30424840548188,-2.5781947030076084,0.08816083312770817,test_x0,0.08798515485313603
3.0974622530531164,0.44498230259191063,3.9049247428107154,test_x0,3.9047154559417323
3.076838356049635,2.568086276574384,9.673873271882162,test_x0,9.673305667930494
3.3160585644505383,-0.6346801164267051,6.26859438590173,test_x0,6.268372793920034
3.0400913092383393,-1.2101268155199438,4.665446610192218,test_x0,4.665173412487071
3.420536329580152,-1.4369169044607568,6.534711329216773,test_x0,6.53482011688495
3.380604066165751,-0.7159081418341207,6.712363313671398,test_x0,6.712593604375569
3.3123810311367987,2.2156197136995814,8.391873524960147,test_x0,8.391835342273223
3.2939369938694876,-0.048149498314969286,5.558612145019961,test_x0,5.558636432631553
3.2818303979276164,-1.888937528575236,4.3251973034806,test_x0,4.324947735144348
3.2447080445530885,-1.2532961191194743,5.729434964883492,test_x0,5.729735841673483
3.3370470035827595,2.4650483388658353,10.294999191454009,test_x0,10.295096668535146
3.283525425862421,-1.721520167064438,4.953377263543235,test_x0,4.953056734199519
3.4242326141360877,1.007857600866898,5.620412014180965,test_x0,5.620380351853101
3.3524068714927227,-0.7907523063514299,6.560768205379164,test_x0,6.560560982189786
3.4534975971125172,2.425249389286815,10.733138241384363,test_x0,10.733382534480256
3.228880259332334,2.2090994048809307,7.857622422055905,test_x0,7.8575978486582585
3.145901348841201,-0.29577508805689057,4.995847216175246,test_x0,4.995532760935133
3.362463918719623,1.6701923678279549,6.247386969884871,test_x0,6.247205285083007
3.072514284306113,-2.3632771003546216,0.5012495105509629,test_x0,0.5014729219279304
3.1817692895982397,2.1128456240986937,7.031922683571665,test_x0,7.03188806947611
3.1496850874233298,-2.905462549565521,-4.1025270746998395,test_x0,-4.102591466466526
3.1983501099353613,1.864938521387077,5.949491088816633,test_x0,5.949632173815723
3.1544538392278785,-1.3928042203225692,5.0209136277515265,test_x0,5.020965484213369
3.3159013490187963,-1.912228129275712,4.432381561382413,test_x0,4.432951082150814
3.320498375069731,-1.9864381430905977,4.1264672693313225,test_x0,4.126221390834352
3.043524717878029,0.7272850024659014,3.4363018554085256,test_x0,3.435885536516119
3.1609204074777955,-0.6942771572915616,5.401759678539154,test_x0,5.401854535927753
3.425673551230195,2.5947110594557063,11.94820887971993,test_x0,11.948191665921884
3.172296951044803,0.017926281599594418,4.777204603035442,test_x0,4.7768039438270975
3.3795752015542297,2.360014381684631,9.770426217806099,test_x0,9.770743642114933
3.127069816119805,-1.338912010485312,4.958687005206344,test_x0,4.958552680725273
3.4622759672403274,-0.38060459160025006,6.99872650103865,test_x0,6.9984709747731335
3.3519851127768763,2.0873617953603425,7.899023366656003,test_x0,7.898545991906006
3.4021168935844632,2.8040144593608023,13.832893880644287,test_x0,13.83258076526256
3.452552078515689,0.9505849805693987,5.793466043414038,test_x0,5.792766561962437
3.458409844109605,-0.3416153282359349,6.933730463475421,test_x0,6.933988417588285
3.1810659488939,-0.5751548818021908,5.442477512988478,test_x0,5.44204387149979
3.2074111604023647,0.710982822876602,4.322054430563979,test_x0,4.3220855563967575
3.3154161459863865,1.1015317537796818,4.977338221313948,test_x0,4.97771089811435
3.216843626504873,0.735997373821736,4.365356248150499,test_x0,4.365622644491244
3.117163752271168,0.3119205335262798,4.140002699645144,test_x0,4.139809667352022
3.1026497661813695,2.8627502158944322,12.717470430419093,test_x0,12.71754954803521
3.336340572670234,2.8099140959280833,13.480409631011565,test_x0,13.480010003189683
3.364391235465778,1.5043923148472746,5.8312963839048875,test_x0,5.831683699772234
3.001414069545589,2.9494113924275016,13.196144366571774,test_x0,13.196351729173617
3.369700577026554,-0.7813676369404203,6.666775051875306,test_x0,6.666709099105313
3.2268235236694216,2.987398834680942,14.852096488496569,test_x0,14.852798471807255
3.3594292899282014,1.8048448211137362,6.676826835897295,test_x0,6.676945313842027
3.2170746380138624,-0.39321908755736956,5.491992907101663,test_x0,5.4923581282611895
3.2936020059766546,-2.082538262205458,3.4819730002553233,test_x0,3.4815958593206826
3.1627104865421485,1.494379939780095,4.621144737464309,test_x0,4.621262559904254
3.1722219431628025,1.7040873819493516,5.227654450252622,test_x0,5.227516168782932
3.1415228207307204,2.159843543402257,7.0760212826434294,test_x0,7.07543248418086
3.474576773972235,-0.7427336516572662,7.338619585621888,test_x0,7.338874914456685
3.116190989544788,-1.9812066865971922,2.98310185261516,test_x0,2.9836975589669006
3.3681203088000227,-0.7187329217124159,6.634528162709655,test_x0,6.634851873383042
3.3536458401103912,1.618395466059094,6.044207357699792,test_x0,6.044492027159907
3.3528234727300354,1.2268207281400576,5.3127435238846505,test_x0,5.313135504864563
3.468747288927115,1.3660093220705827,6.248226814693874,test_x0,6.248645281791784
3.1552397077015715,1.335618339272406,4.293348639494556,test_x0,4.293060890854537
3.242394394855343,0.48658801558481946,4.67003858203044,test_x0,4.670442727260994
3.160748832708334,-0.9986977926489806,5.43540049294146,test_x0,5.435595131954463
3.1346935889363707,-2.9974962495129223,-5.2760884996070905,test_x0,-5.276215824507996
3.2756461962498107,1.1123437535984237,4.744964369122836,test_x0,4.745013119591038
3.4280864358527676,1.806024355363614,7.1213252226732005,test_x0,7.121127101614884
3.189961240313981,0.31768539996376965,4.531943092070907,test_x0,4.532185783156945
3.375223113803243,1.892137546224908,7.119120958431561,test_x0,7.119194971995824
3.0554075443402575,-2.338671477966085,0.5879162427580698,test_x0,0.5879132509458599
3.006838557014463,-1.5395749868104514,3.956462680746524,test_x0,3.9564530700807015
3.4074645633652016,-0.38556145095532823,6.642971096116238,test_x0,6.642908904023133
3.359372703951844,-0.3439990979000722,6.295121773998236,test_x0,6.295326253483734
3.2049470470014847,1.7793423783926912,5.663109034196986,test_x0,5.662690691592685
3.1957508631974254,-0.3654628411067553,5.3438017589389215,test_x0,5.343588900502056
3.1505646014038744,0.6361489708292485,4.044596027611133,test_x0,4.044420870256604
3.2993674822210117,0.6409092141416157,4.896124538004902,test_x0,4.896085035667491
3.112368197254995,-1.3338765472471332,4.887633344459055,test_x0,4.887697690953002
3.0303918776814287,-1.778319578501823,3.372674742438622,test_x0,3.3729855036888368
3.2538525847471855,1.5047486184284393,5.161022452315283,test_x0,5.160820423411456
3.304352697514345,-0.4945415939437088,6.096676256997034,test_x0,6.096427923746289
3.1895870245156854,0.20354092069476826,4.655004260304837,test_x0,4.655069104339042
3.3843954266884815,0.37570727376571966,5.63653288284154,test_x0,5.636350638509618
3.2078032070762155,0.48692269401286215,4.471174225818238,test_x0,4.470911753894866
3.1003998979134098,-2.007079107161366,2.776175926843425,test_x0,2.7760885363215326
3.25978687965558,-0.7574718379600034,5.989604201144128,test_x0,5.98935220127135
3.00024619800561,-2.0226694462761787,2.1908456008684043,test_x0,2.1915300023295345
3.4154450170480963,-1.0259495519482262,6.95188783424533,test_x0,6.951589436727529
3.068805271973685,-0.45468285670248765,4.744352134391742,test_x0,4.7444801870024
3.103516478157198,2.6018865085527265,10.111620052308105,test_x0,10.111579464441501
3.247772020801352,0.20435978690919354,4.9866644354849985,test_x0,4.9861127791861986
3.2242784778928475,1.4441438193302103,4.864707802709867,test_x0,4.864606008562218
3.4273311274443987,1.7598566237131212,6.951625002359941,test_x0,6.952422177645657
3.431995012651593,0.8770445206661321,5.653675768375694,test_x0,5.6540395505550665
3.0208015760217966,-0.4207316252722242,4.470348417575566,test_x0,4.470178191553306
3.0579135981784926,1.304744478463551,3.734730478874117,test_x0,3.734592344419944
3.4051487987052353,-0.9105613713959873,6.9091821843713435,test_x0,6.909690734002613
3.4666576594705534,1.220098930549712,6.042958322067415,test_x0,6.042857268595806
3.154648388739932,1.8400310258877317,5.608438179749822,test_x0,5.608269744325245
3.344209766733502,-0.6406385463042161,6.445350472132098,test_x0,6.445002129015828
3.3329210492960994,1.7041423427689688,6.167728698032544,test_x0,6.167500621149897
3.0631640294311864,0.8754934378896717,3.5016714097932216,test_x0,3.5016584697332562
3.2285250974635997,1.2131675309293772,4.553116622205711,test_x0,4.553313312091591
3.256228243713531,2.3448714471791767,8.909758824736478,test_x0,8.909953043970681
3.2077933884623278,0.17723370800097182,4.787805758169406,test_x0,4.787734921124291
3.3663857309211282,2.190288752774597,8.57221660421555,test_x0,8.571869149268782
3.0731544796656824,-1.9728933476697679,2.796085666921453,test_x0,2.7962863979812562
3.0388804931800717,-0.43271489791763385,4.57199385507994,test_x0,4.571746228780213
3.033057077184912,-2.0079275954025446,2.425712642247769,test_x0,2.42523238605973
3.126393381224975,2.744711001466192,11.593389456234148,test_x0,11.59324818572347
3.4111059642170996,0.08792727523798582,6.127357039890154,test_x0,6.127172979756103
3.44545164616861,-1.67380171569955,6.121450331505428,test_x0,6.121413752025277
3.40059889515265,-2.880428264001602,-2.328095944027883,test_x0,-2.3282806747744664
3.089840469964699,1.9610566703345835,5.772483922950666,test_x0,5.772238219053386
3.313757642760369,2.743124195721328,12.64967481135844,test_x0,12.649816072295545
3.3253283847706436,2.877067898540834,14.14651656270228,test_x0,14.146397274592688
3.1247681240084217,-2.5801047689035634,-0.9519033799726779,test_x0,-0.9514998560201615
3.388563773950751,-1.6625196215725442,5.784908082361591,test_x0,5.784845569183222
3.3057742387868156,-2.330779790004363,2.0382228317977567,test_x0,2.0386754803920653
3.1022856506223517,1.8428866229472778,5.338216443994428,test_x0,5.338623815259287
3.3521104166389146,0.17065017002585758,5.65494382502482,test_x0,5.655068915644453
3.4813736771884507,0.6226342294606342,6.071665254008305,test_x0,6.071771091814305
3.1676406123248686,-1.267969919979657,5.275243359930987,test_x0,5.275520340499829
3.2047158113397916,0.9396858515346058,4.267511503738503,test_x0,4.267307275631758
3.2870834259679,-0.39085577268983274,5.898963054259608,test_x0,5.898921307876196
3.408469083470281,1.3004232330855157,5.754518827972259,test_x0,5.754562831792402
3.2545427425253792,1.9124391325282755,6.469556411659174,test_x0,6.469329823842651
3.2472890486608446,1.767241778105113,5.863798853021794,test_x0,5.8635027000150455
3.1132362981822266,0.796374763997532,3.775114484884851,test_x0,3.7752084658841976
3.4896176799937018,-2.676004598433983,0.3838774846465831,test_x0,0.38412310305412123
3.039810618073662,-0.015198463086826486,4.116173841507012,test_x0,4.11597805982222
3.0887941137404287,1.3744376207608164,3.998308407669989,test_x0,3.998338179801002
3.3581035283793135,-1.6952689989900227,5.492995107662589,test_x0,5.493361342509158
3.305462049588355,-2.069726190972845,3.6209766739409925,test_x0,3.6207563790402912
3.426050117324921,0.30139071788412686,5.9818662093813755,test_x0,5.981678071298522
3.3356115203657684,-1.4465460700774548,5.9772096326500455,test_x0,5.977115302100483
3.2041582310343526,0.2257845857492402,4.711915865916854,test_x0,4.712454535366314
3.1204402807796776,1.5681756055452158,4.563015527931938,test_x0,4.562759769541846
3.335922002727828,0.4391224971647434,5.272108292343216,test_x0,5.2721039557029545
3.207118190011355,0.09827685680161347,4.876414787840888,test_x0,4.876624914944876
3.180304206840357,-2.6292080316686324,-1.089279157574346,test_x0,-1.089623374582466
3.247557047721614,-1.3291899211058182,5.647233420042049,test_x0,5.646897702677234
3.110478589272337,-0.25356022709664794,4.759705936225305,test_x0,4.759874631799021
3.0422753610620825,0.25812472151873855,3.8092309003797644,test_x0,3.809409784315144
3.22085883164651,-2.059737549454529,3.174611884573517,test_x0,3.1747512090747163
3.2513551819265514,-0.8044727819276849,5.953588872192308,test_x0,5.953663439588053
3.1053275279337456,-2.2706455020984633,1.3075499558585917,test_x0,1.307682699697361
3.4655611462632203,0.6385694216253985,5.955488065450986,test_x0,5.955763069830681
3.001940169194217,-2.8098281400657887,-3.8106777153982527,test_x0,-3.81082202604072
3.0492889682364455,-1.34476061930766,4.543705700760146,test_x0,4.5439536304587005
3.215029761888646,-0.4672564215032047,5.548562365283145,test_x0,5.548268804815488
3.1637530356260237,-0.10274676515518877,4.874288960611196,test_x0,4.874517347512142
3.0558856172316684,2.862012210107121,12.466615529634414,test_x0,12.466799632936892
3.2564535392407126,2.409524739608412,9.381569892126834,test_x0,9.381878597426244
3.3965931724193132,-2.6214208195036877,0.27760076525709265,test_x0,0.27758655842531116
3.173095835844773,-2.109625906332152,2.640222162375135,test_x0,2.640256213965769
3.4051389204901152,-0.3093364184808607,6.5503316456051985,test_x0,6.550059204183773
3.2296244708309074,-0.20572152903285534,5.365003351593387,test_x0,5.364733700380036
3.1213024428818277,1.8407859522318653,5.4310265968639815,test_x0,5.430767343906286
3.246008981869917,-2.681233033474123,-1.202868203107003,test_x0,-1.202901056003664
3.107332539339894,-2.6157289348002295,-1.362670244379256,test_x0,-1.3625996439132804
3.3911840567556824,-1.4114872153426656,6.391953382343137,test_x0,6.391610000091022
3.168502362282877,2.870226239103089,13.156201413956941,test_x0,13.155905184023391
3.0329178249491537,-2.106810389672726,1.9157304064010119,test_x0,1.9159214658961439
3.4880100101842544,-0.8049930275998234,7.4483384687189655,test_x0,7.448108616534134
3.1769630819272616,-2.764969611015216,-2.4266154046907236,test_x0,-2.4265159344256713
3.0614249496075945,-2.564166143267596,-1.1448101203048682,test_x0,-1.1445480276343347
3.4233778127252337,2.251389143846513,9.316577915754825,test_x0,9.31689312216859
3.0699696410487087,2.0670751824720366,6.187341107611534,test_x0,6.187535056014105
3.105939661619026,-2.321057437081627,0.9726876286564783,test_x0,0.9727079538955188
3.133190142122877,-2.728413864026316,-2.296354644420046,test_x0,-2.2964241365853426
3.0403091764989667,0.48164145786753787,3.5783482379982585,test_x0,3.5782142370164935
3.2941959510241,2.114457445568755,7.691892014147609,test_x0,7.692200297427837
3.4646537227313163,-1.0359392460303567,7.272750395224099,test_x0,7.272557118396993
3.1708100411178926,-1.9282269311040883,3.5197243162738197,test_x0,3.5193337406964322
3.1846780980324225,-0.424279377941831,5.338520560109278,test_x0,5.338696644698597
3.205504446664713,-2.3582876861594295,1.2568375055880228,test_x0,1.256756012773804
3.4504285763242133,1.444019517562464,6.263277586794115,test_x0,6.263312612215423
3.358592978667748,1.6585556197400138,6.188704124545069,test_x0,6.188436445773056
3.0424554538015576,-2.1902938973280586,1.4858000181041158,test_x0,1.4861765447988533
3.4578805178744374,1.5825546779915225,6.622864219119797,test_x0,6.6221120294982665
3.35596160831698,-2.2490191118273613,2.8922639717728797,test_x0,2.892321290209969
3.132596676702959,0.9341490758368987,3.868443820125551,test_x0,3.8682851413039114
3.0439603152483765,1.6494922934512761,4.383500091376311,test_x0,4.382917533673244
3.2251963410900735,-0.7336669631593011,5.779976191168401,test_x0,5.780076339187024
3.3318618764225647,-1.6548055734675018,5.451693301713131,test_x0,5.451270112872856
3.473376714408762,-1.649600487018872,6.379204398746424,test_x0,6.379482792016424
3.303896394490397,-0.3847498918302614,5.9941630463325675,test_x0,5.99422578079151
3.432544056972918,-2.064438042306368,4.450527871422018,test_x0,4.450185794800552
3.402434030366421,0.7494939071211908,5.4875955919796855,test_x0,5.487907708310527
3.0841875574536677,-2.2213323198561037,1.5106155127073804,test_x0,1.5105284034181305
3.1126690293713204,0.6720660611246423,3.820511756633742,test_x0,3.820896623797182
3.3412606742237707,1.4941024792474975,5.664502841160461,test_x0,5.6646927434528545
3.3015121787058974,-0.9327386810314788,6.26007343074773,test_x0,6.2595988537837455
3.1380364225079376,-0.057713508094598964,4.680361890289391,test_x0,4.679948813206803
3.3273650897844416,-2.9927854348263656,-4.107487115849642,test_x0,-4.107551477622314
3.3129800360854245,0.8625004825112486,4.901865097879044,test_x0,4.901895556590016
3.2648202948859493,-0.44407046620556123,5.816666949650647,test_x0,5.816499094721929
3.2952846006372685,-1.9532577468748733,4.1268506470080775,test_x0,4.126676108043747
3.1037977030396404,-1.8215952229757704,3.5919228346348255,test_x0,3.5920235593783043
3.08724761043631,1.3797023986792896,3.9988911583594278,test_x0,3.999150406402798
3.499118289485273,1.709972344915844,7.266979304120562,test_x0,7.266539308987414
3.0311176359478997,2.7660213350518275,11.316240187251928,test_x0,11.316426068497904
3.2615500936565187,1.912006933399235,6.508830083138743,test_x0,6.508909223754416
3.3128493539520196,-0.07214301273250046,5.7016442127249825,test_x0,5.701397198166009
3.030688641532435,-2.830719104402658,-3.8922962720440526,test_x0,-3.8925158891292777
3.0547401816284068,-2.860183982895746,-4.093211352379016,test_x0,-4.093469912803789
3.0530069532702795,0.1325738402327108,4.006897823819431,test_x0,4.0074919356908705
3.300813579577427,-1.8862870817187107,4.4500757639714354,test_x0,4.450643377278705
3.247723369600021,-0.3601955924451623,5.636213941720459,test_x0,5.636315345058767
3.3168791364044314,2.8336266523644458,13.61567940125519,test_x0,13.615184585451805
3.4190835333652423,2.2811737181559764,9.482290375608196,test_x0,9.482295158219463
3.41506381221902,-1.5568477335376083,6.239707370034576,test_x0,6.240090424434019
3.3434274858270494,-2.2683176504069653,2.689625518507663,test_x0,2.6895753288345445
3.1293791725777567,-1.373754156236645,4.916751461727985,test_x0,4.916664467568251
3.1073152579831236,-0.7940904865792655,5.1493616741576425,test_x0,5.149414243306438
3.4199130539590765,2.7986573319862273,13.891599911274191,test_x0,13.891327827184387
3.3663849108106403,0.16923859754160286,5.746088160316596,test_x0,5.74683389379257
3.4097491585036317,-2.125335609852579,3.974017241402554,test_x0,3.974004612751362
3.0375669290665464,1.2958876884615158,3.6196718553417346,test_x0,3.6192463229815144
3.0650319125045615,2.2286458076958287,7.086637115912762,test_x0,7.086661260709851
3.251467067135374,0.6045182323521741,4.634229587739266,test_x0,4.634302714286972
3.2758855076426148,2.57965777191703,10.880791852283327,test_x0,10.88069725376469
3.2800396151407765,1.7781052202674914,6.094900500765348,test_x0,6.09571867740476
3.134378274114826,-1.5436711377278882,4.60462489057859,test_x0,4.604616321483735
3.3283269917923706,0.8681291560327669,4.995295417417175,test_x0,4.995453872654419
3.0985723709856408,0.7314183117178379,3.7186283534879,test_x0,3.7188499237592763
3.2210993001136057,0.5052199396996748,4.531755131625263,test_x0,4.531605523422565
3.0499699010934775,-2.884617195385009,-4.390560754682288,test_x0,-4.390631901293898
3.3682898607302505,1.525894415671476,5.904096160898154,test_x0,5.903763658105896
3.394012546334159,0.6191426900243178,5.498036968719492,test_x0,5.49825084941209
3.28730154680097,2.0592573183946588,7.356169856883834,test_x0,7.35586344573801
3.331114565897317,-2.73916931279237,-1.2619887742867562,test_x0,-1.2617310155373496
3.359929721358979,2.5559555081263454,11.187935497275866,test_x0,11.187826522069281
3.328273595300984,-2.1520224850583407,3.3087930793382427,test_x0,3.3088457019606183
3.169237511177309,-1.4178821204781207,5.0579983795610355,test_x0,5.057939444020247
3.0075159526620308,0.9791892821221522,3.2313318413279264,test_x0,3.2312222879533143
3.2226219287000752,0.9894401704171347,4.37926177149177,test_x0,4.379023498543517
3.386608249924062,2.882594920859578,14.592112227962994,test_x0,14.592147066711453
3.1760040823757083,2.457137768294846,9.2882210954275,test_x0,9.287439436151082
3.4443071270350525,0.16647678355735263,6.252517605285078,test_x0,6.252262774858615
3.3548828626315035,-1.2382347217320737,6.411195581096114,test_x0,6.410845229936327
3.1022264051199335,1.3568615775234392,4.040740416940882,test_x0,4.041139208031508
3.494614676386842,2.3073530397827744,10.161380859140591,test_x0,10.161034343012867
3.318402810524902,-2.2895801728621934,2.3954178840571543,test_x0,2.394991953015455
3.008655102349343,2.105017411059343,6.080293614062734,test_x0,6.080722029007584
3.013505177781659,1.1567814498465738,3.3523361121170905,test_x0,3.352703072904397
3.4511637087920475,2.731035164352404,13.402999731483575,test_x0,13.403100581338457
3.2108325305516976,1.5365754993370198,4.985050508498766,test_x0,4.985086229468188
3.458440401907074,-1.5503760724020534,6.541087704232107,test_x0,6.541479432166991
3.3632753867830636,2.8532988443991227,14.118024547848506,test_x0,14.11823900785477
3.121395307695534,1.4434882447338406,4.293403327721021,test_x0,4.293470401699373
3.1614114114692904,-2.562420587341593,-0.5988675975412698,test_x0,-0.5986608898036673
3.024043941477582,-1.7608973988168404,3.4018757715725987,test_x0,3.401646536916961
3.299815160277981,2.4066972677138434,9.618274038974189,test_x0,9.61792426989004
3.4769329685427235,-1.4084484363476248,6.961255293940232,test_x0,6.961211745387618
3.240306846286515,1.2772391341271216,4.69334280917193,test_x0,4.693295523137167
3.0184666401115936,1.6643459136964447,4.299044999091017,test_x0,4.29922660309009
3.3405300336889314,1.3529962893249898,5.40002530461798,test_x0,5.399824752651551
3.1314897001197632,-1.716911525764036,4.105626033272717,test_x0,4.1053443516155195
3.2329404778476625,-2.459003708729041,0.6579830723777149,test_x0,0.6580621288494374
3.1961743519624837,0.2541390465299367,4.63527627121786,test_x0,4.635572065509509
3.0283069028378464,-1.72549906934832,3.5420447769498535,test_x0,3.541864865079761
3.0776181806485714,2.048282526767257,6.13007286996409,test_x0,6.130126528590063
3.162154918915559,-2.3422593039738393,1.1284261170548144,test_x0,1.128190514681429
3.3966369868859974,2.1746216069147044,8.671502884720594,test_x0,8.671521656954402
3.443599094140345,-0.2281592564943713,6.713150647418194,test_x0,6.713222259982326
3.475991008854426,-1.003894532096121,7.360555008987422,test_x0,7.3603818884076695
3.4228604712355493,1.772712963419358,6.967128148367896,test_x0,6.9674106579600235
3.080565276133688,0.6403175531454952,3.669443951483035,test_x0,3.6692390741685337
3.2695502803723526,-1.1695903429760972,5.959039358735414,test_x0,5.959006165297769
3.250308732514415,0.5907424515315274,4.636614129200847,test_x0,4.636549239242513
3.354172691952697,1.4927140523019382,5.741892798342937,test_x0,5.742540639481521
3.4183094866213684,0.000682291707830629,6.278506217701805,test_x0,6.278381826689607
3.260223621364883,2.305987132205959,8.664456532741339,test_x0,8.664899464127954
3.4431681671079346,-0.5844589201128034,7.043975324538543,test_x0,7.0443920254815655
3.428584589730468,-2.5487283122198248,1.1266259459954262,test_x0,1.1266009482445738
3.446395659113547,0.829755115291055,5.753748037263419,test_x0,5.753739118357068
3.430999151892176,0.5957589916588493,5.753092046923854,test_x0,5.753156899176069
3.264467053737081,-0.8025698164411521,6.030093980986496,test_x0,6.029627346420381
3.2509855750233614,-2.0437331534556806,3.430681464050085,test_x0,3.430230427249818
3.2494921111043897,1.7699878800292792,5.886234789920839,test_x0,5.886210106147623
3.241218637655057,-1.4226723717660072,5.456978800301533,test_x0,5.456889925111359
3.0892630931754548,-0.24207452553968078,4.635270261942818,test_x0,4.635055826265426
3.084508303327675,1.0063251109636715,3.6290240384597885,test_x0,3.629254134128588
3.3206769386640484,2.1376541256397843,7.981902895277806,test_x0,7.982165923004435
3.436310916083229,-0.10987956470169236,6.5283884966830446,test_x0,6.527975972830935
3.146008004051289,1.2838231938544142,4.171846897280578,test_x0,4.171869757858666
3.155749265329443,0.0775669509632082,4.6147441333785935,test_x0,4.615231209398945
3.1582730751871373,-2.2688607598725143,1.6043142665371366,test_x0,1.6039820699597092
3.1601539058311894,-0.22136002414301492,4.99195307680782,test_x0,4.991779100514201
3.402528211170252,-2.5482805034505183,0.9610939465967978,test_x0,0.9611541400166467
3.2602020852176907,2.38800026763494,9.243622349926861,test_x0,9.243676382205425
3.430506563401137,-2.2947478083584465,3.070822860190673,test_x0,3.070900557014502
3.258442506930291,1.4522065623143687,5.078681408993939,test_x0,5.078852103482127
3.3208695260796866,1.2550601002267623,5.146588964817826,test_x0,5.146830855046025
3.116566401612789,1.7126899225151977,4.9526446150211765,test_x0,4.952397138083247
3.1480072422317162,2.9049100884740486,13.435968592410072,test_x0,13.436388035856162
3.334900265530258,2.462931805608002,10.265003136043944,test_x0,10.264725291635425
3.1878989564983415,0.8194359087464882,4.177374870120991,test_x0,4.177267533977013
3.288600690516742,1.185345251073409,4.879189998341628,test_x0,4.879498548755735
3.0886896345155126,0.3668596933689825,3.9333327289609885,test_x0,3.9330321284619143
3.1671262171639043,-1.772031790430047,4.114390770443649,test_x0,4.114306051873225
3.4806871795293977,0.1401013075685631,6.526742419186322,test_x0,6.52661723825557
3.21791762725236,-2.1989739299969777,2.377559148549228,test_x0,2.377593627596474
3.0225440179007665,-0.5785532116060783,4.608818881956948,test_x0,4.608424294632427
3.0371659600873215,-2.073845241054724,2.113591968011813,test_x0,2.1128153302334294
3.1389766305720777,-2.690127294185172,-1.8894950328835853,test_x0,-1.8896980346950865
3.1876817980597068,0.5407244050695783,4.314547025512837,test_x0,4.314448684199628
3.0485523803913233,-1.297642496123358,4.6068091917731975,test_x0,4.606854819495037
3.2985158898746425,1.4411635668574387,5.295667043273728,test_x0,5.295533345781425
3.434833110590845,-2.4848850292514575,1.6976794563859334,test_x0,1.6972049062626655
3.083207547265397,-1.417287666517693,4.597583755447823,test_x0,4.597411648117618
3.3897471193862936,0.8830397194846467,5.379658178270551,test_x0,5.379863500955733
3.135762773018468,2.0020017486579382,6.2085352244593155,test_x0,6.20853982034139
3.411011861172582,2.8973033636662997,14.915669497167958,test_x0,14.915525362659299
3.279143839134505,-2.1322199896354266,3.1241552997761604,test_x0,3.1243358834882984
3.0684856236767373,1.1031640883160998,3.5915487535993345,test_x0,3.591410637223772
3.0673602084992484,-0.3211364685128064,4.60709804546627,test_x0,4.607200452414806
3.2883665550953642,-2.4155335793364836,1.3190310900565834,test_x0,1.3193948237597715
3.3263592982750327,-1.841093613657347,4.786834624907758,test_x0,4.786864504385202
3.0303144625871057,1.3833143308468276,3.713749855425916,test_x0,3.713338741968243
3.3257383066101753,-0.4590144212904179,6.196481482320973,test_x0,6.196818628403072
3.096711075133571,-1.4344419450113275,4.636460101641365,test_x0,4.63633185471287
3.1272357840768192,-2.3892597714386126,0.6005000560599898,test_x0,0.6010508435207577
3.224192917269014,0.6445277968369627,4.4517116772789365,test_x0,4.451960191553551
3.3229672112508157,-2.5021463537758963,0.8469672887331361,test_x0,0.8466168378026605
3.017311696526934,2.734794410856485,10.930515589624381,test_x0,10.930457053333503
3.182870718287411,-1.4788394825776443,5.015006066446438,test_x0,5.014939990927554
3.310442500619857,-2.0959062629309715,3.5122410178839925,test_x0,3.512198997797477
3.014882089815535,-2.9919140343776798,-5.827515024105822,test_x0,-5.827699903269042
3.089602386637967,-0.13968789738049603,4.519909660727048,test_x0,4.5202726369291675
3.2506788070530814,-0.21981386623034282,5.503054576112204,test_x0,5.503219274492438
3.2901165521242097,-2.0734510080349935,3.5090083675985686,test_x0,3.508935302078612
3.111719650390677,-2.532695828594295,-0.6136432172096495,test_x0,-0.6136602971956273
3.3131520593937847,-0.6749206546850552,6.273288044492867,test_x0,6.273490092971398
3.4853289515545876,2.9556853475972673,16.088678000906764,test_x0,16.088609722141157
3.047160111681559,0.31170024200547397,3.7762105079849886,test_x0,3.7764032192622428
3.0342525043903414,0.6704406938831013,3.4161067338476414,test_x0,3.415940267396324
3.0849323432493994,1.7579700209929676,4.936178074255702,test_x0,4.936696414175413
3.265653059169434,-0.21200788623622646,5.582123153373489,test_x0,5.581894469091431
3.1174406551840335,-1.0417619206496875,5.185428238583814,test_x0,5.185567312097358
3.3429817669489865,0.029512321936360664,5.765023844840662,test_x0,5.764569147001776
3.182554265052702,-2.2140233379361782,2.086087804076325,test_x0,2.0860281419380358
3.2173785138190354,1.8962105882665696,6.18583377348083,test_x0,6.1861228793673435
3.0563913549941932,-1.4752671211794333,4.347002693817439,test_x0,4.346813196126421
3.3854440082484034,-2.2044202057711457,3.3566982828611214,test_x0,3.356209108751587
3.34033034684422,2.440799791227459,10.125564023171053,test_x0,10.125187834623448
3.351941733323418,-0.6399565936758123,6.493088953943454,test_x0,6.492599148562865
3.493260538206809,-2.7063898672329945,0.11505915712314296,test_x0,0.11504386871944414
3.087588084359202,0.20398282532176726,4.1025893829112015,test_x0,4.102120075827347
3.4047658329019543,0.7748151626468553,5.4943167621938365,test_x0,5.494673835807309
3.3165773089355475,-1.9100270526101442,4.44592143652426,test_x0,4.445840631615098
3.3070753978579623,0.6317934027676424,4.948134304098149,test_x0,4.947799767366658
3.3492934580135003,0.015298699042037178,5.821315125333069,test_x0,5.821361809128399
3.4072299290367845,1.9782031817799863,7.704233932037159,test_x0,7.703928505001653
3.178388708178141,1.3922605883871277,4.511179561126768,test_x0,4.511558003091569
3.496341939865315,0.3876259338811936,6.363940405874035,test_x0,6.363866099054914
3.4027388108740686,-2.8711424592638153,-2.2102593595291493,test_x0,-2.210579711611053
3.1837509645450517,-0.08949412979692895,4.969431093253013,test_x0,4.9698164332587496
3.1452124685842158,-1.1291181049890169,5.2852905408131425,test_x0,5.28498975182453
3.23873658271026,-1.8017916333275659,4.412555853975696,test_x0,4.412781051780383
3.223036556774327,-1.1207347485577384,5.72567397094364,test_x0,5.725450693615876
3.114593668568093,-0.027793899535204947,4.518788958135916,test_x0,4.518839003606905
3.328167359114054,-0.8223020663771461,6.417687337735812,test_x0,6.418266664589588
3.38460082132873,2.3030201591054587,9.406046164576196,test_x0,9.406005773579748
3.1663648344603654,1.03272636760824,4.077369616216016,test_x0,4.077198471371026
3.1839605489613536,-2.402971626365064,0.8094257566189635,test_x0,0.8092348197612945
3.1071531404472466,-0.8944335730223498,5.161505434939993,test_x0,5.161409106746475
3.2080773769608433,-2.7637591542234885,-2.2394750551646534,test_x0,-2.239044060291705
3.147758387965892,1.0938103876182241,4.005716346904102,test_x0,4.005044090482252
3.304557900232761,-0.21483978017766692,5.817793172040519,test_x0,5.817389420697595
3.3044780598601733,0.4680462715311293,5.054071629665296,test_x0,5.053907563814721
3.2920700135332432,0.0023634465537956117,5.486838744338077,test_x0,5.486597911430373
3.193582434795535,-1.68039644008495,4.561439247871181,test_x0,4.561318027770005
3.2588220616828245,0.5342736757800717,4.727401050005509,test_x0,4.727337210070169
3.4247552408700312,-2.7969057030129543,-1.2619865015038927,test_x0,-1.2620191148620585
3.205089043279851,-0.5915686913607177,5.588743969192455,test_x0,5.588508221762724
3.1658012662036796,2.044615615500722,6.582990908239516,test_x0,6.582830916215417
3.422484038698805,-1.9178878063206497,5.0807289413607535,test_x0,5.08092457082474
3.2905797022415317,1.6870053313059845,5.856924678411775,test_x0,5.857648360036143
3.2067490057612016,-0.6919683998960915,5.6564767372967,test_x0,5.656895616758131
3.3639983436109127,-2.690334403451942,-0.5760552420330449,test_x0,-0.5758116639866422
3.422232579352297,2.9235330579291885,15.290444848811177,test_x0,15.290881987581873
3.2531691952374766,-1.147505685616276,5.880651463362145,test_x0,5.880336027824178
3.36863314196043,-1.9925185690818326,4.396667006527773,test_x0,4.396343245371581
3.025420162258605,-2.981218230658068,-5.644843108622743,test_x0,-5.64479388615614
3.433804791162665,-2.072131799716607,4.418677321486662,test_x0,4.418912799131837
3.2552169223348453,-1.7910130228253893,4.5478065161005645,test_x0,4.547883989840789
3.1666285069588316,2.133318361619172,7.061816359361857,test_x0,7.061970878397908
3.0406787861314797,-0.8734833890814739,4.817275934454596,test_x0,4.817329941407782
3.42647221200471,2.5846382265104006,11.86419272419476,test_x0,11.863627223649308
3.4426464727325734,2.8631100844812343,14.738294682819125,test_x0,14.738190745449618
3.475985600681165,2.9117777108934355,15.511256441452812,test_x0,15.510892534585766
3.176384612783624,-2.8032856957183707,-2.8293594282066605,test_x0,-2.8295103733329987
3.4078595789395303,2.285988091850924,9.441316137966624,test_x0,9.441633548738917
3.398025063608816,-0.9243068328693678,6.86242787174025,test_x0,6.862872231623529
3.384347993461298,-1.3981786873043776,6.371724810077637,test_x0,6.3720104130472555
3.081521734219177,-1.1690462118080087,4.915533099703784,test_x0,4.915769954641583
3.4436502370936912,0.771605963813137,5.749407048091841,test_x0,5.749606567562464
3.314295730575792,-1.6378050771523294,5.392803114177536,test_x0,5.392457429756563
3.2655463326453322,2.694377588145832,11.878742519154644,test_x0,11.8789955764772
3.191677992576108,-1.3401853814282305,5.3114345282762905,test_x0,5.311794423669527
3.027657107498943,-2.84526320095216,-4.065729643739927,test_x0,-4.06569869187482
3.3932481022766385,1.5657949796334698,6.1579244212447195,test_x0,6.158002228564742
3.2936209136737182,-0.13939441076630654,5.66490813315962,test_x0,5.6648413671458515
3.4762521507656574,-1.7053472025249254,6.23017240346992,test_x0,6.230387608096339
3.359682143483584,2.4961586505338387,10.685769522821376,test_x0,10.685854296629046
3.017317001029721,1.4417236711994184,3.7536854464608824,test_x0,3.7532025933480275
3.4961583713597033,2.3027046439953356,10.140456848800206,test_x0,10.140805315472097
3.398427267535863,0.4115689819336614,5.691657795350604,test_x0,5.691723172162593
3.239098409571003,2.9954346292485656,15.021158137791288,test_x0,15.021484757904636
3.0157687268271545,-0.43474971118213634,4.458329336986063,test_x0,4.457753798791842
3.3460010611246513,2.933256899933018,14.918136841887097,test_x0,14.91859072352655
3.2188591952067522,-2.7999132815580148,-2.5543587606144462,test_x0,-2.5545441108790117
3.0036650400893397,-1.1291051999166828,4.553173123284783,test_x0,4.552669001939862
3.236962180007369,-0.06491204918179339,5.242605455962322,test_x0,5.2422235233519086
3.224735806990451,1.651372004386534,5.364410370979334,test_x0,5.364761915231562
3.3403937852252894,1.3032862031240597,5.327288121649071,test_x0,5.327658717644527
3.2370320240225916,-1.905003237552333,3.994591881248292,test_x0,3.9945423299653924
3.0805691487813576,-0.37558514489049877,4.7307892927402895,test_x0,4.730441536533029
3.1496776544708904,0.6885394850497768,4.011383582427261,test_x0,4.011190774120235
3.014305426087863,-1.4866549822518675,4.1115914352598075,test_x0,4.111239935351614
3.2697050941588666,2.3116027709929075,8.75852208180974,test_x0,8.758504247693333
3.245995677717784,-2.8037396712328073,-2.4382686686602053,test_x0,-2.4385634918300587
3.2833575057376345,1.0585317886038403,4.760325429577007,test_x0,4.7603626877551655
3.07049933986165,1.997854629270658,5.844179149744844,test_x0,5.844436969357196
3.067051045444766,1.3365779883253381,3.8266680148796963,test_x0,3.826608438418608
3.456731011686847,0.8922124036176511,5.816987682498804,test_x0,5.816493271517646
3.236641833672158,0.7187774681732746,4.486136197199076,test_x0,4.48552214985689
3.013917943705074,-2.0510331980147347,2.115708172368106,test_x0,2.1158306287539834
3.2101803745746778,-0.5491149157580182,5.587408593916636,test_x0,5.587569436275245
3.2736246863364307,-1.8118245687231502,4.579968825583427,test_x0,4.579326589434075
3.0615891386905956,1.7797302710843637,4.891579258744358,test_x0,4.891530150550481
3.0414111640984527,2.7950936817239285,11.670306021457034,test_x0,11.670135586195984
3.076980069566114,-2.610287953531088,-1.4724273801787866,test_x0,-1.4722552790992962
3.1524866743497033,-2.580211101875806,-0.8028628494559766,test_x0,-0.8028301283778108
3.2201333286518534,0.29504148418731546,4.7268042353740025,test_x0,4.726143101420479
3.1743282488890197,1.9973578348665342,6.397309148746007,test_x0,6.397193436131889
3.325697113511419,-2.5654640550032957,0.32988754464315484,test_x0,0.33011843971343113
3.493098493424961,0.7749440194028447,6.080583571721772,test_x0,6.080320272442854
3.434793579698609,-2.793921740009342,-1.1647591190258288,test_x0,-1.1650131023472394
3.4508380441843256,1.7764540039723187,7.164604369399015,test_x0,7.16451087203485
3.0733064846953977,0.9320991523710198,3.5553424798317037,test_x0,3.555300999237144
3.497237555507552,-2.232858424909751,3.9193905520499084,test_x0,3.919830525256732
3.005923520901687,-1.6520225327566072,3.6571833452625535,test_x0,3.656598161822024
3.0268742723057898,0.4852247568345138,3.50783951757628,test_x0,3.507389358697479
3.4928295833278,2.4100314113553782,10.882987013680388,test_x0,10.882981312949893
3.476946284304126,-2.90608817381523,-2.1159621614357507,test_x0,-2.1157468921818587
3.063403405981884,1.0349306179758777,3.5302943687131103,test_x0,3.5304876057977665
3.2293328820971103,2.2857688162135528,8.34916208961433,test_x0,8.349515090308445
3.1910658394557796,0.6819633754560064,4.243554390569531,test_x0,4.243821773738615
3.4569329868542344,1.241603180776985,6.000960537918623,test_x0,6.00106239835013
3.380089145660075,1.6096421249131403,6.187139692056338,test_x0,6.187548609168532
3.4286033722003073,-2.118991293417381,4.132087629082568,test_x0,4.131852553205102
3.3590054579964237,0.5895789027497518,5.295348773680823,test_x0,5.295430967369796
3.462902335085961,-2.2798049538964964,3.3848715875324746,test_x0,3.384335015226107
3.450220193595884,-0.6407837492761268,7.126573889776579,test_x0,7.126387163364329
3.3235833312803837,-2.47857793087517,1.0417151043112902,test_x0,1.0414753511737271
3.0732543173039932,-1.841122231012715,3.357575987769348,test_x0,3.358108090680123
3.153440636432089,-2.376232969694809,0.8377607726149328,test_x0,0.8375363395476207
3.3972985341250577,0.31324653148711246,5.782900817361331,test_x0,5.78332111207158
3.0783669180230557,2.2759713804978343,7.458800880445348,test_x0,7.459049917483534
3.1488091953528903,1.3048244172391437,4.214669665980686,test_x0,4.214972595211015
3.2659241398451795,1.9369451115612444,6.64321639329634,test_x0,6.642539460647936
3.3829753413735206,0.5118914410486894,5.504616038435968,test_x0,5.504389439817758
3.291702688490264,2.8818265759081614,13.995954273888865,test_x0,13.996113597640194
3.3071826779384157,-1.1232891998821142,6.220118390623438,test_x0,6.219899875458395
3.426592397822879,-2.3075763498582327,2.9586700633928236,test_x0,2.9586082695044595
3.3439537903898104,0.6039907293282525,5.191839870806742,test_x0,5.191392267052828
3.461951273456127,-0.5787396729896943,7.1649615759149885,test_x0,7.16467238899457
3.394698022354363,-2.9013374588906915,-2.603041087260777,test_x0,-2.6029009928853766
3.404822145794448,-0.22828617584232624,6.459877681205704,test_x0,6.459827278239486
3.479487770997417,2.5799113595814305,12.175350443238852,test_x0,12.175305939694363
3.1395964929642934,-0.8177024703676921,5.327513575634267,test_x0,5.327278858894677
3.085137954512199,-1.6085945286497698,4.1794794981797585,test_x0,4.1796859931765615
3.0127110755536823,-0.7162651131345226,4.638358854064932,test_x0,4.638533295297825
3.2381831095779425,-0.9793733060640157,5.877470073343746,test_x0,5.878055714971205
3.3204530398416616,-0.1291686057320307,5.815568408979703,test_x0,5.815399819757372
3.2616564255750666,-2.5467606926844915,0.10591525774521737,test_x0,0.10557015881656365
3.2426108737877715,0.9758700907595488,4.491224744618674,test_x0,4.491564242293596
3.4605779915242816,-2.0530837148390972,4.6948803224528355,test_x0,4.695117181854136
3.0142782139471924,-2.6834524000058293,-2.4711850400929807,test_x0,-2.4710406438960724
3.478520682520273,1.8145483039555401,7.4886533471603745,test_x0,7.488588968591707
3.437644032214607,-1.160507982958028,7.0171143071323385,test_x0,7.01717426918398
3.3086866957120176,0.7522675150409386,4.900100549138315,test_x0,4.900384671000257
3.2642796788303183,0.6844207336697741,4.663378147927736,test_x0,4.663332786147988
3.2149684727858236,-0.07390186311275215,5.126993345859973,test_x0,5.127169511795024
3.4943858920973048,-1.7910415335325998,6.06318117433276,test_x0,6.063065619547009
3.1281290095096987,2.9296960293044805,13.61513285790619,test_x0,13.61517411193877
3.2895301556112515,-1.280110813949762,5.961726389151595,test_x0,5.961405572479416
3.0251920931104546,-2.185709756282852,1.4265132481533025,test_x0,1.426723981341153
3.2333905300714334,-0.9595841381973624,5.8539118623178945,test_x0,5.853297757738185
3.070868900993917,2.9586304190189265,13.655189366456701,test_x0,13.655714884330049
3.4179924468128697,-0.6557012096575461,6.923144984146577,test_x0,6.923064998563078
3.128057312600978,2.933833041196766,13.663121305379079,test_x0,13.663393676351877
3.1325116977523684,-2.535867770203991,-0.529186943910825,test_x0,-0.5293501953785905
3.009669836381999,-1.7096222837578245,3.5006482841175375,test_x0,3.500703334854686
3.470767270784157,-2.4518949002213457,2.1986823422204544,test_x0,2.198363710076935
3.008514428706166,-1.4709458356697929,4.115657061333024,test_x0,4.115627596880426
3.221609809367955,1.166869256768667,4.470616458018445,test_x0,4.470291614137052
3.219143037767034,-1.1355227043280132,5.692897354782293,test_x0,5.692620874217907
3.469536938433252,-1.8822123870804233,5.54284703519195,test_x0,5.543179676462737
3.1777804464625703,-1.493435512006979,4.955819510966101,test_x0,4.955999251347927
3.428231608588472,1.2747494417083498,5.850154818297222,test_x0,5.849303400821952
3.13983014952513,2.4458953543512196,9.002001738709598,test_x0,9.001989205453569
3.304439320998809,1.9643261458252574,6.996786573271972,test_x0,6.996904204455399
3.407970432385067,2.6459706075846725,12.299495064741285,test_x0,12.299826590679732
3.1950689347381025,-0.09254399105160172,5.036472227091761,test_x0,5.036891342364066
3.230839080829633,-1.3116566293051026,5.575160299778149,test_x0,5.575040802244396
3.4878800474562026,1.6104576037220006,6.898157558028465,test_x0,6.8979336378371015
3.4266780707968993,-1.0635432818299562,7.0087078753623455,test_x0,7.008588819317571
3.084273696223955,-2.945732388297926,-4.91983633390703,test_x0,-4.9198834327991126
3.326202213138261,1.5035682952852687,5.592156846368504,test_x0,5.591619134905178
3.302116315808139,-2.770572786409806,-1.7586941993666756,test_x0,-1.7592147105647629
3.0761333048496833,-0.7416964359387794,4.969601829690739,test_x0,4.969636553615388
3.2967318757620756,2.3780819009264853,9.38835480819981,test_x0,9.388440596918773
3.4157289061885407,-0.5277045485380123,6.822306675244507,test_x0,6.8221726461119445
3.290803321826671,-2.479282176203077,0.8373376045756167,test_x0,0.83732204531398
3.0232631631620857,-0.37694574120111746,4.440521270849938,test_x0,4.440428691900292
3.2103383574465405,-1.5677248030862727,4.966878401357346,test_x0,4.966588634966124
3.3363667253609783,-1.8429412365940923,4.8412818856239515,test_x0,4.841268963324674
3.022345666268309,-2.090213386885467,1.9525880667505333,test_x0,1.952233557013009
3.136555916281942,-1.6183262583587976,4.426008364749995,test_x0,4.42531730923999
3.1817302963237135,0.9058298281097006,4.135758863210013,test_x0,4.135586597439421
3.0375840767410267,-2.6178678070028765,-1.7422709479972407,test_x0,-1.7426040662624827
3.047833539841322,1.8255638951307898,4.989861413592494,test_x0,4.989510313285169
3.1642420568438445,1.8154304267695496,5.567348058888692,test_x0,5.5675203513568405
3.3087574489570954,-2.078144553868056,3.596742263190892,test_x0,3.596423683900947
3.218713931627879,0.6113692123985257,4.440508534143504,test_x0,4.440568766733461
3.0998104941971714,-1.6370857765839426,4.17796932442601,test_x0,4.177596957437757
3.174716054959143,-0.45812633138132863,5.313797476048094,test_x0,5.313753269365749
3.246435475658587,1.2020557378399435,4.645822976049523,test_x0,4.6458523085362575
3.4793017000622593,-2.357509791506253,2.9617805564565702,test_x0,2.9615362102691822
3.1290543356707294,0.855399571402196,3.8492472157709927,test_x0,3.849349760131231
3.1140667283749477,1.811072487214913,5.279500993680275,test_x0,5.279464259188617
3.2103935729650366,0.6245587176831684,4.384810430919042,test_x0,4.384689309768389
3.041244170859031,0.9882934584188918,3.401865216132145,test_x0,3.4020588470177526
3.0466744790697464,2.62537137492172,10.029985309828058,test_x0,10.02943408114098
3.3690108938983845,-2.2988804306272925,2.647343199665139,test_x0,2.647141207895264
3.4413481807596695,0.7140177067094666,5.755608225220318,test_x0,5.756015998513355
3.061315273054163,-0.6853990186371641,4.86874640652418,test_x0,4.868410293878181
3.1034531120575397,0.22976988004152687,4.156747677133047,test_x0,4.15626999195554
3.279825894780868,-2.9447094806937306,-3.8171251305793055,test_x0,-3.817207213845071
3.2567039375247018,2.558397348442055,10.58263327092237,test_x0,10.582782655463452
3.4176915056027544,-0.13987650025270115,6.4417855638195665,test_x0,6.441673317061992
3.263751459885489,-1.0905222563067314,5.98144943980542,test_x0,5.980979381544772
3.1007242503242796,1.3922321261027228,4.090625256704069,test_x0,4.0903521934620155
3.113060434977435,-0.4098510352525091,4.9346922556953485,test_x0,4.934962353756297
3.498783173752162,-0.7165957414985349,7.492593394081709,test_x0,7.492773705370625
3.091103551847297,-2.1947017205739727,1.7095133870953694,test_x0,1.7091467004290102
3.4864267346595708,1.2923325210777312,6.26078785391187,test_x0,6.2605949928200815
3.0695464944999764,2.2727109297627113,7.391818328208077,test_x0,7.391243138290067
3.434787593475372,-1.4218985209636106,6.656054409715197,test_x0,6.655635497820182
3.386311099918895,1.3743781888166833,5.721868234077627,test_x0,5.722006305338847
3.375090372077184,-0.6728455671786056,6.6568533108601065,test_x0,6.656630498818199
3.2788880523497563,1.2978842661652568,4.946575359717489,test_x0,4.946453634379102
3.386013128145126,-0.5609372702589006,6.656054130006151,test_x0,6.656232594529102
3.2861694639382035,-2.5877143470624295,-0.10442923282949534,test_x0,-0.10421314472152124
3.305081808868418,-2.396746601638722,1.5602819904891163,test_x0,1.5601724251670794
3.1490302128174186,-1.4241558569343669,4.935624442944683,test_x0,4.93548490039217
3.143985408837226,0.25939224877998823,4.340898574336901,test_x0,4.340851763824216
3.1760397041803103,-1.0799091672294152,5.48566151150735,test_x0,5.485793673879334
3.105800577019086,2.792297783771197,11.97372198999343,test_x0,11.973654153754316
3.3220985069643496,1.9479510128137578,7.029933120325604,test_x0,7.029910797056367
3.2635673293987093,0.33062923168705716,4.941500129154666,test_x0,4.941035578710488
3.0725886619332274,-2.733572504822395,-2.6676667184531375,test_x0,-2.6678299086362363
3.265138172034486,-1.9218702676074015,4.086390055510682,test_x0,4.08646815442383
3.3133213427500507,-0.6083094557120114,6.2355546336813115,test_x0,6.23555988817552
3.282412284509891,0.8204398027256969,4.723487165291992,test_x0,4.723580143477027
3.385935468575611,0.7177198011103556,5.394276419193641,test_x0,5.394671118192846
3.1800023301953875,1.0384417996980595,4.155276975195745,test_x0,4.155789662869338
3.0067662809178564,-0.7275775154359527,4.613751759791506,test_x0,4.6130581227143885
3.4794333486904527,-2.9045022362775637,-2.08097627616031,test_x0,-2.081205441663602
3.011406169636868,-0.11430858532176291,4.092548207806914,test_x0,4.092850321888342
3.33955832747158,-2.259013582203963,2.725988095830878,test_x0,2.7261332022999367
3.407862972634308,0.5670778169247139,5.6222185971017336,test_x0,5.622162406127007
3.340532426575808,-2.8319544442809033,-2.1725049314936244,test_x0,-2.171823894423283
3.282905440179624,-1.3646861030214237,5.801678380872371,test_x0,5.801574842586596
3.460726725395871,1.637560970733798,6.789778415623823,test_x0,6.789827869673656
3.0177095325173555,0.8596076491967892,3.273406095284122,test_x0,3.2734335674336217
3.1405873927220185,0.1721761748282038,4.420951268236407,test_x0,4.421598112702221
3.2531287914593117,0.6337647074220678,4.625669005316334,test_x0,4.625891038008144
3.248568121674187,0.6852481871890741,4.570856892345459,test_x0,4.570510409164083
3.475034044698911,1.6683337776797185,6.975056549628887,test_x0,6.975074436836595
3.3273571389192775,0.7699850908178916,5.008230060759734,test_x0,5.008606850622992
3.3433216264910453,-1.2984049166054077,6.266159423505557,test_x0,6.266360815841947
3.418394733900003,-0.9966441757571944,6.980869893165926,test_x0,6.980810780410896
3.1060737177254794,-2.6300521585891725,-1.4999492262019225,test_x0,-1.5001832242934328
3.3187782657869827,-2.8496326906556964,-2.499121068575337,test_x0,-2.4991716391805245
3.11186516123156,-1.9699261582134782,3.0125988603685796,test_x0,3.0123402352353272
3.49521245395072,2.7297269710113783,13.686737574283109,test_x0,13.686723845802788
3.059625975013265,1.1456098972321938,3.5756390976895682,test_x0,3.5756175658993117
3.3778158080952765,-1.5018153950963422,6.127568417078982,test_x0,6.128045515690019
3.1037263398462156,-0.9462948309188404,5.139711375593747,test_x0,5.139247794522833
3.035409157812134,-0.8432903862566219,4.787870867075753,test_x0,4.787896279368886
3.292577832916027,1.7491213240556682,6.06943115725935,test_x0,6.06949026961329
3.18508084668851,-1.119632956171848,5.511608941112179,test_x0,5.511241421512435
3.437320248535227,1.7355481858930073,6.935033220349646,test_x0,6.935211747869754
3.116333635407574,-1.596763801959347,4.3752284652265985,test_x0,4.375989354129355
3.2706425098481864,-2.495144144849781,0.5890665818303455,test_x0,0.5892210123656532
3.322764231769918,1.7989052244731134,6.427784147078371,test_x0,6.427514229595773
3.4140981449098478,-1.4247519825803892,6.515579067429989,test_x0,6.515481318645909
3.2629251689479712,2.7036520902226684,11.95350901318772,test_x0,11.953800530279153
3.020959899762283,-0.9553129879215683,4.71395145020843,test_x0,4.713985276024193
3.4355778942067654,-2.3903915324045037,2.431525619405166,test_x0,2.432012178304137
3.0731367273466286,1.5514131151249622,4.273415290658305,test_x0,4.273199020514728
3.1111500677772805,0.8516581704498192,3.754021022435249,test_x0,3.7542713764239948
3.395682220069651,-2.275283797067545,2.9739123877724607,test_x0,2.973977097355489
3.0110471485376644,-0.3968981791014645,4.399367462639134,test_x0,4.399337732198606
3.116008534210315,-2.675843025939956,-1.875709794808877,test_x0,-1.8761316315418517
3.064451554241428,1.3942456819270603,3.905400294145072,test_x0,3.9052976846988923
3.2650427271787734,1.5765855472059105,5.396374047923372,test_x0,5.395829112285244
3.2914519194328826,2.430502257453268,9.748265815576172,test_x0,9.748421154974523
3.4730941727697515,0.44666397802264957,6.15077133058986,test_x0,6.150924958345813
3.4319529079253894,-2.520664157564229,1.3855030785586202,test_x0,1.3848424302018194
3.3236453685111105,2.038409227660435,7.470004253518,test_x0,7.470075169291475
3.3082046240475815,2.2245213945173905,8.42163140647953,test_x0,8.421922336662842
3.392840510517136,1.6424848632103757,6.359356312538617,test_x0,6.359163310516058
3.3019259386229893,2.7646468365612185,12.796926314346374,test_x0,12.797298249383177
3.1725410349812524,-0.7530888443606214,5.490217283078834,test_x0,5.489626266971835
3.497470941783763,-0.2662967079905596,7.117803355511528,test_x0,7.117685602380376
3.3622589341333877,-2.0408882657020944,4.119480094409927,test_x0,4.119868058798024
3.447403278605871,1.889917608782528,7.577784753493966,test_x0,7.577992337133562
3.017834326015647,-2.1708650334133424,1.4777309160488543,test_x0,1.4777229452913627
3.4266388304890194,0.15142234347122985,6.153728081980921,test_x0,6.15373449731385
3.243697827981217,1.8095305041463714,5.995040790035972,test_x0,5.994890861303293
3.0290546454846243,-0.023401533239897354,4.071967610840873,test_x0,4.071698674257682
3.117401036459617,-1.1262939569347763,5.137577475426831,test_x0,5.137368635476333
3.353802047533962,1.3599447203093282,5.493445103870503,test_x0,5.493387550651883
3.1062419115514666,-0.04596610972027637,4.496253194336927,test_x0,4.495646894340045
3.146417582634788,-2.985814879862236,-5.069764541083833,test_x0,-5.069926607975285
3.1895230463930577,-1.9530544328993147,3.513457390245276,test_x0,3.5133413272561924
3.254422155115065,-1.462304336024491,5.457795165203,test_x0,5.458286276191843
3.3306082031299846,2.236408952096749,8.632987520465743,test_x0,8.63316887515169
3.4199189186088224,-1.527152010127579,6.341584736045881,test_x0,6.3414517352701525
3.39339667091786,1.0029694356068974,5.4192939386046035,test_x0,5.419737590679004
3.165816692829318,-0.3620280370531974,5.173614111704822,test_x0,5.17388387486112
3.4330724851851815,2.724593074395127,13.219263614259365,test_x0,13.219249140673563
3.3798073710990955,2.152153104989859,8.43321820930887,test_x0,8.433344265730922
3.1536361429919486,-1.8253775968151449,3.8454006673760506,test_x0,3.845602017106247
3.4343287860982588,-2.8790007168455967,-2.0925545436822635,test_x0,-2.092697215494068
3.2834147973833496,0.5898254223428285,4.832676475943763,test_x0,4.832705081630934
3.046569513067462,-0.6395740362436655,4.768792889934056,test_x0,4.76855790305723
3.470813988867995,1.3210383950148952,6.194313691013413,test_x0,6.194073397035048
3.4491706335348415,1.588156781291346,6.57928788677834,test_x0,6.579136942721023
3.0228960717881606,-2.4309385058384763,-0.25250641207682323,test_x0,-0.25260597563944914
3.242667842884361,0.8269612868805378,4.4883396705957175,test_x0,4.48798562592295
3.123500076179892,-0.5055327457144854,5.075022660499106,test_x0,5.075185864984485
3.350273569823931,-0.7344494557555419,6.529032899901041,test_x0,6.52893721389905
3.063943387423788,0.2626466403186236,3.914617792450308,test_x0,3.9142051271856997
3.1971856378898282,0.6875317721808245,4.275190929750641,test_x0,4.274636282778377
3.3071619434200823,-0.6087245419019434,6.198406160808636,test_x0,6.198937823648386
3.36086765753077,-0.033184902710749586,5.951859803964143,test_x0,5.9514740019599675
3.461343182224459,-2.6655237661947533,0.2926601311347121,test_x0,0.2928931587292017
3.0281007574678256,1.2728022833535757,3.5427429589647,test_x0,3.542915807287822
3.4984025246270463,1.3888824602731589,6.48697700508901,test_x0,6.486567663663219
3.0377359605354672,-1.8502884125713948,3.140532884943175,test_x0,3.1407446880521954
3.230341037805601,0.023905607965677866,5.097938015707718,test_x0,5.09805828335316
3.358009516964361,-0.11030912836895368,6.025831200591476,test_x0,6.025674774331024
3.387220900656086,-0.44617637719921,6.569887179672724,test_x0,6.569636952247834
3.0869912675986404,-2.0853812107982703,2.3079994595970716,test_x0,2.308049401275151
3.4593077944466204,-1.8369859600288652,5.654634805889499,test_x0,5.654576052479525
3.1713129630782615,1.8761159968416603,5.843713582929293,test_x0,5.844010576384834
3.469524144986089,0.3952190513619822,6.1747885358813415,test_x0,6.175147286160363
3.4000358886793407,1.1101229471646397,5.512926195541601,test_x0,5.513199736372416
3.3539087930023,-1.1871636392537945,6.45649855720697,test_x0,6.4564647553960075
3.003077047999021,-2.3274048065130364,0.40442189033582343,test_x0,0.40453877088805423
3.253995972431995,1.0287285125483425,4.573851039163841,test_x0,4.573758949922801
3.3463070578490295,0.4527353101254965,5.324198485880579,test_x0,5.3242028865300375
3.0206831981355635,1.0456133684832354,3.3189718016685275,test_x0,3.318914827481854
3.36920695735606,-1.3792071171053717,6.307820678009348,test_x0,6.308207790763686
3.4627397510055675,-2.0693536823229604,4.625178165241419,test_x0,4.625996758775854
3.176838030683511,-2.9292954761256498,-4.228752313931132,test_x0,-4.229164946012603
3.027845487996327,-1.002603636352502,4.737051609348999,test_x0,4.737153116829036
3.0520410994613485,-1.0193871330075521,4.853520897828223,test_x0,4.853891519845601
3.2997394356879965,-0.3876579155295685,5.971889032063073,test_x0,5.971701631165989
3.316384272817473,0.30117573137000386,5.289043570695966,test_x0,5.289084396519287
3.095252255273011,-2.706195454783548,-2.278728043770248,test_x0,-2.2787589863218614
3.4862259041168318,1.8090623091211633,7.520435506759181,test_x0,7.520508177776135
3.265416361411945,-2.997750447229163,-4.541271079707223,test_x0,-4.541228682681635
3.0997469573179073,-2.778353383987546,-2.9825070861726237,test_x0,-2.982795411881509
3.423870669578793,-1.3081523773607098,6.766083465704268,test_x0,6.766085801583593
3.112557176075566,0.07868653574129869,4.380439528734964,test_x0,4.381022528813954
3.420283886363753,0.3110454857805349,5.933980223949233,test_x0,5.934137315087478
3.1605839186843236,-0.9348898894848725,5.447418409134058,test_x0,5.44716510736133
3.0527250923165257,2.2821415310139876,7.367706805047256,test_x0,7.368177926410176
3.1278284676957218,1.5018541505351717,4.447729964830893,test_x0,4.448114176061696
3.1871500685445118,2.7936274137174344,12.430267515181043,test_x0,12.43020298316862
3.0060544292556712,-1.2035829820462225,4.502269935011935,test_x0,4.502269029066005
3.1965736577892785,0.06264314340555632,4.859235395853105,test_x0,4.859322891736571
3.3516906836347045,2.386651143301295,9.78794443075253,test_x0,9.787849556505332
3.1594628352455967,-0.885641102921519,5.443388505507238,test_x0,5.443649316836211
3.1668246121542767,-1.9540675562635892,3.3826587882620536,test_x0,3.3822072246792536
3.036186219422446,-2.8690905186563294,-4.286130529443178,test_x0,-4.286077881072819
3.0674536639893204,1.3689300659814174,3.878724864502604,test_x0,3.878407252318248
3.2676138473390406,-0.39626269883252174,5.788455746155186,test_x0,5.789142318481224
3.321040498735077,-0.7038685836934633,6.335519931658582,test_x0,6.335937134116687
3.4434654452994624,1.2419289028239229,5.911867151101125,test_x0,5.911339690403818
3.1452625903744904,1.0150114267329657,3.955225066485513,test_x0,3.954634593302891
3.2684030314642145,0.47715831149507393,4.830444093569225,test_x0,4.830726477451068
3.2481506912971927,1.1581436213956584,4.616771060908464,test_x0,4.616592715321932
3.081304745474406,1.2502008738570654,3.7871919012856377,test_x0,3.786968355645798
3.4568182603673785,-1.4905403032187534,6.665978691742,test_x0,6.665872431137407
3.276419965188654,0.7771140328488588,4.698331523130351,test_x0,4.6982289221021
3.471556980315186,2.160496543251207,9.08158757961022,test_x0,9.081414268032411
3.4266450091043716,-1.729542783508089,5.822384275874721,test_x0,5.822296627992404
3.2792193643084007,0.2700124176898262,5.0986908391286185,test_x0,5.098921363587223
3.2535902551592955,2.952420362213215,14.58651205711805,test_x0,14.58571340143554
3.1109086667306167,-2.188825669119235,1.8491717228553441,test_x0,1.8493273155898984
3.0326370593643306,-0.324288273476546,4.433940246575322,test_x0,4.43410859671701
3.2576582825457345,-1.3579496519985803,5.662936176502079,test_x0,5.662986421474004
3.417048715780273,-1.1843780869680858,6.861679132830102,test_x0,6.861760964191653
3.0557401990402377,-2.6424420106216706,-1.8757408079650841,test_x0,-1.8758794158809424
3.0432852940150195,-2.0453392928769922,2.2916445095661513,test_x0,2.2911380389314604
3.0385068018436203,1.7665432538095036,4.727915580638794,test_x0,4.727930089174006
3.1518676674944373,0.05151909484327799,4.624612376267783,test_x0,4.62440920047496
3.2047839658773363,1.391956417711202,4.658784442026275,test_x0,4.658690355723022
3.23525419198653,-2.5241106219471336,0.14317840994785502,test_x0,0.14350844133312185
3.013470815513481,-1.6992600016905322,3.5521526166028776,test_x0,3.552263010430525
3.031821492029219,2.2200951222490293,6.864867532887901,test_x0,6.864845074304744
3.146419478438143,1.7070431653327907,5.095379840300572,test_x0,5.0955224284131875
3.353498253837766,1.1108161319724985,5.218251557016163,test_x0,5.218362165775369
3.1643016597335425,0.6712831760046996,4.100263633409269,test_x0,4.100578398417218
3.2912427560611164,0.67915394453849,4.826355672920682,test_x0,4.826899681129154
3.2257095825026054,-0.09179759529257936,5.209747703448398,test_x0,5.209193128889545
3.440750699584558,0.32070128617511173,6.0581231110054645,test_x0,6.058045457091376
3.4234112837859967,1.788930872272812,7.028412822163877,test_x0,7.028456825295936
3.3793043977474753,-1.402520344761018,6.332076331929679,test_x0,6.331742799734052
3.251166298428608,-0.10636424279175749,5.374471343168697,test_x0,5.374370231922378
3.042565848578871,2.9908578781497805,13.89977703723696,test_x0,13.899754004933472
3.224953146297216,-1.0914216828960484,5.755288732656043,test_x0,5.755461626336633
3.0870674942340033,0.5128514266090063,3.792430580184161,test_x0,3.7924015791267682
3.0746099716150006,-2.5161831365164744,-0.6700894697505353,test_x0,-0.6700581490131906
3.235480432715323,1.289855166358997,4.6814343230202855,test_x0,4.681392807814039
3.4518815964734055,2.0925112673429638,8.570353911141245,test_x0,8.570606570675325
3.0978960892263823,-2.2015689360596213,1.7036131595814674,test_x0,1.7035421129548023
3.03362827825846,2.3010590407367335,7.397458228589241,test_x0,7.397526690096963
3.156176739876351,-2.825341439075209,-3.1763789199243924,test_x0,-3.176439722383606
3.3984193719680036,2.6582480562807884,12.352700670740678,test_x0,12.35261446016901
3.461692004337306,2.733618547322598,13.499033634983114,test_x0,13.499608637972727
3.101694899071247,1.928132182187472,5.687474508847215,test_x0,5.687601992090699
3.0239948855710037,1.7788206933609043,4.6983041682453255,test_x0,4.698428761865946
3.4845101751627303,1.6233059996137165,6.910235594988671,test_x0,6.910733421865354
3.201713493511593,2.832635307439527,12.928396087341257,test_x0,12.928680928584717
3.2805966245132403,2.3100574027871854,8.812650112006649,test_x0,8.812342611660872
3.4593829223151404,1.3342803170857183,6.13679997364734,test_x0,6.136795496718238
3.2030474530188706,1.7089526390628667,5.415588925571785,test_x0,5.414974815688031
3.335270768733299,-0.3661282241950867,6.167509915213164,test_x0,6.167637468615376
3.0886193835115923,-2.5731483251844507,-1.0822380124157485,test_x0,-1.082847666898226
3.191573608245238,-2.0030111294528936,3.291697017377818,test_x0,3.292016112558009
3.490231167184582,-2.3454189447632356,3.121723334180997,test_x0,3.1212987528377707
3.2115664120937177,-2.325624818893605,1.5207810541460365,test_x0,1.5207359417641766
3.362993077701905,-1.0956365102296681,6.582559288568655,test_x0,6.581881544288349
3.470375089075202,-1.417656595353989,6.900527279980677,test_x0,6.900310790848589
3.1519143712700006,1.8130301057470497,5.490771660683222,test_x0,5.49107174919172
3.2312515888668627,-2.974342952213676,-4.455506883189796,test_x0,-4.455570991943331
3.3440868292415518,-1.9319475982203442,4.520201209675747,test_x0,4.520276614370404
3.242653414659282,-0.9571299607759274,5.907988120302335,test_x0,5.907604926032794
3.2762053596243446,0.8111527519679687,4.688414785453729,test_x0,4.688684658840593
3.00458558798134,1.223242641733755,3.3697988609537317,test_x0,3.3695809399069288
3.4287762646682998,-0.9522028428108094,7.058664967667173,test_x0,7.0589542595016574
3.386302157126295,1.8035702904789312,6.8421246390100485,test_x0,6.842234025654458
3.452475094708367,0.9550649443676771,5.7936788821836265,test_x0,5.793739586237655
3.172670745719283,2.383817276967112,8.71332482324282,test_x0,8.71265972894306
3.3639381716637065,-2.7414973900816806,-1.0811374349825176,test_x0,-1.0812187650191123
3.2800565649624756,0.024157635426052426,5.388865139493245,test_x0,5.389286475643001
3.2745977961793646,2.2938134596048894,8.66736303723147,test_x0,8.667212936279943
3.0249599657744355,-1.7065484782129872,3.586289371959455,test_x0,3.5865554112090945
3.4102994187722926,-0.3991816951807001,6.674517702775839,test_x0,6.673962064099312
3.255350231608907,2.955984706045255,14.639200131740878,test_x0,14.63937168788785
3.325827266460008,0.5045706264873777,5.153310874714531,test_x0,5.1533789351853585
3.399597913790391,0.8178570915927628,5.450312298933917,test_x0,5.450791623925508
3.4701278475688895,-1.1592072202992887,7.234444067688406,test_x0,7.2340794219033295
3.359270153104356,-2.437121093178167,1.5888661683014458,test_x0,1.5882177050628388
3.0526055426999616,-2.0810141557695165,2.1539538045309614,test_x0,2.153898377676106
3.129618395172613,-2.490956143927076,-0.17306547496573388,test_x0,-0.17304220886947888
3.4487435263499,1.998447502978502,8.071938640985888,test_x0,8.07249393982388
3.464005363848035,1.795268119624465,7.319889924094545,test_x0,7.319282913631542
3.2801700271437872,0.008106521076793882,5.408795416407322,test_x0,5.408748184718658
3.4424682863785474,2.984210197725793,16.144725856861907,test_x0,16.144675214013706
3.4240184477596927,-0.7269208043530608,6.996809800739193,test_x0,6.996312542597448
3.248514008282341,-0.10556710129165081,5.358047108494672,test_x0,5.358013238836358
3.3451150031418404,0.31539857135364135,5.450881363122961,test_x0,5.450731987425234
3.287272403327047,-0.8212247224430493,6.169470578946818,test_x0,6.169440725249879
3.061804485267369,-1.4591823346464805,4.407328564681572,test_x0,4.407538609858474
3.0360666326541854,2.8081041321401816,11.780933071449063,test_x0,11.780902248018315
3.3594209209649475,1.9948097494895736,7.478146416846325,test_x0,7.478153586618776
3.4901393755393575,-1.0504760752037907,7.438629841564461,test_x0,7.439087317584431
3.4116448596208,0.6186571516712527,5.612026069408001,test_x0,5.612486161180329
3.2737313725189168,1.7116636689816982,5.833671057879167,test_x0,5.834075214222122
3.33982487203037,-0.5629208277058733,6.36717208809733,test_x0,6.36689416834091
3.436510180118778,-2.8065431074065863,-1.2867666067012795,test_x0,-1.2862258668252122
3.1105124379527553,0.5910821216648419,3.857721302508958,test_x0,3.8577553937054345
3.1728892747939814,-1.921907777125637,3.558779867833838,test_x0,3.559093173160023
3.310451444012761,-0.7138256714250168,6.275407431390929,test_x0,6.275793511580405
3.168158616060844,1.912075704224785,5.976642978248339,test_x0,5.977256183938231
3.0049704172993827,2.3734659544496903,7.761511498860617,test_x0,7.761732933708629
3.4316795139057503,2.8522911395737687,14.546493288175071,test_x0,14.546493150107777
3.0877640657954304,-1.0379075332088543,5.030488711952785,test_x0,5.030664519336945
3.496317593227675,-2.8490761227276957,-1.3446145316648959,test_x0,-1.344454724205512
3.037368050724494,0.3297047888324003,3.7079019264541015,test_x0,3.708089946917616
3.145603701101922,0.9165602332586538,3.9373571958732243,test_x0,3.93783531596498
3.288919779520585,1.938606619383247,6.787288278953079,test_x0,6.787568825148461
3.314773824241231,0.22756709087788884,5.3597900413223005,test_x0,5.360048123305923
3.065791521752713,0.29875693659112823,3.8850513133440856,test_x0,3.885184253598753
3.343314753640146,-0.6004068597040035,6.414760667412356,test_x0,6.41470800778964
3.4965796269869114,-1.9396657902558507,5.48038837563514,test_x0,5.480322192451289
3.4435708382939603,-1.1236914594361707,7.084108213960023,test_x0,7.084031162094409
3.2765467647553037,-2.7609711948268645,-1.813254026338546,test_x0,-1.8131363646645338
3.318681757745927,-1.9599038069880887,4.238488910033171,test_x0,4.238277100620514
3.0147853755824108,0.25234258357575845,3.678065561221806,test_x0,3.6782822752722795
3.045210264975323,-2.381813846978738,0.2273452582582911,test_x0,0.22746396222270915
3.022746057635674,-0.28695658103756383,4.344922635246788,test_x0,4.344880364013344
3.1314593206648977,2.4283415873783216,8.82147630767511,test_x0,8.821453717111273
3.002936135026432,0.016172200930330227,3.894998058014933,test_x0,3.8948566265052715
3.124265999832015,-2.0410765639906536,2.734818839538763,test_x0,2.7343012134110656
3.095136056523655,0.607166520558895,3.765946957998292,test_x0,3.7658090758810534
3.4153790988804635,2.457170678465184,10.729472931799277,test_x0,10.729290413045796
3.1745134603460836,-0.7988649937100765,5.514723874812222,test_x0,5.514771266395638
3.3791742408801264,-2.406958933154999,1.9436994133278955,test_x0,1.943995185225462
3.242942528802599,-1.4996795734162855,5.3127207638073655,test_x0,5.312159047657441
3.2044713010526555,-1.6809589087812118,4.62114716340848,test_x0,4.621462722255282
3.118501576211708,-0.8269343571451584,5.215851184766208,test_x0,5.216015201038322
3.332513722639698,-2.2244554735387987,2.901506703906171,test_x0,2.9015041793458787
3.000026702648986,1.8987619687959043,5.044416910045049,test_x0,5.044303285988962
3.2830692308743785,2.3561283041305208,9.148287712074625,test_x0,9.147818883523346
3.211656951375554,-2.591588989350802,-0.573428124534844,test_x0,-0.5737295653460448
3.4541961979565983,2.9151869182186196,15.404494229875613,test_x0,15.404661590462288
3.468970083872136,-1.4045704249980497,6.914464642337425,test_x0,6.914993258960677
3.4917126733548143,2.118148375537463,8.978189863566323,test_x0,8.977334988586248
3.4480592116490536,-0.9075884274859805,7.190151266078157,test_x0,7.190085899138067
3.0197858836796128,-1.3976926723125158,4.309660621757574,test_x0,4.309469352269012
3.0744960012841234,-2.380016445150857,0.39034647462155214,test_x0,0.3903312253371049
3.1008070861937087,-2.333214717084293,0.861425786356071,test_x0,0.8615428183050855
3.368519150565493,-2.6307235640998172,0.013840223338634994,test_x0,0.01437037958924144
3.213599991911399,2.2662475221326694,8.130802158545219,test_x0,8.13024866359367
3.0944726695590115,-1.3359524096017539,4.790109644545003,test_x0,4.789869317149741
3.4650451856798217,-0.4330365025884957,7.067159010058158,test_x0,7.067324388084854
3.383094025184291,2.642633617319963,12.108847259730688,test_x0,12.108901415349395
3.2520418349285025,0.09222254561286736,5.142277464366746,test_x0,5.142229385538963
3.271143042436806,2.352854884776349,9.054110637319695,test_x0,9.053843670612867
3.226511798265991,1.628409109854803,5.30953433741874,test_x0,5.309636305530845
3.3260978101969876,-0.15149114523546103,5.876277357412473,test_x0,5.876922853860161
3.393126484965036,1.1769054616301897,5.519441500717617,test_x0,5.519317104253304
3.4655228773813422,-1.6357698994036216,6.365793541179736,test_x0,6.365941731850633
3.415458362784504,2.090906167271763,8.322295259876089,test_x0,8.322522553185431
3.4119328204920834,-0.8659254396162441,6.952353900442134,test_x0,6.952130312110608
3.414575936173044,-0.9592436551429722,6.964813892466966,test_x0,6.965419110091037
3.050745298962446,-1.607931537161078,4.004222763406492,test_x0,4.004132426670596
3.0655242250803165,1.748257953028583,4.802636522488401,test_x0,4.8025242326516375
3.3494069517328184,0.36980961174022164,5.421894830310971,test_x0,5.421355829724758
3.3047559404626483,1.6700131301484253,5.890912824086661,test_x0,5.891215836257767
3.450404006161702,0.6385860613461438,5.854310465119484,test_x0,5.854657041191964
3.218639314437005,-2.4911262715591143,0.3192164329084304,test_x0,0.3192657071100141
3.0295105747172584,-2.009471416996682,2.400442179715836,test_x0,2.400763137142994
3.05924515275471,0.17917713499910493,3.9845244463817617,test_x0,3.9843267113526175
3.3713921337193455,0.8655205829254973,5.263911880881784,test_x0,5.264117567540175
3.375538517645871,-1.9574668865402107,4.60335385498128,test_x0,4.603163340039167
3.34832067191955,-2.6364181614799724,-0.16516243975922795,test_x0,-0.16514828946757223
3.3722166651662664,2.338970974142941,9.57479561790749,test_x0,9.574601148742547
3.433593691031837,0.2723120454857879,6.062640830136743,test_x0,6.062340584185852
3.396032682387192,-2.654184432773117,-0.028640146045683768,test_x0,-0.028169156389608905
3.2098578194723437,-1.2310099175271925,5.55390896617304,test_x0,5.554038377770254
3.0265397700119223,1.0302037494448566,3.34175976016014,test_x0,3.3417298446339156
3.2834224333678383,2.3011733775525443,8.769321635538432,test_x0,8.769172384963683
3.4225576307208514,2.4055485032764574,10.380413033253872,test_x0,10.37995961366747
3.480937365599591,0.4470099275911332,6.203431049299219,test_x0,6.203668823581824
3.2696211046610637,-1.590219406415171,5.253507086188476,test_x0,5.253595427870819
3.035835175780282,-1.3177219153123836,4.515139083503125,test_x0,4.5148705530420035
3.0446656090709467,2.1788507782277104,6.6797773778807095,test_x0,6.679491216356786
3.1547234000341065,1.4472528606370698,4.4809379303607715,test_x0,4.48067125841183
3.092669333012712,2.2577165947230835,7.4145482572452455,test_x0,7.41456382745091
1.5114052241848572,3.2708795017940204,13.506758337917873,test_x1,13.506636830626752
-1.5346138927596995,3.457698015561645,16.56481180977952,test_x1,16.56488844980849
1.6743017391872543,3.1316533276724643,11.700032132159686,test_x1,11.699965801209109
1.7016115926537463,3.19767177399324,12.645649687835824,test_x1,12.645633857408594
2.311639839721914,3.0400164554412963,11.71415258393667,test_x1,11.714182437476236
-0.6593166871133533,3.1062243668994265,11.53027283228439,test_x1,11.530353086097676
-2.5571632620374762,3.4852353605587507,14.919340762637063,test_x1,14.919586358484528
0.7045699024585907,3.0379166999113494,10.090539597936257,test_x1,10.090690961102519
2.4895766208056136,3.1074532748699504,13.115540309375767,test_x1,13.115121288017662
2.0067894098128427,3.3630359395070606,15.595298410431687,test_x1,15.595545842154175
-1.8538558770599807,3.243685514826918,12.824457391660532,test_x1,12.82446728987713
-1.2717559366542444,3.399094768390719,15.781893468242679,test_x1,15.781536031285162
-1.1406447875435974,3.2488767987183564,13.521131300540906,test_x1,13.521627032878369
-2.4785376601149833,3.0770684721734405,9.068962689870983,test_x1,9.069046712645568
2.672186380604087,3.3919157477109243,17.921952178047583,test_x1,17.92166647414291
-1.4034024246502932,3.1499523134690954,11.996175208981585,test_x1,11.995687786590247
-1.267728000342006,3.4125066167635545,16.001037665573545,test_x1,16.00173546345909
-1.42013246666645,3.4951381205204712,17.29136961621586,test_x1,17.29097472689085
1.8935575921129955,3.1987270055135424,12.937096385760535,test_x1,12.93703126281449
2.9582001648891048,3.0731014001624413,14.521700916732925,test_x1,14.521551915756161
-2.2629743592442293,3.4015553007348283,14.410839768154739,test_x1,14.411372910257482
-2.0174862245428455,3.3064573482899506,13.472846685227218,test_x1,13.472873223447925
0.5041434867164254,3.31732627423899,14.045776694606413,test_x1,14.045550847576655
-2.886815447401653,3.2799092557656984,10.338255505508421,test_x1,10.33846306387034
1.3311893110683215,3.409274372266913,15.52832357550491,test_x1,15.528391559890782
1.8562470570597185,3.3414068094225566,14.994787620684114,test_x1,14.994449111666915
1.22412022330922,3.351235544217013,14.551812814524004,test_x1,14.5518600364483
2.4556341303161666,3.258815398045813,15.12727812374814,test_x1,15.127189980489538
1.9974927625219445,3.167414647182266,12.682914558626887,test_x1,12.683194916463574
-1.7898221110635788,3.3866426822503475,15.1055068373206,test_x1,15.105767972724495
2.2155189560375685,3.2318506535760765,14.067117062130098,test_x1,14.067211506515502
2.8353643482641235,3.1104994075614707,14.45594449036043,test_x1,14.455743586553389
2.463237481638835,3.2791560724538757,15.45271235435657,test_x1,15.453193401430932
1.1191624098407198,3.409261953950694,15.442700293912107,test_x1,15.442662025372698
2.7593316979410343,3.1470333496430274,14.629579745842303,test_x1,14.629184423342505
0.06763529035548554,3.0002559804417372,9.869393089097747,test_x1,9.869386547244062
1.3920723075467851,3.007822838602857,9.839990112630257,test_x1,9.840321404470128
-1.9720073599091321,3.001597171968771,9.371906794197733,test_x1,9.371729144239485
1.208657560744018,3.451275171775754,16.1618627561848,test_x1,16.162238126747972
-0.5928839384284998,3.3930218990148417,15.714382499843392,test_x1,15.71460237877273
-2.7409649412345356,3.1466496441642193,9.054114591109116,test_x1,9.054248772200664
-0.2204905739811016,3.3717535619748387,15.228261723267256,test_x1,15.22831995323882
2.122133823604633,3.350227969745014,15.631570419057784,test_x1,15.631510776705579
-1.3893716163278669,3.493878594884786,17.290851617310885,test_x1,17.29093709459094
0.5275088192071715,3.149849586383109,11.611482481763517,test_x1,11.611233509920671
-0.2628615106582677,3.4593288506169126,16.67542182937279,test_x1,16.675869860360475
-1.4901044336882123,3.0291700413519416,10.345956224957241,test_x1,10.34567529562965
1.1935883931957472,3.4380862770222373,15.937433734050362,test_x1,15.937648417621753
-2.638286422915135,3.4476598885384977,13.999224730671756,test_x1,13.999003038089691
0.6276591015278008,3.464894694343281,16.37663920828644,test_x1,16.3766823314814
-1.6417958104501427,3.1186918285003666,11.35994834031304,test_x1,11.35971435595073
-2.7788517019158676,3.189101780597278,9.488008623756956,test_x1,9.487801465277977
0.031912665841090426,3.3661113166003624,15.014924416088284,test_x1,15.01536803547568
2.9612644059656876,3.39263250271082,19.16624999021975,test_x1,19.165980274562006
-2.7383658315149146,3.016834611158087,7.37071835764999,test_x1,7.370542724831235
-0.6475579489038008,3.082599415611567,11.21642728310497,test_x1,11.216479956759812
-0.5178835587757584,3.0509246821985223,10.769271732938995,test_x1,10.769079733074141
0.8226714021471944,3.1215499482967433,11.162466196230387,test_x1,11.16250226550865
-1.8622847084539673,3.0498949902640433,10.164396102549308,test_x1,10.164879066617878
1.1984596231913507,3.304405076593423,13.820307940743408,test_x1,13.820393707407769
0.7221265435960449,3.1814557480499746,11.997310596179252,test_x1,11.996778507727448
0.453756832269649,3.2763796964732563,13.445568675087817,test_x1,13.445922674959409
-0.4338231866843847,3.477219312372042,17.049542584148046,test_x1,17.04963725316185
-2.6897870281162213,3.128462323277902,9.008204406084639,test_x1,9.008429598340802
-2.6706281436257173,3.322108795134544,11.871335627723298,test_x1,11.871087460481208
0.21428717642109296,3.470490228931229,16.630053054639216,test_x1,16.629817454912885
2.3162326454790474,3.29332358075347,15.234843467828366,test_x1,15.235253391716054
-1.1200218007128695,3.39757149279705,15.81184285653256,test_x1,15.811511957899015
-1.0994700186398056,3.1861990109124774,12.633410513677346,test_x1,12.633294278940578
-2.4245178802436405,3.0785884389445783,9.256529704277485,test_x1,9.2563765677489
-0.26855328858162686,3.440538371936203,16.36510675155982,test_x1,16.365344246094345
2.3977952139388305,3.4513349349961393,17.97234304721476,test_x1,17.97279368391194
0.9558435716715787,3.4093303069046614,15.419772550272675,test_x1,15.419554485258836
-2.961844600712903,3.0169046076948596,6.3935670999572425,test_x1,6.393333571132104
1.41689672337586,3.10646581981825,11.12160331497801,test_x1,11.12126139137219
0.45966032768784126,3.3482018068989263,14.539185187224085,test_x1,14.538961173272632
-1.0634651100544947,3.4806131457962537,17.197686020551156,test_x1,17.19734244815642
2.756597380611467,3.091429313443909,13.87366343449122,test_x1,13.873615721472069
1.5428799075996817,3.1630869891658273,11.990945463900317,test_x1,11.990291305386046
-0.8429821283149561,3.2025757418476166,12.88218762134067,test_x1,12.881748538003615
-1.3295030772635121,3.4743381541303267,16.994957977468495,test_x1,16.994520167879177
1.086527456310785,3.269355436732483,13.262603150056002,test_x1,13.262628124383637
-0.14720491340285902,3.1072164679910093,11.344072463978407,test_x1,11.344459551776312
0.7030624746864427,3.2031437581136566,12.306536144891503,test_x1,12.306248759821504
2.2085454304644054,3.4447506454004966,17.354773321209237,test_x1,17.35438926036484
1.6528339331445139,3.1501032035989938,11.92599498121074,test_x1,11.925478624037392
-1.6620332392507273,3.4275091714666646,15.93265950831328,test_x1,15.93270569468563
0.7144922128018285,3.4361147635051315,15.877271066197899,test_x1,15.877401811528255
2.0667576383414037,3.048108002227477,11.234445720709122,test_x1,11.234718900411453
-2.3004916878971207,3.326892360632212,13.134390330697029,test_x1,13.134459496567516
0.602973999484731,3.20700504412904,12.38578570931522,test_x1,12.385785650644337
-2.9127218645899307,3.4594714782621607,13.06409717952511,test_x1,13.064179272471376
0.431516772214235,3.168233424708428,11.89932489812479,test_x1,11.899475569818838
1.8114827452272442,3.3781637984119746,15.505114069501687,test_x1,15.504845804489262
-0.5978626401731693,3.113405277870435,11.609678910561115,test_x1,11.609434100173031
2.7747679272676304,3.2675532073411806,16.408002783246264,test_x1,16.409197692662485
-2.912661685970685,3.431746840577994,12.603910716536108,test_x1,12.603689427731545
-0.848459613334219,3.1723866229914757,12.458715402104172,test_x1,12.458405701624942
2.7776296189981116,3.3287149521427173,17.344387562392033,test_x1,17.3444741711279
1.0785457842812853,3.4392834844925253,15.92558918994605,test_x1,15.92586581713185
-1.0235969043594066,3.2768815509976834,13.958545280072942,test_x1,13.95871778248068
-2.4637340608257112,3.2637263884884016,11.706889125860032,test_x1,11.706176390462792
0.3787595978646423,3.2216713696671406,12.674613478156068,test_x1,12.674841769672488
2.6376254994603876,3.404500530932684,17.995957301411522,test_x1,17.996288466215365
2.4875029494921383,3.020428233890971,11.987767906577636,test_x1,11.988107096322082
1.7407507876375563,3.125757058275445,11.703566845739736,test_x1,11.703899539541244
2.374174788071202,3.0725541952524207,12.305713693521202,test_x1,12.306031291290187
-1.2358592464349858,3.290832572269056,14.110578777159112,test_x1,14.110365445882344
-1.00553694391883,3.429199047739245,16.347061135230128,test_x1,16.346403501091437
1.2444829810657918,3.3962050951074954,15.274057753110089,test_x1,15.273847126325862
2.256686483303504,3.396080447552143,16.67896911253138,test_x1,16.678948022645635
2.8913020225748847,3.0849670674253447,14.366279448912406,test_x1,14.36614373125192
2.8549681420240205,3.316199322046927,17.481573234580896,test_x1,17.48107177212737
1.538673285337505,3.173729517264217,12.134543484358662,test_x1,12.135010795841916
-2.1156054675389973,3.438805970268662,15.370040744133338,test_x1,15.369939564535585
-1.7332230548277325,3.3349026309975556,14.368072207211654,test_x1,14.368292078630105
-2.5507915005841904,3.1068983769679233,9.222915250291754,test_x1,9.22299135699983
-0.357550560616823,3.1350444452063844,11.813977844481709,test_x1,11.813795338085418
-2.728573161423723,3.2065855548776763,9.938840071308341,test_x1,9.93921126643889
-2.3553969703944224,3.229492438066939,11.530000330959126,test_x1,11.529823554630791
-0.5374523567492933,3.1582772144285087,12.199201851425727,test_x1,12.19920310937899
0.9781620173435153,3.2935622779460902,13.609370349754148,test_x1,13.608719032803778
1.5148775321769996,3.1137886261399337,11.29644785992841,test_x1,11.296531225098304
2.218216685024408,3.0548756780603474,11.662436653678142,test_x1,11.66267455909009
-0.846698263841847,3.364541786125534,15.308044172674867,test_x1,15.308009378312558
-0.3497621021328108,3.1009185472527703,11.353966050350273,test_x1,11.353984993208803
-0.40130043810352145,3.0959985542963673,11.310420287462234,test_x1,11.310691937666787
0.43757616953283485,3.459372179843428,16.346318123291752,test_x1,16.346325709798748
1.744368928747149,3.0152553995359663,10.278067162833072,test_x1,10.278633527788061
1.8596833755833888,3.433445783469036,16.474011003744163,test_x1,16.47425831470116
1.227672672114413,3.3801419584859818,15.009726887931453,test_x1,15.009723471606671
-2.135131475282809,3.4501627280589107,15.515366733594734,test_x1,15.5146792091299
0.382349385131314,3.4827504628550274,16.762803271783483,test_x1,16.762659394153143
-2.130504332036283,3.226903089726713,12.059591190898537,test_x1,12.05931912834172
-2.9093084810560708,3.1189106223890337,7.95680286692355,test_x1,7.956424194612606
-1.6708262322877112,3.2210660160801776,12.74696685623275,test_x1,12.746996348658309
2.826323770980519,3.2704339590057887,16.667565015434086,test_x1,16.6675626546017
-2.4238076954751393,3.2089665854014067,11.035358680218053,test_x1,11.035319569360473
-0.5951201505343788,3.2262543903060408,13.17448539500442,test_x1,13.174332359441529
0.5572544285388856,3.467449658369842,16.439975051129938,test_x1,16.44007476956212
0.38686252577096525,3.0928722906272763,10.899691887776417,test_x1,10.899573007947025
2.0011342011650255,3.1477296046115546,12.419050853386775,test_x1,12.419039104728608
2.3638117565051813,3.111036440853324,12.781617504084076,test_x1,12.780886443661942
-1.3805095463399697,3.1722035544928096,12.318158206833637,test_x1,12.318780170354648
2.4239760401970516,3.1282969631121293,13.189682751812052,test_x1,13.189551405313182
1.9530826044913496,3.0662120276134406,11.247759007819027,test_x1,11.247643581642691
-2.8241331341145877,3.0668195324149172,7.649284290302796,test_x1,7.649247519357487
-0.32468936822974026,3.17046333415632,12.285434244357127,test_x1,12.285252237336245
2.985236203036269,3.48581972734167,20.82305715883117,test_x1,20.823346348291476
1.8891948470749824,3.1780508081851773,12.639438097845709,test_x1,12.639334765996015
0.676434300509567,3.081785767772965,10.66002373605784,test_x1,10.660092768500126
-2.744789167899153,3.04116533518922,7.650613094431497,test_x1,7.650604989464164
-2.05770599465683,3.028476819854009,9.540249812244362,test_x1,9.539966438183093
0.3040855783115437,3.333810948716381,14.379487627343071,test_x1,14.379403091910323
-0.7587698719547844,3.0222101973149016,10.467426082429657,test_x1,10.467455603123945
0.49670526206552656,3.345357582944727,14.481373769030249,test_x1,14.481868794821864
-1.9862465731742003,3.0808292522615495,10.349769045718613,test_x1,10.349788970000658
-0.03957463204353617,3.3790195924548865,15.255391429971949,test_x1,15.255064202483528
-2.7838293652863175,3.2856665703586048,10.869721925451,test_x1,10.870080612363738
-2.976253949941637,3.331323650316001,10.70279895969274,test_x1,10.702519591821046
-0.5818278577802118,3.169463890399215,12.367591660608177,test_x1,12.367250012955692
-1.7815557840592822,3.4883138912221843,16.797374549252755,test_x1,16.79705927366569
-0.07432509240341734,3.047009720438505,10.525296545858444,test_x1,10.525864939222744
-1.4000893853696197,3.0897447357850023,11.191604755467225,test_x1,11.191890661070335
-0.4188181755947191,3.072890720275006,11.015374473073933,test_x1,11.015554815660888
0.5186478084558725,3.17132895512804,11.910530844897107,test_x1,11.910433010006997
1.4587672181312872,3.1861025975731154,12.239606744153562,test_x1,12.240003417508143
-2.2712268422817132,3.271870380115917,12.379065581125142,test_x1,12.378794112371653
1.3822181495547277,3.223394021938398,12.714936645178527,test_x1,12.715244454670078
-0.3862875277190807,3.020455139000151,10.335100895468653,test_x1,10.335146633269844
-1.5171042370446186,3.4495865308439937,16.445124671002887,test_x1,16.44486041172131
2.9358790263426684,3.205605333732975,16.21667762968097,test_x1,16.216851000909184
0.6674443805862689,3.0384202083954555,10.104984126770884,test_x1,10.104899733749688
-0.32351921408490947,3.3576083232367138,15.05191262360629,test_x1,15.051920515859285
1.0132699296515053,3.2792964799081217,13.398702648136865,test_x1,13.398814335967703
-2.4368172873635747,3.071515918520845,9.127250231627961,test_x1,9.12719446262387
2.014499052747251,3.3219293194119333,14.970587029509014,test_x1,14.970494201972917
1.183618797276007,3.0108444548617017,9.77374621295798,test_x1,9.773522855655665
1.5160572754386994,3.4477038029639977,16.292481052490587,test_x1,16.29202262950622
0.0803962449771829,3.413199793693045,15.745840222999925,test_x1,15.74596765899648
-2.734748738072593,3.474885315104088,14.086277678127612,test_x1,14.086309152700712
0.10034592503096995,3.228770938529139,12.905410798749259,test_x1,12.905334268116874
-2.9845288060812747,3.056352451697234,6.782893573638397,test_x1,6.7830273180810305
1.069608515221721,3.199636294228197,12.248786075416959,test_x1,12.248540645768504
2.8647756198504464,3.0720295069354515,14.07931705722439,test_x1,14.079573581604631
-1.377234036445062,3.1078877150053286,11.446182492182015,test_x1,11.446258201717738
1.9945228980676895,3.1105172487099297,11.904629843433572,test_x1,11.904864038160744
-1.126194975407218,3.3321632185930867,14.77785105294613,test_x1,14.777799281153769
0.40244015435781977,3.199306583256593,12.345999136305329,test_x1,12.346020846276552
-0.6541923760077673,3.2891961047343443,14.116661750475844,test_x1,14.116823142069848
1.682031609291145,3.131066104034264,11.701296449842781,test_x1,11.701507130173718
1.657933912730635,3.2032354524843325,12.672344778710926,test_x1,12.672325137817234
-2.4909702341474134,3.000585512348866,8.061427925967905,test_x1,8.06175613701986
-1.8066267460201821,3.006981172941891,9.710071406477537,test_x1,9.709940460322075
-0.8512048899581064,3.2277379218103275,13.24272711101143,test_x1,13.242934607308326
2.8290731812516317,3.209008543971052,15.785999475299448,test_x1,15.786456509215265
1.1662818494614644,3.1170718144453784,11.136599247629473,test_x1,11.13646339345739
2.1022436337643793,3.0132249538151443,10.87047631878161,test_x1,10.870863257596508
0.2882019941095768,3.329981580904982,14.327420870271553,test_x1,14.327275982100886
0.5583936714939206,3.211645398597905,12.465175570904561,test_x1,12.465036222950243
1.9700286494405486,3.1939752781294626,13.002991043504263,test_x1,13.00270106954187
2.800142482402264,3.3845234712787358,18.314427570073153,test_x1,18.314422264983197
-1.3819909569362352,3.440794736085492,16.402051307183424,test_x1,16.402105924182134
1.8463002695441793,3.2234901449097215,13.214868162151232,test_x1,13.214895245252837
-0.42123444823792777,3.1050660543392277,11.438235900646239,test_x1,11.43854605108873
0.3907532472027073,3.009659074620043,9.835782958753759,test_x1,9.836060701255674
-1.5671534668247755,3.050878145092614,10.551316028281487,test_x1,10.551082451041701
-1.2416853101649215,3.2045507017898065,12.84649832833841,test_x1,12.846458446933534
-2.9968934868677177,3.393044667111201,11.575192029461547,test_x1,11.575296963709516
0.8854097108263481,3.3312044389346935,14.181732870811741,test_x1,14.181738677664331
-0.061132966942148315,3.0513034124287417,10.573464459525866,test_x1,10.572532517187302
2.268184212747151,3.4235430695402567,17.154533516265086,test_x1,17.154999181057814
-0.03160935735338999,3.429260506238771,16.06444196280207,test_x1,16.06400187000423
0.026700361809894435,3.0927764743069566,11.066937179443489,test_x1,11.066782741934798
0.5012624339802891,3.0029385641966893,9.710741837155847,test_x1,9.710999466450334
0.9387968550776606,3.100525471871603,10.878526724040341,test_x1,10.87871798518193
-1.0122790690616832,3.1365314604937637,11.963174530773635,test_x1,11.963147340306428
-1.0654009005644276,3.273653225285762,13.904006071124888,test_x1,13.903817283765543
2.589342238043055,3.4897350089669645,19.23922938438198,test_x1,19.239019128178015
-2.678707794297442,3.0346443586913603,7.826700940173492,test_x1,7.827434106069769
1.1488940709882138,3.0410401340973765,10.14125878141425,test_x1,10.141371904462654
0.8327884844876126,3.3923079798013345,15.14727194556948,test_x1,15.147196541387219
2.630518997862522,3.3550359580217246,17.18173015090212,test_x1,17.18155336556687
0.7393254348484812,3.084701244555606,10.68557414729531,test_x1,10.685342878591483
2.4525608307399205,3.3386566162767153,16.325170783450552,test_x1,16.32536079259373
-1.60554501971535,3.2809718841099023,13.697324071890183,test_x1,13.697362571580772
-0.326880928407677,3.1687295767785493,12.262344091573585,test_x1,12.261673279029079
-1.0530282348127171,3.4507081840769533,16.69658917343341,test_x1,16.696467980672246
-1.2469647731616142,3.3375707538262946,14.819843113397608,test_x1,14.819657965590109
-2.4869473635340946,3.445147562565513,14.478288970563769,test_x1,14.478667024671044
2.317525754815259,3.22224943771262,14.19212253992377,test_x1,14.192086597719994
-1.0945387159893178,3.4815030194288688,17.206622018304415,test_x1,17.206498333034084
0.7902439922340379,3.3716403657762317,14.821943067831103,test_x1,14.822141863535194
2.22364654424125,3.1696963815353167,13.20648175983857,test_x1,13.206644358249338
-1.0317074207703758,3.082537195524439,11.242364057706006,test_x1,11.242263062270851
1.1396109352441464,3.2061249385590282,12.357109375041427,test_x1,12.356995450662275
0.5522382116781634,3.256932931996298,13.12338489406365,test_x1,13.123542087495911
1.2032017409428661,3.092889857086262,10.828547179478331,test_x1,10.82898581131518
-1.2177930219937116,3.427817874400577,16.27263207752528,test_x1,16.27255883412943
2.594429170419148,3.365612652621968,17.21843708793684,test_x1,17.21876260949427
-0.4523106751000108,3.1890390025360955,12.597016452567614,test_x1,12.597246617553733
-2.610422950573807,3.1721416753020977,9.900806812242271,test_x1,9.900734389461867
-0.2242126746876414,3.309450944405889,14.261834645161109,test_x1,14.261818547424124
2.2077367583133016,3.2940340444625216,14.966659611676569,test_x1,14.966458401517256
-1.8304370174452154,3.4675141577004487,16.37372178147292,test_x1,16.37367413217394
1.796167244528582,3.0869739487886267,11.265029985926017,test_x1,11.26505220993331
-0.4777004001840961,3.1073517766595447,11.489953429528661,test_x1,11.490016305048716
1.310694471101229,3.2590739787068284,13.19232775527277,test_x1,13.191737483225616
-0.5246527741077074,3.1248310186703825,11.739959808063599,test_x1,11.739926190917698
-1.053805857467353,3.042390583205795,10.722379805232212,test_x1,10.722092937346206
-1.5506209206241908,3.4321764541319117,16.12626482427244,test_x1,16.1264752050299
2.7122188278814905,3.084689603941938,13.60843928957824,test_x1,13.608501181033915
2.4928367313576754,3.1263876260499353,13.379255763877477,test_x1,13.379281107881534
-1.5972499193153,3.0540483722631233,10.56166126937867,test_x1,10.561864816982574
2.542244768716733,3.4079826057226272,17.716152000098205,test_x1,17.716322209459793
-1.5196294302026074,3.3673045394046546,15.107696343961363,test_x1,15.107969388617901
1.1853977100813875,3.4753731037180193,16.558147296651516,test_x1,16.55782982167028
1.2279746189266572,3.192076913470737,12.1884607643591,test_x1,12.188512666766213
-2.962273672929518,3.4548420915325866,12.754880716181237,test_x1,12.754702952657698
1.1840748691529583,3.2941801124322603,13.660568608669674,test_x1,13.660812093723582
-1.2518094233400456,3.19218732810439,12.667246229760456,test_x1,12.666905066277804
1.766450480281745,3.2866012911210802,14.025760546095011,test_x1,14.025639889381852
1.6002809459832488,3.0373790495456396,10.385566928159712,test_x1,10.385219124283175
1.2954034283516496,3.36379887809754,14.781427652538994,test_x1,14.781038402073303
-0.5987765092707202,3.2132367303103826,12.988726263850815,test_x1,12.98806430877702
-2.0338147853277118,3.4755324233716047,16.154777071801828,test_x1,16.154144115232317
2.989152249989128,3.460568417891303,20.415452465219172,test_x1,20.415455888651827
-0.7915235028994125,3.364109622611692,15.295857960938894,test_x1,15.295682707175041
-2.281081009854393,3.2023972060814403,11.344668821744374,test_x1,11.344801142129725
1.4173326846736174,3.407288919790356,15.550684604342113,test_x1,15.551031606045173
2.2569741896554145,3.4459152385348792,17.49475995315544,test_x1,17.49516561851391
-0.5432264033625476,3.230068643585046,13.213677908711016,test_x1,13.21353251086319
-0.4954313945708404,3.024195782199265,10.423644410557944,test_x1,10.423187389048332
-2.922215468198763,3.4845129905487267,13.443115506342728,test_x1,13.443368420187477
-1.1510273181000692,3.1119553987094966,11.604678833800866,test_x1,11.604873045088347
-1.7868356400394294,3.267724564350001,13.277573531918549,test_x1,13.277176185444633
-1.8640733969370327,3.048664801936735,10.145883445834427,test_x1,10.146238488761538
-2.643034761351511,3.024144588436235,7.828472143793272,test_x1,7.828693524738546
-2.627924871250669,3.127481919275903,9.226474198167507,test_x1,9.226180871979096
-0.3675384714030314,3.3437788083640347,14.854460792096727,test_x1,14.854235457626942
-0.6579115965244062,3.4942044042037,17.4101375848408,test_x1,17.410187039461814
-2.912723701951535,3.2373183045122556,9.593213871603883,test_x1,9.593303904085616
1.7324078589677816,3.0594534587265976,10.8209582097834,test_x1,10.821417996368822
-1.8284343273085368,3.4543156328766016,16.155443435589554,test_x1,16.154797080440495
2.3037020054187014,3.0125012334588255,11.347787497487712,test_x1,11.348109775107885
-2.4906199500442567,3.231000410853336,11.142946985458032,test_x1,11.143086075926275
-0.9611378357993354,3.244977659459433,13.49363129809336,test_x1,13.49357425636763
0.6254718288442813,3.3187778186605015,14.03065387702912,test_x1,14.030769188489321
0.03175004742286536,3.471706628546748,16.73988410123027,test_x1,16.739949549602123
2.0237179112020423,3.1036016393949146,11.868897753772636,test_x1,11.868456655397239
-1.4757211307662275,3.3068757538301488,14.207908096910435,test_x1,14.207408517684202
-1.4556097888698776,3.0314736474487693,10.402574841346237,test_x1,10.40319664094887
2.3750288133255095,3.369429967667829,16.575231465590793,test_x1,16.57515534532601
-0.2914926124826822,3.311365161702844,14.321944633228705,test_x1,14.321929684892526
1.7579281335259953,3.489427520536106,17.264048881588803,test_x1,17.264117948770156
-2.018210635681585,3.499419848098104,16.592538289686566,test_x1,16.59206519874521
-2.3620211929905777,3.207062639685483,11.189645850595152,test_x1,11.189695910058076
-2.1232131215293606,3.3416359973899823,13.794581203019533,test_x1,13.794864591084918
1.9737726455049485,3.386836657242471,15.911416069969926,test_x1,15.911443990002313
-0.7286458175081902,3.478397210731535,17.155868818512563,test_x1,17.15602753167251
2.633812331620849,3.4931624360868443,19.45753801910184,test_x1,19.457339420402672
2.149512301645701,3.4819863233410264,17.841382291195178,test_x1,17.841594683119123
0.8031948070824404,3.310212341722557,13.865614877684884,test_x1,13.866144867942952
-0.30855697328565324,3.3218788409588407,14.490414083510043,test_x1,14.490856208885798
-0.11297667633540698,3.263062517106146,13.512379604816894,test_x1,13.512428279226205
0.5923058408793582,3.431857093530573,15.836771876661556,test_x1,15.836741110334353
-0.4154341259224581,3.273283842478038,13.801051979860208,test_x1,13.801441909376843
-1.3240236345394256,3.1008828428342206,11.384969306219343,test_x1,11.384780020785813
-0.6024602680421918,3.1480646028626524,12.078968238617716,test_x1,12.078996461976311
-0.7537480994740058,3.0248632247574276,10.499834893165172,test_x1,10.499337246911388
-0.5483007341772073,3.3278825004790504,14.675543612563548,test_x1,14.67586244567984
1.7245231945616348,3.0264122822130175,10.391497509359485,test_x1,10.390986636608854
-2.327401459718372,3.211341023297944,11.347495212216693,test_x1,11.346915087950944
-0.1604601371936072,3.1415096356104484,11.811501558517639,test_x1,11.811541547971819
2.8604390295387505,3.1254817153745456,14.765935137006624,test_x1,14.766027596573213
2.741552947166621,3.3357966432248105,17.30703569405717,test_x1,17.307016690515894
2.7582154457986867,3.014241168080755,12.893736798099562,test_x1,12.893294473966924
-1.7524989557527721,3.062960517407436,10.492153359624819,test_x1,10.492261237935324
-2.9364584505756817,3.249153424861696,9.655806309912942,test_x1,9.655540300828017
-0.8814245511617211,3.090550951264518,11.354800472217237,test_x1,11.354871108083461
-2.45409784035039,3.0714317845093895,9.072795288788218,test_x1,9.072859587194458
-1.5133318014721502,3.283444828875084,13.822799412726829,test_x1,13.82330236475023
-0.3944072470089228,3.338366172889471,14.781419537275667,test_x1,14.781803344512463
-1.479480754976349,3.30543499610953,14.182969116022411,test_x1,14.182919013525048
-0.6902566096495986,3.0912496490539607,11.339572995878287,test_x1,11.339409336809997
0.7819327173052466,3.298802330666304,13.695031684195897,test_x1,13.695067000188178
0.1481836331319708,3.449554225515686,16.31094866969689,test_x1,16.310592731797737
-0.3231948178605011,3.119567802030504,11.590718282934382,test_x1,11.590958582381294
-1.9203469680891636,3.3131133253822176,13.75165081313901,test_x1,13.751595874896887
-0.04690793637390556,3.445609869511853,16.342233386492723,test_x1,16.3427980385825
-1.9364224471733227,3.4954534080310697,16.67551898284273,test_x1,16.67511154788001
1.8837128434927397,3.0400631160690765,10.794998361706398,test_x1,10.794689674150188
2.9931491534363666,3.393806784829595,19.338752272446683,test_x1,19.339258067742875
2.7536913649582226,3.039399904842133,13.190936376353553,test_x1,13.19071471409546
-1.5837602963675517,3.241122607150953,13.131820028848463,test_x1,13.131252058568732
0.6796047283651543,3.2111120805540856,12.424914878089286,test_x1,12.42455996914464
0.7226536477805849,3.1152995390169287,11.09292486417346,test_x1,11.092435528736944
-0.4444655224412486,3.485333765640789,17.191407078226934,test_x1,17.19150809212052
2.1847875138276365,3.1032133191406266,12.211345995434,test_x1,12.21119973666322
1.2844681041267352,3.0433345421471603,10.223110051618773,test_x1,10.223316082376751
0.4838419149140596,3.144926501876026,11.559367389231465,test_x1,11.559426519014204
-2.9928961483428713,3.2848504200019666,9.915063549966932,test_x1,9.914876946328656
-2.68918116732757,3.042414608697408,7.884956129205626,test_x1,7.884977714237651
0.4276332712369859,3.1450840248110734,11.582606295297413,test_x1,11.58280189802228
-0.5228064465346871,3.026721321001155,10.464718762299835,test_x1,10.46486914814845
1.3584748490245566,3.2042306556190456,12.426155155289665,test_x1,12.426256304710554
1.0088507214853744,3.200574428747448,12.253067706982641,test_x1,12.253254992696984
-2.7660072121112367,3.3700532921181146,12.24379269360642,test_x1,12.243880102314016
-2.7939513797510873,3.2212275611781656,9.881716953478325,test_x1,9.88226769510064
0.5524623374871473,3.2585186108392827,13.146653728694616,test_x1,13.146705734502858
1.7176546984109988,3.061217124529052,10.824654172452362,test_x1,10.825014435826064
-1.206111877876594,3.1448356315111883,12.029543858043148,test_x1,12.029671638674918
1.0051204570231294,3.3982193305888697,15.243803967878536,test_x1,15.244148975564492
2.1336833544604623,3.3083469816222593,15.011098412563838,test_x1,15.01063866005159
1.3184101401687958,3.2759018305922387,13.445770209555473,test_x1,13.445784306910053
0.11144248490112618,3.393056847781802,15.404738781313105,test_x1,15.4043593944847
1.3107891996125023,3.173170132909251,11.96257136296661,test_x1,11.962368956162342
1.9298840146835996,3.23203566266353,13.47517777184246,test_x1,13.47552038001866
0.5479050813554718,3.4352493159946937,15.906226359877099,test_x1,15.905581608493153
-1.9341902881853716,3.211603999287253,12.228858098540563,test_x1,12.229190990781575
-0.6666712780926427,3.478290096619978,17.141176872858335,test_x1,17.141431120644796
1.3187474306058347,3.199397985763721,12.334788858675912,test_x1,12.334677416798826
2.4930901052334917,3.370062901411817,16.94598698186481,test_x1,16.94567072229558
0.5128073295884397,3.3806218241146664,15.03171478580147,test_x1,15.03210166642652
-1.1516046990572884,3.488945131682358,17.318625807441617,test_x1,17.318686044454292
-1.2314617682836029,3.2719024585579843,13.829369505791632,test_x1,13.82921030799888
2.848385419798043,3.0636072394613842,13.89847227352789,test_x1,13.898250512591641
-0.3391669386100338,3.2988497864918833,14.152878375584242,test_x1,14.153291359108866
0.708268344118689,3.165549395211322,11.778781392141601,test_x1,11.778939903592553
0.31628446063943416,3.1415530580462105,11.580874216643611,test_x1,11.58150905611603
-2.620964289945736,3.1058612218336252,8.96267941286298,test_x1,8.96190207000376
1.717133561932357,3.2658733876148833,13.651781997757558,test_x1,13.651122018638414
-0.3888137955279616,3.219552461777096,13.005352652121003,test_x1,13.005123158876433
2.092502288414499,3.1048730636159436,12.026188674322569,test_x1,12.026181552637878
2.7936411192136745,3.425949647038973,18.958005444737836,test_x1,18.957581683486023
2.641123110928379,3.085670749831432,13.351178083584792,test_x1,13.351280915161734
0.25856317470822265,3.0624773868204986,10.560334859616738,test_x1,10.560211034163004
-2.291910937546911,3.22105435799902,11.582402109985182,test_x1,11.582443862214038
-1.5279735997523176,3.3860007153413827,15.397563463834787,test_x1,15.397197315708054
-1.5314903555826964,3.016686159571749,10.15382948539902,test_x1,10.153673249253007
-0.26138646244194774,3.217745646542143,12.923914203317182,test_x1,12.92429126011254
2.0732525603371217,3.3639305863418816,15.742148917115001,test_x1,15.742659029965878
0.9041206579045147,3.315170555299519,13.934998815517284,test_x1,13.935047621542603
-0.9128400648695387,3.3569003407750113,15.190095439955131,test_x1,15.189982988924685
1.8780197076014717,3.0366260824819427,10.742291476444198,test_x1,10.741843685449115
0.1378160561637407,3.1216795427053974,11.395801250834248,test_x1,11.396260669550333
-0.15279559096510198,3.4856766660280867,17.068256695969467,test_x1,17.06782471416799
0.8054118103856602,3.325669097492051,14.102058134748413,test_x1,14.101936814187937
-1.4574695855606503,3.052495632214251,10.667707956894855,test_x1,10.667717797068592
1.39465161737371,3.0368235811345716,10.204265397589355,test_x1,10.204520918230479
-2.875096777989135,3.3172083247130626,10.954750407825552,test_x1,10.955114057293255
2.1012536024742685,3.1409291447791934,12.529094798071574,test_x1,12.528781062810532
-2.3576363502828634,3.0393354726748973,8.94867731962805,test_x1,8.948179254500442
-0.9429187304204243,3.4277792211899727,16.32809330398349,test_x1,16.328217469107635
-1.9546108296043099,3.48829416159001,16.520956726777943,test_x1,16.520867096848697
-1.044882523255881,3.2323854320366,13.301914019120689,test_x1,13.301952241435696
2.44759773672068,3.302092663440896,15.748977003843262,test_x1,15.748534251932833
-2.7142277613581474,3.3444202067016042,12.0485639096615,test_x1,12.04845861680495
2.5862195917362794,3.16005206909483,14.152458029959572,test_x1,14.152260742779225
0.029573421222376606,3.00363891943157,9.930036783203144,test_x1,9.930042138345753
-1.814474472945106,3.4228880776450463,15.656563258573819,test_x1,15.656163791324959
-2.804559578332531,3.143067995125661,8.74370514766158,test_x1,8.743638019525617
1.9679466341340106,3.368667301442388,15.61160664915208,test_x1,15.61157129508169
2.638236561427407,3.1771983252412133,14.577079123611963,test_x1,14.576869681098398
1.8996879736743555,3.4426398207550033,16.690798332000565,test_x1,16.69079293615123
1.2908579541196348,3.2670200736186596,13.299480898098892,test_x1,13.29934822614495
1.6182519005064968,3.2404212434624053,13.162670429906633,test_x1,13.162300831716617
1.8943155111697028,3.1719265142657487,12.562617800405668,test_x1,12.562432674472342
-1.7097305981779622,3.4748521666767695,16.66419386109232,test_x1,16.663988948509857
2.501415280937441,3.052079407063032,12.432455192466438,test_x1,12.433003213888027
-0.32960158975602294,3.1468216260163775,11.962132536773936,test_x1,11.962531004532126
-2.0698762510219058,3.160558900942462,11.254257899157281,test_x1,11.254415114988806
-2.3178804080722237,3.2531948816760394,11.979242772384334,test_x1,11.979508320417569
0.08392638769073457,3.43008896179648,16.02042176210484,test_x1,16.020312859295153
1.0410189800502723,3.078421966831308,10.597631597123907,test_x1,10.597533361894754
0.21554790749634112,3.0411886473942595,10.308518528574842,test_x1,10.308728352678342
-2.7719960098199468,3.0793864163308955,8.031078661041166,test_x1,8.031094218494193
0.4076876705304846,3.1730699587468796,11.975850396883896,test_x1,11.976342148774735
0.5886256995484671,3.198418826463927,12.2680991631942,test_x1,12.26816364956586
1.0744459521083183,3.279339783310265,13.408768525541003,test_x1,13.409070139788605
-1.9444616636286802,3.167657164717168,11.592885311922615,test_x1,11.593367372386234
2.131830647299978,3.070994133408709,11.66787914221424,test_x1,11.668323760831122
-2.7800582035534367,3.1612944295419076,9.09585991510206,test_x1,9.095688263324718
2.7827744064199536,3.234908350119202,15.962653826935249,test_x1,15.962436315175978
2.6509802013772603,3.144503203527945,14.173429898694867,test_x1,14.173862452157815
-1.8487473516740807,3.202773630408452,12.243930791611113,test_x1,12.244077801947254
1.1499781423428619,3.2335201173193155,12.753225549594102,test_x1,12.75284471399965
1.4396011279613132,3.2459112393974188,13.081169290651443,test_x1,13.080999323574837
2.0770140214970914,3.3532785539034826,15.58253301175262,test_x1,15.582561634576203
-2.8276637897836903,3.429860729322961,12.95052448058842,test_x1,12.950086561953643
0.8051615278454891,3.2323394172827196,12.708777159715911,test_x1,12.708625922934504
1.426130102901702,3.3465178700634324,14.590350714177587,test_x1,14.590217235302456
0.7197745013235402,3.2138550191076356,12.455802048035753,test_x1,12.456272242787247
-0.8477044649896852,3.4177340553092734,16.161854036508867,test_x1,16.16252405456489
-0.9449324257012091,3.0116046948720276,10.347065231150253,test_x1,10.34739855516676
-2.638668343285117,3.3718663671604805,12.766899920656595,test_x1,12.766982592894733
0.3135038763935829,3.3473994863259513,14.586476280448206,test_x1,14.58622141492837
-1.1309286177399738,3.440369605056937,16.508082689310505,test_x1,16.50795544139531
2.241928138829766,3.4974183142778905,18.32592503716922,test_x1,18.32536419914072
2.487984615322623,3.435604353159344,17.989308151163222,test_x1,17.98954615793551
2.550962288017275,3.1964393784579093,14.538192070563111,test_x1,14.538646118617338
2.4268924354741657,3.3807992501706043,16.90931591068792,test_x1,16.908948980660746
-2.031814632334293,3.093309688295591,10.425626669554513,test_x1,10.425508834242873
1.2003987721732097,3.1943154720232845,12.209407366102708,test_x1,12.209293605523929
0.6404877144218233,3.0417507233486045,10.153719233408305,test_x1,10.153866465224565
1.1801542084660914,3.3732629979265853,14.882759197483487,test_x1,14.883292383420908
0.8883515868370342,3.1379688015852705,11.380024692301156,test_x1,11.380223394506467
-0.4883158181256122,3.3143239846724386,14.447180500685072,test_x1,14.447383243257718
-2.082184172744765,3.3622775309074737,14.206023699027194,test_x1,14.206075200483205
0.03205922404362216,3.4012024855435214,15.575392470029206,test_x1,15.575597774414053
-2.2969081375247766,3.4849319586772083,15.704751124430068,test_x1,15.704067008817875
0.6895088108789964,3.13063554520107,11.305534482788158,test_x1,11.30537576244131
2.666311641230118,3.3075252802091764,16.58059784520416,test_x1,16.580827458280293
-1.8334655457613738,3.1560168645707787,11.614500654896789,test_x1,11.614298072719023
0.6866936968807913,3.3150634647221224,13.95902543350912,test_x1,13.959132226655788
1.3282211596028208,3.0010966876052656,9.718026060156621,test_x1,9.718347002952962
2.0152554039180997,3.235429666334552,13.680996816405345,test_x1,13.680424502396143
1.3474267079470588,3.43977586833135,16.03763590188068,test_x1,16.037958374197373
2.220524467090832,3.0198855172864554,11.225873849453347,test_x1,11.22606065665411
-2.8298926523840846,3.3710250128071655,11.99103799655454,test_x1,11.99125175876296
-2.225698650006403,3.268199260077907,12.439930888178651,test_x1,12.4399457383006
-0.11537265439730504,3.271795038894158,13.642923703617038,test_x1,13.642984678184561
2.1663421523417767,3.253829890288071,14.270392262087285,test_x1,14.270275575421627
1.1860417044866773,3.0832175318406234,10.695685915139668,test_x1,10.696350740573147
-2.8960724932436808,3.26764251757667,10.113962865076012,test_x1,10.114126404412445
-1.6504461958886212,3.3374105249782495,14.507731273816301,test_x1,14.507573575102786
2.821671065898146,3.3849495034984196,18.412534704331367,test_x1,18.411780586295237
-2.1919825159206185,3.487681674901408,16.016317757915278,test_x1,16.016612970847362
0.18922292127061358,3.0195994094024825,10.049548692483008,test_x1,10.049753848897168
1.9699866335982419,3.4369514351364963,16.71943513286595,test_x1,16.719449829168248
1.779108120602837,3.197878336082731,12.750680531840409,test_x1,12.750435780180172
1.6284986680623632,3.350050956952383,14.82799309770895,test_x1,14.827494712074484
0.5197523812168718,3.040487861119664,10.173615832865778,test_x1,10.173199053997632
0.38549716469633744,3.3530256548770256,14.643744862700448,test_x1,14.644572240406108
2.2376286943171992,3.394891526172636,16.611621307516394,test_x1,16.61211882341565
-2.980961553572116,3.4699321515754242,12.91845484317156,test_x1,12.918427604132876
-1.2678273137862077,3.2954711418886,14.166393270520519,test_x1,14.166410417040009
-2.2798023293590437,3.1809544005204,11.046099238307452,test_x1,11.046320424705735
-1.6237956995309255,3.1122466334886645,11.29363896166519,test_x1,11.293530062744384
0.4369949243480571,3.4690915431072096,16.509840632508187,test_x1,16.509758764483852
1.260493943355847,3.270364337940822,13.334597612824624,test_x1,13.334700261652026
0.2700209911373199,3.3468470137662574,14.597371463594877,test_x1,14.597536013596816
0.7727089630017101,3.3365443163885256,14.274152491070993,test_x1,14.274346097447102
2.9713471721506677,3.4662162326761927,20.42431077819942,test_x1,20.424634453345927
2.2237694344634242,3.4756123817809166,17.909248061208757,test_x1,17.909682325062658
2.2915047729273432,3.064067540293459,11.967416389999896,test_x1,11.968019970057062
2.4454877286271355,3.0951660964910337,12.813988665484764,test_x1,12.814754240880754
-1.7512585352920198,3.128870417182748,11.362350419967871,test_x1,11.362439496627202
0.0698756329391359,3.060943296155541,10.631559519613624,test_x1,10.631594384501687
-1.1991472366822156,3.132948741607066,11.870693518637406,test_x1,11.870861900263284
0.6680967694634101,3.241091845774506,12.859593273699176,test_x1,12.859810802389726
2.4507390835149314,3.3761737207781657,16.908850388018102,test_x1,16.908411560121003
2.3456201844311595,3.051857554512463,11.958298494965375,test_x1,11.958453039556797
2.7981945601436564,3.1296103144980245,14.55370567650646,test_x1,14.553218322222241
-2.5311328938009163,3.1111309951789985,9.345531095826807,test_x1,9.345532173901818
1.2009100174995861,3.2657918477943024,13.242463922494913,test_x1,13.242284039826927
-1.1644913162142225,3.3273201194049826,14.692121119358426,test_x1,14.692087038102091
-1.6957791133986373,3.449281699254362,16.252443185748593,test_x1,16.25245787975212
-2.8537855466196698,3.1692869782750055,8.892211313400336,test_x1,8.89181175967652
-0.7659656214921267,3.036178411236384,10.644011977319149,test_x1,10.64401954358083
-0.0512601214205306,3.469256881684364,16.740037518604474,test_x1,16.739433296393706
1.1561239529003604,3.2410091897504985,12.863795331076101,test_x1,12.863950494747975
2.0522758479944354,3.028340553904152,10.954846535727146,test_x1,10.95502324380086
-1.8007891163919867,3.357857375635685,14.633298067423937,test_x1,14.633565701188113
-2.474726304794853,3.122978783596554,9.687810604489389,test_x1,9.687806619800668
2.8310077724834795,3.475978979074072,19.950339262899053,test_x1,19.95011239497254
-0.8313815634565178,3.1403389907617396,12.016940597545855,test_x1,12.016798888798965
0.02196985163058729,3.0816365586200694,10.923409275286705,test_x1,10.923767801952849
-2.5599157363851166,3.3265108692255847,12.338076306924346,test_x1,12.338382087676598
-2.484472919086474,3.0886975701643187,9.201833807978314,test_x1,9.20196888162559
2.849410152605195,3.2755435074219696,16.84355026233801,test_x1,16.84377653519047
0.481512649060412,3.458709758312386,16.318827386528575,test_x1,16.31878313441159
0.7650017432547855,3.1630839340688497,11.734823937808994,test_x1,11.734908650477427
1.0848396686267794,3.3570709383012196,14.60140895899017,test_x1,14.60212159259812
-2.457408295702522,3.2040126907327497,10.861614432956971,test_x1,10.861491260303254
2.852559065669542,3.284029545670392,16.984075936867633,test_x1,16.98416619208212
2.8960414925764564,3.4803849386405004,20.312459366781443,test_x1,20.312567063521456
1.411539240900293,3.4784779201558633,16.726997777324073,test_x1,16.726257643173266
1.3041777736895384,3.393562366095832,15.25986881957189,test_x1,15.25995153961644
0.1634123054791825,3.2784502373176556,13.603804665802418,test_x1,13.603889369974924
1.4140795648436617,3.1115613237473605,11.187390065277748,test_x1,11.187117791337995
2.182182809248676,3.1065687126549464,12.249691696813217,test_x1,12.249908133781691
-1.4511608660570705,3.204690856754466,12.72491803087436,test_x1,12.725174138894623
2.673626448874314,3.2178588867348807,15.283967603372922,test_x1,15.284730850741097
2.791832538887382,3.1484305071753877,14.782648542740972,test_x1,14.782866245794589
0.5551650510252717,3.4172529924864334,15.6086227243322,test_x1,15.608489699643592
2.7042933270888945,3.3572059260242195,17.49386648392491,test_x1,17.494181154487947
-0.8162184211973189,3.007267818329529,10.28898627852528,test_x1,10.289413889533892
0.5496195549079124,3.1267361693348197,11.290548178875962,test_x1,11.290717731793537
2.0406231669969657,3.464377552492005,17.31150161080485,test_x1,17.31161347717585
2.1730153683205318,3.2813214799410626,14.693210532181622,test_x1,14.693490208332705
-2.9497981342796376,3.080112600708701,7.256001237644662,test_x1,7.255943504410876
-1.0004521921270693,3.294842110647296,14.230521623040948,test_x1,14.230588063208138
0.6856063880960903,3.400383978113392,15.299849660314898,test_x1,15.300441797670079
2.6806953952582973,3.413620720644909,18.305202111419774,test_x1,18.30541825688768
2.9108389947808355,3.362785766959352,18.455678242142987,test_x1,18.45557782211844
1.396480474414684,3.356502803704562,14.725994531463657,test_x1,14.72603202641523
-1.980467682401202,3.443944435236556,15.727809373923012,test_x1,15.728131508086943
-0.2833578892167772,3.329207082515305,14.59191295479217,test_x1,14.59179795507471
0.2805690974955124,3.3139071829081663,14.084076612448557,test_x1,14.084355186364519
0.0455756049859688,3.472130778368977,16.740144067366398,test_x1,16.740056043271228
1.275455849126386,3.370629499333299,14.879598078797347,test_x1,14.879676874033226
-0.08446226886291663,3.4551506045342153,16.519837360523894,test_x1,16.520251051763633
2.8223268800029455,3.392087399962034,18.529711586761497,test_x1,18.529757271652667
0.4465479417671361,3.2775415795037155,13.465617639540074,test_x1,13.465519798344175
-2.9315006682615934,3.2302772876437578,9.404405621004797,test_x1,9.404466345461742
1.8376790269471135,3.059367367996956,10.968535925126545,test_x1,10.968571295580361
0.2640272632940208,3.4199398053777754,15.767527618921738,test_x1,15.767512319851203
-2.358019583473026,3.316650889093382,12.818657029008897,test_x1,12.818965216388566
2.913988099443338,3.0164709504657212,13.595546647812643,test_x1,13.595583890144413
0.6950425892681515,3.485472123498545,16.708721772874725,test_x1,16.7089169663667
-0.6754198017172452,3.477565504057651,17.130909937342924,test_x1,17.13081874022988
-0.27405341110257986,3.2986354732251986,14.120767236910083,test_x1,14.121359565348138
1.4513112345346268,3.472857676670977,16.660913305250407,test_x1,16.66095478427016
0.5894694016021305,3.241887007022232,12.891808845824908,test_x1,12.891402063380658
0.41891379362387404,3.0470430910916417,10.293886846897692,test_x1,10.294577667492309
1.3531224473202874,3.3986873357405996,15.369758461280142,test_x1,15.36966448027503
-2.465542264452183,3.293379683453451,12.143733135315316,test_x1,12.1431693444941
-0.547189413654273,3.4768520021008382,17.083567266762383,test_x1,17.08342536333436
-2.1234521781879225,3.176575544376779,11.361713106371218,test_x1,11.361450662314963
0.8748365423384428,3.275982447756462,13.344333821049682,test_x1,13.343835748523379
0.8733481760307997,3.0615324210216133,10.370556253474069,test_x1,10.370252707822766
2.829891778582346,3.4790878613796234,19.99819685355455,test_x1,19.99829870999227
1.3326128274569164,3.203664313098149,12.402950684557087,test_x1,12.403120933890431
-2.1535010044367677,3.4119122259929666,14.844337514718244,test_x1,14.84413350331218
2.841506332736633,3.462495565315276,19.76852070365611,test_x1,19.768921348241992
1.4529383777306535,3.34953472257002,14.65738464810753,test_x1,14.657290853551647
-1.475767182034736,3.124201064533467,11.593119855373672,test_x1,11.592910833838836
-0.6074235275816102,3.2399746034990318,13.376630936331583,test_x1,13.376564781287584
-0.42747779774707606,3.386914908760032,15.559794401132253,test_x1,15.559938078990708
0.649963341390233,3.1191617634448328,11.160367613916828,test_x1,11.16071659337371
-1.9661141285631314,3.089086635903027,10.49484610050465,test_x1,10.494842746556541
2.8738706594527477,3.269709761118707,16.86478537862643,test_x1,16.865001356196736
2.8733137515143463,3.1019016225086293,14.508366424695712,test_x1,14.508360466675146
-1.2756875523045623,3.2279474443686467,13.166134230996056,test_x1,13.16617668406658
-1.4441781119015877,3.065208403173734,10.841015526972589,test_x1,10.841432382537393
0.8508855270251772,3.1130170408530913,11.04607572180092,test_x1,11.045949714575997
-2.255072893942423,3.3296976644977088,13.29632067120883,test_x1,13.296394989577456
-1.9134368203334,3.170276309558415,11.682948149498243,test_x1,11.682681092969219
-1.1455425054938444,3.214642697524629,13.024490910508108,test_x1,13.024658501667814
1.0038696928833435,3.3692898615347295,14.781529723485939,test_x1,14.781687715184132
-0.6824316097749472,3.1090447200277747,11.573059111297116,test_x1,11.572752616270213
0.8147308037487102,3.2968111574768133,13.661083211775622,test_x1,13.661811953534679
-0.5181084445456143,3.0694225663330172,11.006990967148607,test_x1,11.006858250064486
0.8347765628154571,3.484967552296837,16.679457225271552,test_x1,16.679714930258616
-0.4806185471569453,3.405652238653865,15.881495411334061,test_x1,15.881583526281567
0.32774769693594275,3.461132630956741,16.42102199692024,test_x1,16.420965414147414
0.19986725205782996,3.145120425341801,11.682942255739363,test_x1,11.682436322781008
1.3515255167596916,3.2743917226837906,13.442138736153808,test_x1,13.441845372037863
0.8875396502428226,3.054270923010498,10.27692417342922,test_x1,10.277040836259811
0.7678482200214516,3.2172942356219063,12.496943750408963,test_x1,12.497016341746038
-1.0716810988951786,3.1853324037774824,12.627013243996982,test_x1,12.626884384376012
-0.9827130841614733,3.4000815055765394,15.874865956189659,test_x1,15.875046410773898
-0.1837665140026581,3.135072000540276,11.735359860621408,test_x1,11.735395081761885
-0.1054006437029198,3.319428556042394,14.356889469516407,test_x1,14.357016989406121
-1.7982937789411058,3.3324828059884934,14.241427952378126,test_x1,14.240717045026182
2.7320704984103363,3.1457717794191455,14.502677926846824,test_x1,14.502533024560677
1.000443769417915,3.1276490300951556,11.244491776460052,test_x1,11.24500949787158
-0.7151744050461635,3.0977365125099974,11.43004034905913,test_x1,11.430145947531127
-0.005139418105514437,3.2099220540260323,12.687539001659509,test_x1,12.688117728614953
-2.734207004475312,3.3789405474971423,12.513336085794196,test_x1,12.51301255887682
2.1054048191203742,3.113789479030477,12.172449053291476,test_x1,12.172070361701621
2.8581986914560886,3.029221851164573,13.504080901480759,test_x1,13.503724375060175
-0.17476945148829603,3.3924694558599384,15.537063101933443,test_x1,15.537044164049302
0.6864571888441011,3.223132268464257,12.595593952941424,test_x1,12.59601066609331
2.4279896755921513,3.2180826666383773,14.45029302774626,test_x1,14.450687529644679
-2.955206655774357,3.4780239732327956,13.178485661993102,test_x1,13.178262973457713
2.7659986588820686,3.450440779204103,19.248546865567103,test_x1,19.248312059355364
2.8877347185617817,3.4155770097451956,19.196955729756883,test_x1,19.197038782827132
-1.1568726952687765,3.2574111173681177,13.641632218801508,test_x1,13.641546705676124
-1.9213530019657938,3.3778281405485084,14.758752022350402,test_x1,14.758331336994974
-2.9181157185469564,3.387259555994163,11.856469748732128,test_x1,11.85626906514023
-2.474098484227952,3.037936010111026,8.581293424767068,test_x1,8.581543258460087
1.0295449747177408,3.364619696391754,14.710807160624592,test_x1,14.710700917341184
-2.108429933604792,3.2217462265008256,12.033821323598907,test_x1,12.033651007358326
0.9173706715718941,3.406508708248859,15.37298754035411,test_x1,15.37320110657228
-1.8982419250615965,3.1805946584458162,11.852149663223235,test_x1,11.851994579660182
-2.9398743658183846,3.2594608206139064,9.791193076546966,test_x1,9.790928558579383
-1.649851925066839,3.199361901142215,12.461709295691055,test_x1,12.462159761134322
2.54882402607395,3.1060215106615137,13.292520015228895,test_x1,13.292385109980826
0.9102138929632178,3.330957065450329,14.177507355155328,test_x1,14.177457495629683
0.2938399131813396,3.0618304244251937,10.535990097930371,test_x1,10.536601940346976
-1.4802457127391349,3.207110973812356,12.736375762766162,test_x1,12.736513378537309
-1.9911216067077222,3.1651267788520565,11.472785958797768,test_x1,11.47290667874222
0.4265204438436694,3.380286305732697,15.058057426923082,test_x1,15.05824009948942
-1.2993143060648296,3.144153817853109,11.979053275473174,test_x1,11.979029782588595
-2.430292713301619,3.1249824874672587,9.852881313793509,test_x1,9.852412456057742
-1.39159371859476,3.189171495742407,12.548053982038134,test_x1,12.547788394259516
0.4403081487942768,3.437732896284386,15.985215587237642,test_x1,15.984438350474479
-2.3726580656414176,3.4655642284443355,15.167221102430208,test_x1,15.167235546729003
-0.8004718154537116,3.085931544778794,11.288158930406516,test_x1,11.288459787408138
1.5185135047687144,3.4451476172449773,16.252170145169167,test_x1,16.252245298911987
-2.996538101400372,3.448998680052478,12.492083694993168,test_x1,12.492885439450697
2.914318551888627,3.477467482820128,20.34641325805099,test_x1,20.346282663945228
0.19119768049677965,3.473436561360797,16.690767120384958,test_x1,16.691441453559904
-1.6049574082221811,3.3142871105065392,14.201387785081515,test_x1,14.201600526374902
-0.2951068696814163,3.437811033890809,16.33200183219542,test_x1,16.331709855332573
0.5775113031033854,3.3724057048372202,14.88026752260312,test_x1,14.880290997107002
0.3138209562244523,3.205613816447744,12.472913765974159,test_x1,12.472821822144912
2.3899857110282277,3.4460193600699434,17.860943859417247,test_x1,17.8612754236062
-0.5293986794860515,3.189529777174194,12.631292444962913,test_x1,12.63160150242591
2.893621339504511,3.321640200433561,17.7372209304568,test_x1,17.737232163233987
-2.342641357964885,3.066335223850993,9.335923099624498,test_x1,9.335769809593478
1.5835591504341124,3.2705154818515014,13.56896809957115,test_x1,13.569474600991809
0.7647689166029457,3.186564986594157,12.061699245412948,test_x1,12.061524028041577
-2.700873073827082,3.044726900361804,7.869204319709095,test_x1,7.869731656488359
0.4202047463862222,3.380595768713357,15.065469235060876,test_x1,15.065367999920637
-2.475709536637214,3.0988819069436033,9.363792045092461,test_x1,9.3639979823579
-0.2938510342991796,3.162566273986101,12.16248917648861,test_x1,12.162674513226616
-0.40007928952349214,3.1105355660546685,11.502476262992408,test_x1,11.502332237564294
-1.1296948079036306,3.380413255592635,15.5343245156482,test_x1,15.534523601139146
1.1953227015843142,3.1108303095712047,11.063081795160743,test_x1,11.062785791487032
-0.09578704361469947,3.1574827876682763,11.998312617530878,test_x1,11.998080526380157
2.732332077286217,3.3965750263167225,18.23033544551056,test_x1,18.230494451644233
1.1919615723185686,3.2367532355382793,12.813654912102741,test_x1,12.813871026672993
1.846653037714307,3.165361576527553,12.395396202498384,test_x1,12.394829750614656
1.3333978240338347,3.366362196334148,14.8422814330407,test_x1,14.842240467000885
1.7853306902570862,3.1215943673654274,11.708492261442752,test_x1,11.708577952585339
2.853730856169882,3.2463004698011177,16.431119912963485,test_x1,16.431203474317936
0.990783389001427,3.3793901027631543,14.940647347361697,test_x1,14.940735021367848
1.7718630771572537,3.3488342134139915,14.986089562069399,test_x1,14.985886814032314
-0.18978162852495117,3.0862059072484382,11.087618278719345,test_x1,11.088424239466374
-0.006702816821807733,3.130191515260129,11.582084585855355,test_x1,11.582415764476396
-0.22109025828101103,3.426492949868275,16.11156878874219,test_x1,16.111500188164168
1.755325433764062,3.2559014742395838,13.554679675851194,test_x1,13.554508993962765
-1.8905909099694014,3.3771710760832745,14.79996791931684,test_x1,14.800234979399733
0.3202971583936072,3.475562667648343,16.667340027117756,test_x1,16.667594076192007
2.1829920342399056,3.2778283951479317,14.664454336227896,test_x1,14.664205412338715
2.3235724704306193,3.4055949103465846,17.00966380424731,test_x1,17.00984843024812
1.728971547145477,3.1864583302580423,12.522340813762007,test_x1,12.522461670130719
-0.2349948943555802,3.1359057806069335,11.770914974013344,test_x1,11.771393784593227
0.21888220379607048,3.2723911396895513,13.48705871211649,test_x1,13.487153874750115
-2.535110865654725,3.288729340912712,11.847578516811087,test_x1,11.847479441931041
-0.9094376464102436,3.3579721254883435,15.206925194557785,test_x1,15.207087319648583
1.3097280079187534,3.3166695005934725,14.056644869933963,test_x1,14.056658166110251
-0.8688705894586572,3.102111910752967,11.506676584760996,test_x1,11.506159945749413
1.9475135545254698,3.243813126588768,13.677202584146922,test_x1,13.677039154111487
0.9333509304628089,3.2064469294379725,12.331429296516706,test_x1,12.331516597234748
2.3544095733998223,3.1388754761635527,13.129305119539268,test_x1,13.12926312301499
0.5269594802915396,3.048490675257342,10.272859514848559,test_x1,10.272263491807227
2.3368403431090616,3.194155061484229,13.84519358315696,test_x1,13.844966639702555
1.2108101315069808,3.271115735923569,13.325073681602563,test_x1,13.32487076845913
1.5549592206877083,3.109276948246869,11.272962460472169,test_x1,11.273178063022645
-2.0722554035037724,3.0441160976885504,9.707803241457801,test_x1,9.707704244574716
-2.789883788498675,3.1722537141404334,9.20675405533073,test_x1,9.206678994288994
2.55613146264683,3.4174390427587777,17.91720855138408,test_x1,17.9172663615421
0.9782108236129168,3.0651208080471255,10.418311131231919,test_x1,10.418549017848711
2.427366723163444,3.1626151840066155,13.668092080925081,test_x1,13.668301140087628
2.3693136557340377,3.043492338685054,11.918950392044305,test_x1,11.919221552389349
1.0675598196270535,3.0416419397365995,10.129591446090837,test_x1,10.129748376996845
0.347812455901793,3.090969547096081,10.891050390270106,test_x1,10.89050694736103
-2.7031630519865653,3.1608550955783175,9.398163437402445,test_x1,9.397678176251098
1.1563868477930672,3.152019618478806,11.606670469378628,test_x1,11.606361945185865
2.899086145980534,3.3713907066806494,18.53805567767884,test_x1,18.538286051716447
-2.455219414736954,3.415088424270233,14.084236864619497,test_x1,14.084375278250102
-0.7883605307716621,3.4962917694697215,17.470068415627395,test_x1,17.470053653394622
2.8451867591207547,3.493504724918747,20.309978888382453,test_x1,20.310047801393
1.7734552685546543,3.114440989124897,11.596135557716611,test_x1,11.596191903721856
1.1010671440311146,3.151655464746214,11.587045343551814,test_x1,11.586817914949581
0.3440060697183611,3.340086582812992,14.459335875933679,test_x1,14.458994737534255
2.8822070727419797,3.1420704846267244,15.087191929206208,test_x1,15.087394677473444
1.8145037577270768,3.416693651275878,16.130430339497504,test_x1,16.1307171319661
-2.4968757063139417,3.2090864526092813,10.808200168196048,test_x1,10.807987001616338
0.193377245625165,3.333626914647421,14.427817310097188,test_x1,14.427826815591494
0.14050406182379227,3.081464779002662,10.862454116856,test_x1,10.862790975273185
0.6954102540887916,3.2345655577371915,12.758758195933673,test_x1,12.758795887897811
-1.6405656363252514,3.37543065365875,15.115702865576116,test_x1,15.116192228355194
-0.47086400232144676,3.3896732503245377,15.62042225822789,test_x1,15.62012810125727
-1.7543137632518468,3.267774066653104,13.323220180281544,test_x1,13.323279290733922
2.1073224712288425,3.1726063005336154,12.977678589334001,test_x1,12.977658578857561
-0.7908231480067243,3.0156931509722034,10.390631143536627,test_x1,10.390427227311118
-2.576466677979286,3.040340090381534,8.271162032717953,test_x1,8.270989795367592
2.7542525029377067,3.2318988791459313,15.802162876861038,test_x1,15.801768189357778
2.379963399493649,3.415630473702131,17.331672054839046,test_x1,17.332007304566833
-2.7971076385645484,3.0780923122747628,7.909961839828847,test_x1,7.910064989212034
2.811358023765189,3.0323293702651664,13.34073764907627,test_x1,13.340334349373279
-2.951037717006021,3.2471991747548046,9.558709659758895,test_x1,9.558999638837413
0.7164682025046725,3.149025960839647,11.549935822268296,test_x1,11.549640491566684
-0.8379470192206067,3.1729533894766577,12.465821131368335,test_x1,12.465689851915087
1.389108263579974,3.3824860310980163,15.13242280215414,test_x1,15.13236463909205
-1.541073475170372,3.4129703094577595,15.820755213507685,test_x1,15.820653569276933
-1.2571695928149875,3.0091839438264283,10.244542125222853,test_x1,10.24474000166335
1.2430133409373925,3.4237303625043523,15.720491574499631,test_x1,15.720537546991302
0.7629878271123056,3.243899039500501,12.88224372592652,test_x1,12.88208864246209
0.7755032437211082,3.389121220198437,15.102546151681677,test_x1,15.102953531875627
2.137395630976446,3.3325002338625094,15.389860225673912,test_x1,15.390165879198452
2.977577568001136,3.393819184461054,19.26346915817473,test_x1,19.262948044890386
-2.976639580904477,3.0066002305224986,6.194865339525593,test_x1,6.194598095590867
-2.6446234012908967,3.248235903820195,10.861239751961905,test_x1,10.861332603361744
-2.359072982805829,3.237805524575217,11.639995625493789,test_x1,11.640229282568173
0.46759214876721433,3.364444270578938,14.791206543841165,test_x1,14.79085376526007
-1.7269748931458813,3.0264369598039513,10.061695810422597,test_x1,10.061511431554102
-1.0085665050065113,3.0708466575841524,11.093277499561559,test_x1,11.093578137015669
-0.8310340154955203,3.030533681524232,10.580505566900317,test_x1,10.580679290253556
-1.0249746264791,3.4031988302816805,15.920806505616579,test_x1,15.920770992456037
-1.5531634837159822,3.2135154812076054,12.763494522493566,test_x1,12.763381000178525
-2.765086091940722,3.393746637859732,12.625608739252264,test_x1,12.62563464114396
-2.162521243097077,3.4049607352708837,14.710847146699605,test_x1,14.711434157927563
-2.501909970812142,3.1431031469966992,9.872574397267371,test_x1,9.872554956678414
0.5903688871566608,3.335953784906653,14.305050962723216,test_x1,14.30477733623829
2.1452176432072605,3.4916893606042834,17.99695887516624,test_x1,17.99743183624128
2.1658726579897403,3.2463687327795316,14.16003868092021,test_x1,14.15980366627642
1.9108963845209388,3.2667338514503554,13.950565275219434,test_x1,13.950731849791158
2.1307766854708223,3.030515980863231,11.148997361024396,test_x1,11.149738380220622
0.20868146735435733,3.076920933139062,10.770457572993697,test_x1,10.77007699180398
-2.562078709423932,3.306369902112775,12.02252514495094,test_x1,12.022431875738949
-1.551061865149311,3.4830138299740274,16.97649906674203,test_x1,16.976656094270144
2.817770248309258,3.144049572766142,14.83231829632323,test_x1,14.832269815712124
-0.8893527115662936,3.3871717999718864,15.669781028277766,test_x1,15.669812716717564
-0.4153267544278192,3.2341445269628712,13.226437389786888,test_x1,13.227442759240166
2.038617485244007,3.4991598244345994,17.898248002609527,test_x1,17.897904238912876
-1.7903173803918804,3.490683199974273,16.82541990059744,test_x1,16.82504700246812
-1.632084595552352,3.384110043640382,15.263387309833272,test_x1,15.26330698412473
-1.0265963498130628,3.11178683326618,11.628822025125288,test_x1,11.628598026254375
2.479036725171273,3.09854209063408,12.96377031239812,test_x1,12.963604671735165
-2.627610057895131,3.422404024501058,13.621591686536963,test_x1,13.621496191749404
2.351811811493368,3.0438144835759933,11.873276055260902,test_x1,11.872763272866063
1.6829267110079336,3.208026327348675,12.76979017222195,test_x1,12.769950406163948
2.1305809097207575,3.4487779892547943,17.240479859555204,test_x1,17.24086808377782
1.880045366899724,3.314395469515954,14.616410634677028,test_x1,14.616081388197
0.40143555934991637,3.069279900239982,10.586128234290282,test_x1,10.58624069643374
-0.7651836890495707,3.3781039705585028,15.514025864459441,test_x1,15.513771575134127
2.984877423830259,3.0301286108927927,14.100990718968845,test_x1,14.100989900145855
-0.9986626382141175,3.1633987031834967,12.332264127717039,test_x1,12.332175671401817
-2.660489670850176,3.3207359141081825,11.88841733346113,test_x1,11.888297855609038
2.243145142243547,3.2356620253722013,14.190895669927528,test_x1,14.190824287792301
-0.06926495017978018,3.430636500595729,16.10584034613469,test_x1,16.10543104365
0.7002723070335661,3.4692079241686447,16.43215323336546,test_x1,16.43177293371907
1.6041698827163078,3.033997199683687,10.346923051792707,test_x1,10.346962331935481
0.9128413999375029,3.0714717424605618,10.4979816142177,test_x1,10.4975580473712
-2.271865110362662,3.0838023929649463,9.753411263380098,test_x1,9.753381485419625
-2.0370365036078617,3.4901585384746445,16.39695534653579,test_x1,16.396718934298985
0.48057368991557725,3.112965805595093,11.129536888887642,test_x1,11.12955930801903
-0.5956043738658199,3.192156721086605,12.688778914467935,test_x1,12.688467280700443
-1.5322130086908217,3.4934751989298425,17.172338258263203,test_x1,17.17245743995893
-0.3213095713765659,3.3080476999030273,14.284643183631934,test_x1,14.284417005129283
-1.303759328517106,3.4303705977539916,16.27555622874946,test_x1,16.27586564068717
-1.165953954057867,3.367371212901241,15.316749737387044,test_x1,15.316714747127879
-0.9028115331309676,3.390596087925582,15.724906542946863,test_x1,15.72523324514195
-2.5159197274238956,3.4483821709929425,14.437763045308413,test_x1,14.438028189053789
-0.15205373684476653,3.415421950521691,15.897448843454526,test_x1,15.897062680629892
2.9467732195205247,3.3901704841190328,19.05810207635617,test_x1,19.057932569233813
-2.9107547198269934,3.0186248962487587,6.653757984168157,test_x1,6.6535821737344545
-1.5698302648379228,3.3012752702611325,14.03899680009622,test_x1,14.0388614411113
-0.18724567472481546,3.2670663266642905,13.607709731933795,test_x1,13.607801646432664
-1.6196270855123998,3.277218079869915,13.626353869035714,test_x1,13.626127897422558
0.011358726791091733,3.000121494073654,9.895815373237058,test_x1,9.896140358999048
0.5559259273346746,3.3971236474498108,15.28201707454818,test_x1,15.282355498458637
-0.5709205023039763,3.2501887063054276,13.515067960054434,test_x1,13.514899977039379
0.8031359401556677,3.4211608575468118,15.617865623667454,test_x1,15.61820662472943
-2.4368304295163865,3.1281014109658876,9.87490922326508,test_x1,9.875039333491893
-2.2418632549524395,3.138437217742273,10.557778947419257,test_x1,10.557738168587962
1.5666147879779997,3.3278334523459474,14.419280320637197,test_x1,14.419300045190816
0.7580390920037505,3.254943893706639,13.044676692658399,test_x1,13.044307558337724
1.2327427357298602,3.4348877878137785,15.899614910622661,test_x1,15.899948216771138
-1.577097517594192,3.352703846266848,14.82402133474979,test_x1,14.824172211862075
-1.4086350944257822,3.3152818323198847,14.386248224767966,test_x1,14.386272518755984
2.1286551195061367,3.035839460922324,11.211361686258691,test_x1,11.2109988290856
2.5553645944782835,3.100851848205802,13.246327279272066,test_x1,13.246878481520245
-0.6743589118657614,3.0737496224584993,11.107641621248213,test_x1,11.106986156269642
-0.3405617997679533,3.2280092924722847,13.106769335600497,test_x1,13.106789847471253
-2.4004243786312625,3.49121228165467,15.52092130148532,test_x1,15.520837124739053
-2.467002937324101,3.303881887112235,12.297941412436966,test_x1,12.29863466200779
1.4926549848342665,3.3416640936376663,14.56652012032621,test_x1,14.56623030145055
-1.4201093303535353,3.250518853079436,13.408926550000876,test_x1,13.408652064824139
0.6125742539059211,3.0308638295051953,10.023612624646379,test_x1,10.023738246182742
0.27582391626359026,3.239369789315915,12.975231547593035,test_x1,12.975523905523222
1.0200424594629078,3.307231317557992,13.82045190174752,test_x1,13.82090238650712
-2.5118446191389308,3.294138644796604,12.006252560908091,test_x1,12.00610106090443
1.4652678551973697,3.170310636413061,12.024371513512598,test_x1,12.024396471532881
1.8796323399520514,3.212661804588029,13.112400418049113,test_x1,13.112105771014997
-0.948564428938929,3.1278360251802497,11.850550285132732,test_x1,11.85065006580562
-2.172564700211215,3.020415695771869,9.188357947971973,test_x1,9.188211086930323
0.619025405680675,3.3472359562698815,14.472441981341849,test_x1,14.472431478528708
0.14794307615018853,3.083926726147802,10.890967010388918,test_x1,10.890834453066507
2.5277127393708874,3.3277861548354295,16.399098581845458,test_x1,16.399405805288115
0.5567876108357508,3.196640015670046,12.252605204636335,test_x1,12.252090490728442
2.4163336572382743,3.246883633538653,14.831941875789994,test_x1,14.831998661821627
-0.7884545893203967,3.3466663410193767,15.02182279246081,test_x1,15.02146423351837
0.23843374515198157,3.463182428320459,16.495743954136636,test_x1,16.496099682085394
-2.1900281562406483,3.103711111179152,10.218847654188759,test_x1,10.218343333739769
-1.7964845404458218,3.3608478023674015,14.68653426962237,test_x1,14.68653565592562
-0.018714632181854096,3.1017932297989415,11.20856849273409,test_x1,11.207954419658213
-1.630737108232928,3.1537295521717743,11.847081077079512,test_x1,11.846845456082994
-0.8261388140347106,3.4800406165197337,17.197085668815,test_x1,17.19662101593218
1.8232974981722148,3.180832649501059,12.574980566882903,test_x1,12.574858577926703
2.891213764896711,3.099535086179125,14.557349132838603,test_x1,14.557176554137168
1.5792455761040145,3.364464104098988,15.002978627405088,test_x1,15.00285187490746
2.565333734626533,3.3201213681893624,16.408838242850976,test_x1,16.408626843093018
1.9937012457448873,3.2758554882618642,14.234031342696609,test_x1,14.233658872375385
-1.5361481894942857,3.0837320355304674,11.00483587348932,test_x1,11.004805702362123
1.6434050854606177,3.143339762879883,11.823002592693593,test_x1,11.822624265700517
-0.9520617378013041,3.042874495413936,10.7391047138196,test_x1,10.739173761662899
-2.772895712063792,3.446336317472524,13.453184093920598,test_x1,13.453416975262982
0.7567574179806229,3.2238408928308213,12.592619610650356,test_x1,12.59304208989553
-2.10552887699163,3.467892130227898,15.877339571637163,test_x1,15.876724540568198
0.2308706304297421,3.2532919960374693,13.199348339677169,test_x1,13.19945965149202
-1.668685868562454,3.2564012040006194,13.263047610406261,test_x1,13.262852818776018
-0.08581895425130259,3.472520317999358,16.812273601721802,test_x1,16.811768067062577
0.8936493708463864,3.345644928107585,14.405607296971917,test_x1,14.405180679947273
0.4852861444426817,3.4755745807714207,16.601332456037635,test_x1,16.6014310979745
-0.3288877872607534,3.1657483767118753,12.221937077394685,test_x1,12.222140891130545
1.3879313817929964,3.059762692934983,10.492023564132204,test_x1,10.491646126696084
-1.8443521723523424,3.3403652946179525,14.294940465527114,test_x1,14.294714213493917
2.6456750488938727,3.487849217310705,19.410478547470024,test_x1,19.410090572701606
-2.328699041540414,3.4158926524329236,14.468514976103004,test_x1,14.46875759214737
-1.4871795257184892,3.4017549133605933,15.686089907399793,test_x1,15.685787837670812
-1.8040910996086932,3.3726500523863616,14.862050878909493,test_x1,14.86262816861329
1.1358899415809027,3.2371582585696252,12.801984638581178,test_x1,12.801836721688888
-0.3434040966823342,3.1532483777934557,12.056040133152178,test_x1,12.055897144205252
-1.135875131913113,3.327068924947635,14.696658642488067,test_x1,14.697187396078748
-0.026026768781408638,3.2305248368451585,12.993728244236225,test_x1,12.99355736013734
0.8003278622485883,3.0340637198348595,10.026587052789779,test_x1,10.02617907143344
-0.4992533150928393,3.014996426154636,10.31020823868874,test_x1,10.310087305808285
-2.6712621525575755,3.4104653517979084,13.264867189643235,test_x1,13.26516934879868
-1.8458031355279592,3.3429513048826016,14.33291474278769,test_x1,14.333595587648006
0.6380013082982448,3.095620923046687,10.85065810571177,test_x1,10.850490150327161
0.21448591204988698,3.0060015622720133,9.868711903215356,test_x1,9.868169533590253
1.1124126085608692,3.048799269802302,10.230112602501345,test_x1,10.229222958469805
-1.9278560815016907,3.2187087618778873,12.341502277005981,test_x1,12.341580901867731
1.4716676393023,3.263139449529843,13.358951488509426,test_x1,13.359496854980337
2.1979343487700804,3.15583091094401,12.952526779505993,test_x1,12.952571678632331
1.718523795199764,3.3227966770114543,14.511915716245802,test_x1,14.512684421648192
-0.8842350425249537,3.347744046547502,15.046289921757523,test_x1,15.046068880714468
0.5549074376947236,3.2195738005244694,12.579727758822038,test_x1,12.57942712886521
-1.377417983680467,3.4712108660789287,16.913425359494344,test_x1,16.913182377286216
-2.0377056564655165,3.067765745614623,10.08098162264557,test_x1,10.080962367538067
2.926182624482572,3.231461707938854,16.542287205533757,test_x1,16.542100295854265
-0.40350669870985456,3.376632433183288,15.386239658330446,test_x1,15.386329729591967
-0.7189799208392698,3.358011518295065,15.18841755452193,test_x1,15.188514278301621
-0.5152197454596683,3.1925461385232943,12.668976516278747,test_x1,12.669607036241342
1.5585281044299206,3.2433317652739135,13.14450313001341,test_x1,13.144333302279984
1.2542340735596325,3.01099179073014,9.803234245475085,test_x1,9.80263549686527
2.967996336066512,3.0663385455788568,14.480932806859512,test_x1,14.480976279944237
-2.463479123708251,3.360408316612604,13.182655385687093,test_x1,13.182653792971513
2.306527853684705,3.455111012940077,17.777979624355368,test_x1,17.77788655670323
0.8165967723818719,3.115348947010399,11.080041543182642,test_x1,11.080227291216396
-1.5672237137630818,3.051044083862849,10.553365433606915,test_x1,10.552826709130471
1.1122485746174853,3.057309460282484,10.338847721993698,test_x1,10.338862073686549
-1.3534035689737234,3.1628928793192332,12.206042519055888,test_x1,12.206284138248954
-1.3371551097192687,3.0393775727484873,10.581767567028674,test_x1,10.582106228288481
-1.300359241496114,3.4118622906967575,15.974591096736683,test_x1,15.974564302921172
-1.8313863056293627,3.3414428767628466,14.33148329644024,test_x1,14.331133272103028
-2.5780789613859016,3.3298420213765785,12.326584175518322,test_x1,12.326684469993884
2.2356530847437774,3.08351302007842,12.075883272734206,test_x1,12.075923244857872
-0.20911386161351198,3.1166305673008394,11.499289403238473,test_x1,11.498928168734484
0.07190769288369747,3.233045736565097,12.981307888874698,test_x1,12.981140104906428
-0.7419272360705529,3.3760291254204384,15.477317626641302,test_x1,15.477364587387978
-2.2622267371960145,3.3436619743530382,13.494449594464715,test_x1,13.49443521113138
1.7905355906990232,3.262848285768644,13.70584536710348,test_x1,13.705945606971524
-2.1882729539916626,3.496398742402905,16.17412707495342,test_x1,16.174218196655314
-1.5549920659517955,3.009457533016412,10.04223235000778,test_x1,10.042630870106429
0.19294835470540228,3.2282537238255373,12.852878196543614,test_x1,12.853000510903776
-1.3505516426417554,3.429322215817129,16.23225546330068,test_x1,16.23229669750744
-2.971510088160551,3.2250389123341163,9.139712371702075,test_x1,9.139292257829249
0.7208795008479081,3.06566403502108,10.441695883265387,test_x1,10.441709472031398
-1.328808703977062,3.0842217359553654,11.163286100874878,test_x1,11.162991275558367
1.794273337116774,3.08014089674293,11.173057999395839,test_x1,11.172985478451523
1.0471637438320114,3.119682948658661,11.14348748317445,test_x1,11.143303501520354
-1.9852303745367443,3.0967781787989606,10.56077304627115,test_x1,10.561262047466954
0.9150113920420875,3.3070423991216176,13.811044584170268,test_x1,13.810786744578401
-0.6110940588648841,3.223363397689683,13.13735829130892,test_x1,13.137479262827
2.196342862437831,3.2682848866469874,14.55428064482088,test_x1,14.554363969437887
-1.8273079693587828,3.0697406524813546,10.473224376300507,test_x1,10.473619108650626
-0.776289124600055,3.1415340848807625,12.027012725312328,test_x1,12.02693669303206
-0.8119683568666103,3.4052095787918497,15.955140315492317,test_x1,15.955125841468565
1.2337653602415344,3.3875194976703122,15.13007727336478,test_x1,15.13030823288063
1.531496438074825,3.1297090328157404,11.524893237953727,test_x1,11.5250735818034
1.096978714216048,3.1308006817806464,11.302480199536628,test_x1,11.302669965075903
2.174494405415203,3.1162826516045654,12.361050168306184,test_x1,12.361014483617382
-2.291014145061289,3.3849172696234966,14.07024010110802,test_x1,14.070766041150144
-1.1291659254859558,3.2988487186306337,14.267724025719154,test_x1,14.267904993026843
2.9315385444683777,3.204424694609643,16.179658933146662,test_x1,16.179735540490494
-2.659129741227953,3.3062939528431485,11.672994213259887,test_x1,11.672854108853674
0.14529524526869197,3.1320265970728967,11.531483258257358,test_x1,11.531537140698092
-2.884074036915451,3.4208390295872073,12.55472012355635,test_x1,12.554875079298874
0.040595209153067024,3.3171922783053365,14.249886541764202,test_x1,14.24965310649495
-1.694910274805856,3.472039647734182,16.635028696064314,test_x1,16.63479766366378
-1.4124194574777307,3.2944963737955155,14.068026968621076,test_x1,14.068387626884155
-0.740666845250602,3.0792482937018697,11.192333504444985,test_x1,11.191819729207888
-0.005194934845364152,3.465905272578022,16.66060354399469,test_x1,16.65984642834878
0.3669363333831379,3.2818390702450184,13.561676800809671,test_x1,13.561635719402206
1.2292240092985356,3.2323923048550354,12.764585927384605,test_x1,12.76458535774891
2.8184504820042022,3.0818022571259047,14.005092687348863,test_x1,14.00524239294208
-1.336548576180061,3.3918955946722344,15.632291951691897,test_x1,15.632359378234941
-0.7459980711793648,3.0707687947769386,11.083137881538475,test_x1,11.08382876906195
1.5113278902393272,3.415296276511981,15.754821456780345,test_x1,15.754708912851351
0.6901775537265289,3.058366843546252,10.354005448545918,test_x1,10.353825767638547
2.1905727041454774,3.3358893235669203,15.565137767999301,test_x1,15.564668139897924
-1.1854258360823215,3.286819934421901,14.069431129922389,test_x1,14.069568694256038
2.3427280737945235,3.326922876366593,15.819765376305835,test_x1,15.820282415257987
-0.7234707968653091,3.399268430227839,15.84619622252803,test_x1,15.846461757392248
1.7541554253365064,3.4462348376653322,16.53163279087214,test_x1,16.53196317385457
-1.7795979706569516,3.1599941036593395,11.74777944461015,test_x1,11.747899813810394
2.8039818934396283,3.011085486841337,13.044071695214267,test_x1,13.0440540672716
-2.095790685571911,3.137282651447136,10.881490510689817,test_x1,10.881629944431184
-2.396387677693519,3.325604540249225,12.845137536315844,test_x1,12.845220121872647
1.3815478873201412,3.356604127491351,14.717765203947897,test_x1,14.717689250592837
0.21439996653717586,3.1224168785933824,11.368852480715217,test_x1,11.368989324431345
-0.6182086501899873,3.0132132316195857,10.325160244512174,test_x1,10.324734934960732
1.9721905074809625,3.4466044618673637,16.883409407607996,test_x1,16.882955759775548
1.6573881245364719,3.3589876098375413,15.000457371733214,test_x1,15.000296054073972
-0.6453002711085372,3.184673217973721,12.597006458968874,test_x1,12.596949693462177
0.373093149099593,3.3540089968244247,14.664284175036206,test_x1,14.66415369478581
0.5901529038434541,3.288687180709562,13.583944548392171,test_x1,13.58414789666706
-0.6405275042758989,3.3235876052165145,14.63596422937916,test_x1,14.63629624005972
2.3449503519218986,3.044584028190737,11.863776410332683,test_x1,11.864258883857277
-2.147504655112093,3.140030352900809,10.804974619257333,test_x1,10.804788203460745
2.0162948455522915,3.0794769573631964,11.5375219257652,test_x1,11.537524955565306
2.2886013973169543,3.1467033263564144,13.055977116748416,test_x1,13.055966289499791
2.284879944439396,3.0391333972422054,11.631545923759838,test_x1,11.631508228399415
1.0147613948226022,3.1235985450598953,11.191558410605166,test_x1,11.191383003645875
-0.5583520311207373,3.120856697561929,11.697510538926583,test_x1,11.697483919079259
2.3920040127327242,3.136112012562906,13.200063579559972,test_x1,13.19969382267835
2.172888947249751,3.0212559403467765,11.128877291574895,test_x1,11.128886167966167
0.712166838549936,3.103929534669693,10.943656797675322,test_x1,10.943302044559694
2.2682230096714964,3.368650385532642,16.270829491535345,test_x1,16.27099729011769
-0.21993939096623816,3.125334685043193,11.621132433554909,test_x1,11.621294268949331
-0.32076100393025975,3.1273791664902353,11.694591708963284,test_x1,11.695331702412835
-1.9059473217511922,3.1603974166985958,11.558975912272418,test_x1,11.559256909843922
-0.3873721014272231,3.068489422672481,10.945749598977184,test_x1,10.945516999280898
0.6968902253526768,3.213697276625402,12.458099945038914,test_x1,12.458128602723418
-2.8892904041952314,3.244803026689258,9.808777416618268,test_x1,9.808608355309309
1.315870981623636,3.0207140267320387,9.95447274854441,test_x1,9.954794499288012
-2.09268418255726,3.1771464775372737,11.436327500515501,test_x1,11.43628966901065
0.03040265352974858,3.452117040331595,16.411896652390148,test_x1,16.411980814697845
-0.8041138448773522,3.379258932400694,15.537497754938046,test_x1,15.537658381681888
2.4948503366206074,3.158225260199379,13.819113197174161,test_x1,13.819177237191207
-2.9123770874977555,3.1293908690032906,8.083596632353176,test_x1,8.083675497151502
1.3476719263666626,3.3846865272617706,15.141732392878573,test_x1,15.141606097055407
1.1615068600999408,3.367820403621628,14.790529767360855,test_x1,14.791092121197144
0.5267594331211827,3.300670871647404,13.784508721271498,test_x1,13.785079217624505
-1.267579538072775,3.3463329319933597,14.94687610943584,test_x1,14.946998746948404
-0.3673274069571262,3.325023450995895,14.564088370570289,test_x1,14.564109222758214
-1.24771594261917,3.3615196499174558,15.193820785267372,test_x1,15.19443239015218
-2.4820391378455096,3.4303166616231904,14.248902332433019,test_x1,14.249272895445923
-1.1346799119512452,3.3125004059106757,14.473628326313346,test_x1,14.473259363381347
0.012015504425067824,3.413870575698333,15.790846224437846,test_x1,15.790998296270557
-0.4826581870524378,3.3069524253011,14.33280557623162,test_x1,14.332818299456964
-0.1143917582811933,3.2108471375531957,12.755057380835895,test_x1,12.754933172593944
0.4826438539130291,3.4660632896533334,16.44182786017316,test_x1,16.441889742842807
-1.3522875691658676,3.2802240160489675,13.892685595637996,test_x1,13.89271912119654
-1.3221536050496567,3.2958489292024886,14.144586865446072,test_x1,14.144448512384587
-1.6005861208098624,3.0992878520522984,11.146283771964503,test_x1,11.146148526839458
1.4854248211454752,3.265523869430311,13.40536853328836,test_x1,13.405424925504741
1.8588234716176366,3.1284031819400373,11.909729668899681,test_x1,11.909659851822804
2.9807217452189745,3.155864434810733,15.734551651583798,test_x1,15.734787710908847
-1.512112397929411,3.1980260695615437,12.580639911064786,test_x1,12.580211859574261
-1.544438788031673,3.2557621261517555,13.384035744002361,test_x1,13.38373807872567
2.737546530066922,3.496808238488915,19.917084588905677,test_x1,19.91714792128379
0.9011993813820043,3.1131193768256673,11.045458028520724,test_x1,11.04559018359663
2.400937933364246,3.0804440682522922,12.48641674077729,test_x1,12.485898611085991
-0.42634859000177583,3.438225720321768,16.394117755155122,test_x1,16.394208738650367
-1.4462485983900062,3.3842626899432893,15.437380407204934,test_x1,15.43739378656532
0.6982648014790067,3.472749191379475,16.492314642556952,test_x1,16.492549247803076
0.4914377911162484,3.153869197550494,11.678972038446673,test_x1,11.678502330703266
2.4691952000105646,3.2286719992683808,14.730255253264467,test_x1,14.73007015751552
-2.688689032476801,3.229763648468728,10.426730362714164,test_x1,10.426603135479894
-0.8702668937629476,3.3342099525367934,14.835392340735915,test_x1,14.835273523361304
-0.2570771254155746,3.056860452344115,10.73916506835076,test_x1,10.738681935143644
3.3816806967738704,3.2384836019895626,19.139645394100018,test_x0x1,19.139251387436662
3.3151869922898656,3.0844079228925314,16.600074969158086,test_x0x1,16.600010422841216
3.1545461326945126,3.0336105377476192,15.01951852046922,test_x0x1,15.019529385430474
3.363007681646719,3.0880891599128715,16.944256005368917,test_x0x1,16.94433451532687
3.011850029741716,3.358586899634359,18.870622016640322,test_x0x1,18.87054455696956
3.318958532088504,3.1516512253194744,17.523054148460616,test_x0x1,17.522986766682635
3.091191429033884,3.2472607901641513,17.58594501184877,test_x0x1,17.585895757717065
3.1300183944555755,3.323481537966087,18.9345872233605,test_x0x1,18.934021899080612
3.3516210145495924,3.05406253641942,16.432385490808528,test_x0x1,16.432147707926934
3.1857626986780527,3.255225420441777,18.214348713495543,test_x0x1,18.214383272805307
3.4985623540218205,3.300841062205377,20.836389443124457,test_x0x1,20.836204262609847
3.2974659313167884,3.31894292965846,19.81910301115005,test_x0x1,19.819215513281762
3.129096169097798,3.135474869285037,16.21317459297909,test_x0x1,16.213457298907727
3.0565747402568233,3.3449817554910672,18.882373705430876,test_x0x1,18.88277763737931
3.265845297232601,3.1329783766466592,16.949996708032586,test_x0x1,16.950407607886476
3.425366613440911,3.2397000659656285,19.439124934126298,test_x0x1,19.4392833107699
3.439308732461815,3.193851521613508,18.87407419786762,test_x0x1,18.873318403049748
3.3651155526240837,3.0134939840104695,16.005554358756406,test_x0x1,16.005592848039733
3.3063253320301644,3.1882995482616225,17.954624248764727,test_x0x1,17.954892151188847
3.071778505782948,3.425391014215514,20.246169660776737,test_x0x1,20.245933959555778
3.0650189892454214,3.4324474356522963,20.3273456209405,test_x0x1,20.327056858614537
3.3723063342321504,3.494728218091844,23.131226853874367,test_x0x1,23.131105408107604
3.339922455251462,3.4136791616781768,21.575197808078514,test_x0x1,21.5753780618015
3.105480050148555,3.331897106849874,18.933429029055116,test_x0x1,18.933620068165272
3.281701099962034,3.022694807338208,15.609115933234186,test_x0x1,15.608931235610854
3.197135964148533,3.4644666567647455,21.57127227057667,test_x0x1,21.571067585642567
3.279125680993236,3.456606088724135,21.914359932962224,test_x0x1,21.914245216014542
3.39834816415996,3.028493217458382,16.4043058764218,test_x0x1,16.404204385366796
3.2971931483961874,3.462620680141993,22.123298491409496,test_x0x1,22.12318342373862
3.439603335514697,3.3800075380508354,21.670255206862592,test_x0x1,21.670139931203426
3.0489948187745557,3.202241575383983,16.720183851849942,test_x0x1,16.720421577242337
3.219725289056849,3.3811203818974622,20.334775556498315,test_x0x1,20.335090185145418
3.4677708830003247,3.276270700331817,20.25854276984545,test_x0x1,20.258932374815622
3.037439868688773,3.317236469741872,18.35683614621362,test_x0x1,18.356765505680055
3.397066998292772,3.3631096976168777,21.12544672418789,test_x0x1,21.125707014060232
3.3919878685928473,3.0192266341016274,16.24751941437337,test_x0x1,16.24745548577331
3.0022131607630484,3.2959898075771554,17.85873861602118,test_x0x1,17.858979481920862
3.1198479502755023,3.1948317307281404,16.984399051358153,test_x0x1,16.98358155933487
3.3091141507353528,3.0601712286773113,16.249067046517336,test_x0x1,16.249307737042283
3.367013153957273,3.171820606870401,18.09948944967491,test_x0x1,18.099341792739995
3.119337719925156,3.238002232452948,17.59980048836235,test_x0x1,17.59962976256673
3.2695966546363056,3.4513369457721454,21.769857744644796,test_x0x1,21.769988561836445
3.3772194752450613,3.38663394244523,21.372422600739757,test_x0x1,21.37253624172622
3.1346084284952087,3.018020095740819,14.715795438156006,test_x0x1,14.715536118353356
3.1952022830429767,3.4569217869146702,21.433900172901115,test_x0x1,21.433821369985342
3.474729533057669,3.1909866519500567,19.069995706182944,test_x0x1,19.069938886973166
3.2116752387969445,3.2666022665546093,18.528285034379927,test_x0x1,18.52813609455738
3.117575962564741,3.392543462748529,19.95326552685888,test_x0x1,19.953236155222854
3.336413150596184,3.0052888346561946,15.72493053680064,test_x0x1,15.725346823081372
3.300133948193595,3.236169833877403,18.600676419384165,test_x0x1,18.600951334283295
3.41599208341092,3.352772285467388,21.08531493870201,test_x0x1,21.085348611193254
3.396077252636192,3.0801439054465622,17.050515703388132,test_x0x1,17.050158831017853
3.4179324124909485,3.463739153079173,22.898469238511424,test_x0x1,22.898302115391612
3.2798177659380063,3.412177411238554,21.18572585016331,test_x0x1,21.18588402813532
3.4661327004683464,3.4953811155531693,23.753692530790218,test_x0x1,23.753657355485068
3.392507197056969,3.00540019075475,16.07924442029666,test_x0x1,16.07932397578715
3.431244253015154,3.4094891629630597,22.089500310317177,test_x0x1,22.089620325566212
3.1183235922647263,3.4022033362883226,20.11290438177719,test_x0x1,20.11306170215094
3.2464401269802385,3.253240062258722,18.53142930045657,test_x0x1,18.531561379166376
3.2938997438596616,3.3474344127490014,20.238275508651448,test_x0x1,20.238137140162728
3.1398986870466175,3.118561644492124,16.04367754833065,test_x0x1,16.043730283307998
3.4595639926782997,3.0131229333845564,16.613621936947396,test_x0x1,16.613936197179353
3.195492938145385,3.4420478401715835,21.187907344206696,test_x0x1,21.18757659675509
3.2782610900054108,3.370958554966605,20.51472126973272,test_x0x1,20.515042574433444
3.2321973033924083,3.328778696095142,19.5854957942301,test_x0x1,19.58561616833884
3.1471649065413305,3.096498010961979,15.790007225272452,test_x0x1,15.790016225479327
3.329055614501563,3.296994875708271,19.677460189309635,test_x0x1,19.677760238641117
3.3569667582518745,3.1711238663499,18.02670420984817,test_x0x1,18.026594558349974
3.1680868155273583,3.220305312611382,17.60893739304283,test_x0x1,17.609406604524107
3.456527906614847,3.148641073015007,18.36051936468646,test_x0x1,18.3606741821563
3.442455439448198,3.265113787855588,19.92423587712228,test_x0x1,19.92402405021118
3.380747837316542,3.280596218625815,19.754331595585498,test_x0x1,19.753992645122594
3.33485359021451,3.4717021576755016,22.505797540685652,test_x0x1,22.50562601886362
3.388673964412815,3.3787522129818797,21.319525443995644,test_x0x1,21.31950008207958
3.428953965361913,3.260272096202638,19.763862214191168,test_x0x1,19.763853905343268
3.2190010079131337,3.4936683639931134,22.190500749360893,test_x0x1,22.190763026723452
3.4659996591953397,3.3711254099321093,21.704721616397656,test_x0x1,21.704544126939652
3.4402329357712107,3.3967711741009836,21.942994227627178,test_x0x1,21.942601753934042
3.3860118706326383,3.114228384416163,17.435641932721694,test_x0x1,17.435492581773474
3.031224679826886,3.306392245195529,18.16021100756159,test_x0x1,18.160528163812582
3.458992305580221,3.253670387730015,19.865491366172733,test_x0x1,19.865522203893203
3.207074175629295,3.099281253503789,16.159626969501264,test_x0x1,16.15952270079888
3.409365636745754,3.086803782956177,17.223176935747848,test_x0x1,17.22334725040074
3.3990318109612736,3.150095847873881,18.003819749193234,test_x0x1,18.003848384714484
3.2312096600787945,3.174914841655347,17.32343030177161,test_x0x1,17.323664186765047
3.1879840731516915,3.3098444814329584,19.044035403190083,test_x0x1,19.04429752058738
3.040240641689427,3.149297026273031,15.938427451378123,test_x0x1,15.938260112225565
3.494666851362796,3.487164636090351,23.806444117729626,test_x0x1,23.806614711265073
3.187175388801931,3.0407855623455053,15.290715175095741,test_x0x1,15.290661207679658
3.267273760019013,3.4851752528290585,22.326080598604765,test_x0x1,22.326337084397174
3.490090769558305,3.1293887063069215,18.325228413824366,test_x0x1,18.32500240316697
3.3646355592008654,3.400973670768567,21.52345680809045,test_x0x1,21.52367429165498
3.281932457035212,3.1023164745874725,16.635162779708285,test_x0x1,16.63459606559478
3.27734115744288,3.1262417405505443,16.927186556515274,test_x0x1,16.927171216690446
3.361611245407386,3.3917328579242123,21.355641608724504,test_x0x1,21.35531268568255
3.260345495820435,3.354506859850119,20.14947449308551,test_x0x1,20.14958604006885
3.3186351885775496,3.049522726724281,16.170760135311518,test_x0x1,16.17057768062906
3.248188721056953,3.045380511539774,15.69755233417583,test_x0x1,15.696559201827462
3.1526501244177507,3.210517022689269,17.3840932711962,test_x0x1,17.384125759011724
3.1921593707811575,3.133900536387415,16.538324489185392,test_x0x1,16.53806352082116
3.254738528023462,3.4186205287258136,21.142636817816392,test_x0x1,21.14242215782402
3.279674687982582,3.4815753468687687,22.33840902354449,test_x0x1,22.338139083352218
3.390337144944031,3.0432091074428684,16.538714139959232,test_x0x1,16.538842300412306
3.212040324276897,3.488455729702718,22.0617603373976,test_x0x1,22.06202318035566
3.2130002756770244,3.3381108451711667,19.61982336834061,test_x0x1,19.61982999494922
3.010292627680253,3.4798343452550426,20.84391049354319,test_x0x1,20.84409406646001
3.104074087674387,3.0520217916139853,14.981801661740056,test_x0x1,14.981719980105673
3.0650078470491278,3.3895761629848273,19.63051308355106,test_x0x1,19.63015415409351
3.2950412965125544,3.042774111957536,15.941921862781333,test_x0x1,15.94206272362778
3.0797511147448877,3.2864654045987995,18.10688976807958,test_x0x1,18.10689294618298
3.120563839979293,3.385809846043377,19.861273886386293,test_x0x1,19.861050757751407
3.1655266557504653,3.3940372109922494,20.237247810523414,test_x0x1,20.23737260286781
3.4687860833952575,3.4309507273145714,22.689669732700768,test_x0x1,22.69002186272141
3.473985821695002,3.2442261125781475,19.82789406782974,test_x0x1,19.82778139160839
3.3975882655299734,3.0948127570057427,17.252365573601182,test_x0x1,17.252384529021697
3.217833933346224,3.4551137906697553,21.531978197548703,test_x0x1,21.53187708757182
3.1878755409626427,3.2665331418717387,18.392955953252848,test_x0x1,18.392946589341957
3.14763285566115,3.4228602716106007,20.606912342454166,test_x0x1,20.6071723677602
3.0143103502073485,3.431938387951848,20.063194097425864,test_x0x1,20.06351782795817
3.0533470688287143,3.358976191673996,19.084977911587636,test_x0x1,19.085092580298653
3.230863697670615,3.3843501581944757,20.45028823614311,test_x0x1,20.45085245887851
3.2500123611477867,3.3333263213490656,19.759107225239177,test_x0x1,19.759107624097748
3.32366625661182,3.253310962809125,18.993914696869076,test_x0x1,18.994235570060507
3.2453471152735935,3.334837067458083,19.75529356223201,test_x0x1,19.755771500125846
3.15472058159562,3.4285544150987786,20.73899903857531,test_x0x1,20.738466423975158
3.101734102377112,3.3736360103293794,19.56735822757875,test_x0x1,19.5673344101361
3.306572813897578,3.0364463889802416,15.931438273332462,test_x0x1,15.931554580497673
3.163365238327646,3.250896340147183,18.026592612731314,test_x0x1,18.026829733235
3.3330095807180453,3.140920843294809,17.462834178021094,test_x0x1,17.462913647732925
3.0206327516497646,3.009552242656412,14.019772143094194,test_x0x1,14.019781413027316
3.404871908869925,3.4196520966994326,22.08336232963699,test_x0x1,22.084113367422134
3.394489456851595,3.320263199514243,20.442616198710308,test_x0x1,20.442265063947122
3.028330592925587,3.3767097121082665,19.239124041547488,test_x0x1,19.239149543829996
3.130196496727774,3.2756977346351204,18.212517767170993,test_x0x1,18.212960401596007
3.4192698523933296,3.2998569623555603,20.291914935124346,test_x0x1,20.291853718704132
3.095171399264403,3.469269685481832,21.09746611986589,test_x0x1,21.09718532216336
3.428020206907073,3.491876143547884,23.441063102674985,test_x0x1,23.441200796515147
3.4946853588736153,3.4410417100585224,23.031692311765642,test_x0x1,23.03123708844345
3.2868082534468015,3.330381750315905,19.93105602028106,test_x0x1,19.930982922736614
3.4802113738197864,3.14220194299281,18.431786625414784,test_x0x1,18.431960760877107
3.1824402645848893,3.4405994520841587,21.090798817589512,test_x0x1,21.090890455166374
3.0662005782427317,3.1375856939544478,15.911119864606148,test_x0x1,15.911273399215379
3.411789446650793,3.2535602363079255,19.55322027311698,test_x0x1,19.55316352479228
3.3728222626782345,3.150238270461489,17.838585073415725,test_x0x1,17.83853072118645
3.410367306779964,3.1670230396485874,18.309991684755673,test_x0x1,18.310062746731354
3.4641502834381908,3.4743643121613923,23.38276802850767,test_x0x1,23.38249384821885
3.2684885072364858,3.3322017165403155,19.85024206435888,test_x0x1,19.85016801765023
3.040786642765628,3.435986055820778,20.26230523262732,test_x0x1,20.262627099498644
3.431038708161363,3.443670044728072,22.64913867934024,test_x0x1,22.649780014956097
3.165988275703925,3.1946522007033176,17.232263370609555,test_x0x1,17.231977283842088
3.2290086755748137,3.0447817652088363,15.578830477498355,test_x0x1,15.578940841023071
3.3939388334907052,3.2545413376459034,19.45253053355147,test_x0x1,19.452324754826545
3.348806294470591,3.416686587254622,21.67938079696239,test_x0x1,21.679482475724114
3.1022669200336526,3.335933735847574,18.978919058294,test_x0x1,18.97906158472485
3.1873128894603875,3.117725268272916,16.293505753823563,test_x0x1,16.293696381030667
3.4459345975434212,3.240202139723211,19.58181143192123,test_x0x1,19.582063217825745
3.333561077120777,3.016021044535407,15.840361200783406,test_x0x1,15.840193512537425
3.0830150876025075,3.0895831671385356,15.357638619572372,test_x0x1,15.357717144681164
3.3030180604722896,3.403716572896399,21.187684975670273,test_x0x1,21.187613013779075
3.142843869938626,3.264383370856487,18.11294478011177,test_x0x1,18.113168665807155
3.284662136184777,3.4526631889711394,21.88151770007449,test_x0x1,21.881739876866494
3.3193577621604367,3.482425580800562,22.592226291422033,test_x0x1,22.592230230891953
3.3373871257811842,3.200967271802343,18.323473067416717,test_x0x1,18.32337342089904
3.1637688425175217,3.4600664015659675,21.311602953352704,test_x0x1,21.311492462060468
3.312812659484611,3.4051365039712502,21.27007485179596,test_x0x1,21.270180483029133
3.462021506092976,3.04646232683209,17.049116464981953,test_x0x1,17.049242725226165
3.4887500738349564,3.2219577654266875,19.605445039229323,test_x0x1,19.605813230433746
3.0983830212486,3.416511220559845,20.23957356678932,test_x0x1,20.239396522712248
3.3177301035425386,3.2796502121476148,19.347558596426815,test_x0x1,19.34737249091854
3.457774532828913,3.098529243538256,17.695558781820257,test_x0x1,17.6954548512745
3.3671925283761057,3.384891626833288,21.28115303763176,test_x0x1,21.280572027007814
3.220227989487689,3.1242915229100086,16.567817542704862,test_x0x1,16.5672439651465
3.196697598811606,3.0109866030225,14.970661234483574,test_x0x1,14.970955131184647
3.036350698129135,3.476748578780792,20.9214953547182,test_x0x1,20.9212357196346
3.4031766367854535,3.4913125729337495,23.269954763549137,test_x0x1,23.270048732506606
3.272533890057903,3.3415677493016984,20.019375827937235,test_x0x1,20.019752773038437
3.2448938713001727,3.3638388850380494,20.205873644264674,test_x0x1,20.205864011499173
3.472187656817123,3.4005770707701024,22.217421172670722,test_x0x1,22.217409349171888
3.045814940746017,3.1802294749361932,16.394212353462184,test_x0x1,16.394167530545523
3.448328288368883,3.4709330722259093,23.2193270005098,test_x0x1,23.219193085899946
3.076617758971051,3.3478375501076174,19.02998727008586,test_x0x1,19.02973855354942
3.233787222671569,3.2730250984970652,18.75032152157879,test_x0x1,18.75032030223853
3.3535594584186263,3.1020786551631487,17.069277883483537,test_x0x1,17.068962699640092
3.458956831503229,3.2531105169964514,19.857037321019874,test_x0x1,19.85694807548686
3.324913640727088,3.245054360722174,18.88071993973556,test_x0x1,18.880868854540797
3.0208888724236136,3.117252668238391,15.408023390958995,test_x0x1,15.408272053398212
3.4639900368977203,3.464272161586007,23.21159860455956,test_x0x1,23.211815971376396
3.1439464359472797,3.2436491572784565,17.81448994751392,test_x0x1,17.814431002233235
3.2769277662021454,3.334021895295244,19.928404341863903,test_x0x1,19.9279301287239
3.018607256950859,3.171636401738644,16.138021670799038,test_x0x1,16.138507262903495
3.309653630314357,3.3302534566046176,20.066765211928164,test_x0x1,20.066237758467175
3.349322730247036,3.251840503568126,19.13088505198665,test_x0x1,19.131386833375966
3.4579497525871146,3.4684814297108293,23.24202255944572,test_x0x1,23.241851988520477
3.0817906405712594,3.014478298489183,14.391952929874977,test_x0x1,14.391918475917393
3.4784438378694955,3.179868973681058,18.939199916828894,test_x0x1,18.938637771621305
3.174575515475864,3.3336601053450994,19.33491514513723,test_x0x1,19.334821178864164
3.427778911751634,3.2261715658900934,19.259049666101852,test_x0x1,19.259290435021697
3.13541875607399,3.120672726914508,16.047739139330247,test_x0x1,16.047630049713497
3.4777469932619454,3.0403563248136574,17.07734911848592,test_x0x1,17.07711086486976
3.062429985338974,3.181069022748614,16.49062530087694,test_x0x1,16.49024982717706
3.3902514595100355,3.2791846358521255,19.793851764704637,test_x0x1,19.79396589676727
3.090922318657275,3.067442616745551,15.110715899489636,test_x0x1,15.110931804317952
3.050583183626501,3.2410510582809806,17.285895553741764,test_x0x1,17.28628361151905
3.3442889523437955,3.214303490777491,18.556061629328184,test_x0x1,18.555208769376137
3.238229693945511,3.355481842965373,20.035726014581822,test_x0x1,20.036060214658253
3.0403351306802517,3.251279091894986,17.383384904596717,test_x0x1,17.383860962222286
3.2208131528493618,3.1017714187763428,16.270826850814665,test_x0x1,16.27022446701984
3.449366801720448,3.131381141751399,18.07831689213271,test_x0x1,18.07863433849343
3.3718657197426514,3.3737961911257273,21.133901445795455,test_x0x1,21.133918673965155
3.250230126777327,3.1104670869504263,16.55630104934818,test_x0x1,16.556509206371384
3.3056699980361817,3.164163790918505,17.61437705038453,test_x0x1,17.614415506354323
3.377352968257203,3.1065779801514495,17.278717026932153,test_x0x1,17.278177467480614
3.089974185998095,3.304290343346483,18.42911632434658,test_x0x1,18.42903428394151
3.357191175897327,3.4909086471486104,22.97079477820562,test_x0x1,22.970670322512202
3.483763621489989,3.1462157121974013,18.510555443758175,test_x0x1,18.51054465649011
3.15682303318206,3.4340824667025913,20.841507503694096,test_x0x1,20.84157374839239
3.006421604465504,3.3873858305369824,19.300757940833673,test_x0x1,19.300657186599157
3.295930080152639,3.4196146048630887,21.40342051994067,test_x0x1,21.403251015624562
3.3348150860598715,3.260610130299685,19.169866602980445,test_x0x1,19.169463153114815
3.496592985745269,3.3696964453047453,21.8892563916502,test_x0x1,21.88897418785207
3.4879647451574654,3.399483647736964,22.306529769293856,test_x0x1,22.306459288111917
3.1105095782025787,3.4818055071717198,21.390493642133652,test_x0x1,21.390715016837653
3.1825130063720732,3.2321763337000697,17.860092525272318,test_x0x1,17.860386695965477
3.316338628129696,3.352100918140365,20.447071630224485,test_x0x1,20.447219332022396
3.3358233137394295,3.17924191158827,18.00823733030781,test_x0x1,18.008243409196083
3.1268102773277344,3.3011987818187363,18.57737440303312,test_x0x1,18.57789138098155
3.3334395091702436,3.1515148669618767,17.61007291984317,test_x0x1,17.61041041977114
3.020313086140967,3.17490803904647,16.19199056214592,test_x0x1,16.191455764154924
3.335398931513445,3.2002188382328978,18.300586110595003,test_x0x1,18.300138739318886
3.3053847077667142,3.0619652668641146,16.249519138752724,test_x0x1,16.249871504678683
3.022592749697033,3.219566970493908,16.834535364505,test_x0x1,16.83457233803624
3.3826206282153857,3.385554276446538,21.3894702572879,test_x0x1,21.388997569771085
3.189831885335619,3.4355599510069914,21.048818554245393,test_x0x1,21.04905865298946
3.378428801499217,3.1893423470149393,18.416547244011383,test_x0x1,18.416516887239954
3.4797103338486677,3.4145086556863995,22.494123409872596,test_x0x1,22.494440280120724
3.2788812677718298,3.4557466674396604,21.898537825554275,test_x0x1,21.898198141818156
3.1474095866953924,3.2624905584399726,18.10979351792362,test_x0x1,18.11003930999929
3.19106406887577,3.210789682812764,17.600660115193712,test_x0x1,17.600642879468243
3.192957556252003,3.2912254009595108,18.790024825968104,test_x0x1,18.790718268680926
3.3344894979832924,3.313409669959215,19.960219762262067,test_x0x1,19.96026229492516
3.060163914241369,3.2877863605159217,18.025746250377587,test_x0x1,18.025783369064506
3.0424755257305884,3.2737120827964517,17.725436919367446,test_x0x1,17.7252974999995
3.4786375351934824,3.362687145939878,21.656468542972394,test_x0x1,21.656273479279267
3.4232098557841857,3.0117230818988263,16.356093225984473,test_x0x1,16.355733056760783
3.287384991024521,3.1379325052682385,17.145091844199982,test_x0x1,17.145087456844077
3.2570595132783904,3.1609416114047337,17.280158262378553,test_x0x1,17.28020604439095
3.0805849674527517,3.127165507518628,15.844593831588337,test_x0x1,15.844757104048272
3.270653020034775,3.4734978054581522,22.148023458237958,test_x0x1,22.148137031714214
3.488104132483704,3.32667564857392,21.159577949181443,test_x0x1,21.1595685784955
3.0627794373881985,3.4682499764285457,20.91223267127249,test_x0x1,20.912095774129355
3.258354995145948,3.350694701494799,20.078084237178757,test_x0x1,20.07833234106855
3.4404900811410184,3.003822531396625,16.37183482666145,test_x0x1,16.372127632160662
3.4257766049279983,3.2983303867544898,20.31130129860516,test_x0x1,20.311280087042732
3.4201487774610575,3.2269875886008665,19.220957419335303,test_x0x1,19.22082502445492
3.1044974541721464,3.363806005033274,19.426407475219865,test_x0x1,19.426856749724827
3.454472957588081,3.1779091963810786,18.751004828795207,test_x0x1,18.75151897551792
3.2280307235435544,3.0474122628779705,15.606658168725591,test_x0x1,15.60621831778011
3.1709221952599442,3.1163894586063474,16.184441302288292,test_x0x1,16.184335744018753
3.0003415346991407,3.0252349521529585,14.114937288967809,test_x0x1,14.114776770672
3.073904870588861,3.1172126943761604,15.676392065728141,test_x0x1,15.676762870320653
3.006792291453481,3.092846299791079,15.014566968622908,test_x0x1,15.014395504433134
3.444570503561887,3.0105200023380583,16.481620617724108,test_x0x1,16.481757798721524
3.215775084005278,3.1245098323746983,16.545311357557402,test_x0x1,16.545080479924525
3.3907656350509847,3.4230712234504086,22.04863174920392,test_x0x1,22.048118401956145
3.388041842553072,3.4981389739627433,23.289683729165805,test_x0x1,23.289843957369044
3.037471285331076,3.079749401010271,14.995938281322553,test_x0x1,14.995617524886374
3.307647403913515,3.0516069935159384,16.130479830817652,test_x0x1,16.13038635135399
3.1371578326931115,3.3322853916392394,19.10876736216957,test_x0x1,19.10900109842513
3.0959911036300003,3.178791105644306,16.63295543977482,test_x0x1,16.633111480729745
3.020361401367619,3.2937301611190413,17.914319265166846,test_x0x1,17.914039734158
3.0028566864864823,3.095657959010234,15.032220012957179,test_x0x1,15.032042219683655
3.271851774695591,3.334926563523761,19.912291119473515,test_x0x1,19.912139112470392
3.3764577377478027,3.2384406707313245,19.105851224247573,test_x0x1,19.10614583328299
3.1314711390779646,3.2910461881152293,18.44915600042547,test_x0x1,18.44895592611961
3.3784215228521868,3.4175199621506005,21.87920911639051,test_x0x1,21.878812176548635
3.1190490826680226,3.475225931475281,21.32440876689696,test_x0x1,21.324321182404155
3.39794596567379,3.2050692655613817,18.763493053478367,test_x0x1,18.763216914853384
3.226393996234002,3.255196880017736,18.44420499061648,test_x0x1,18.444148983707947
3.2043930580384394,3.257769139871057,18.356557819713903,test_x0x1,18.35639131362578
3.2751856288318413,3.1879518819692416,17.762980747999194,test_x0x1,17.763210873757945
3.0891653131312355,3.195222410197489,16.82782146640898,test_x0x1,16.82791128083666
3.281048814152691,3.1841936284543313,17.74513733828587,test_x0x1,17.745084946852426
3.4350268775520716,3.245159606919552,19.582039573758088,test_x0x1,19.58202860733826
3.436358937218698,3.257021234895274,19.764632764608212,test_x0x1,19.764427516591432
3.4118941139715853,3.2134671651294116,18.973206281986624,test_x0x1,18.973146994906255
3.33101886351792,3.0388805059101665,16.11154112017344,test_x0x1,16.11148566305253
3.0012444300359418,3.395824540209539,19.41079745340481,test_x0x1,19.410695317212422
3.354890345194088,3.2655110555557947,19.36698433610171,test_x0x1,19.367115261911838
3.4455174106966835,3.2829241369810447,20.20949312880279,test_x0x1,20.209695830586877
3.3659836437026405,3.1571556760599098,17.89031947117658,test_x0x1,17.89048391583377
3.2044649552090183,3.374291201021919,20.13926079622205,test_x0x1,20.13959133497159
3.4847504060763432,3.338064687523051,21.312836705777674,test_x0x1,21.31297396852049
3.1568081492470133,3.171200979977775,16.853565883053967,test_x0x1,16.85324000415966
3.2957732180780748,3.4912155276100187,22.598962431118576,test_x0x1,22.59859715472526
3.1803302544384464,3.1099112984029107,16.150260362424163,test_x0x1,16.150369937796903
3.195291916767908,3.4266613815932687,20.933019520207477,test_x0x1,20.933315028033405
3.336243684567034,3.2219262487641522,18.61549345488438,test_x0x1,18.61566095929398
3.0181776867987855,3.0835788551268903,14.949412885116963,test_x0x1,14.94929192600706
3.309690723666038,3.1302444034136236,17.175507040722042,test_x0x1,17.175302273980883
3.024006378549005,3.3593276752991064,18.94262302533265,test_x0x1,18.942325714587117
3.1815106436634846,3.4321871880376134,20.94670273779708,test_x0x1,20.94645168613007
3.0760926863386215,3.0692497168227146,15.056881870304617,test_x0x1,15.056966840930844
3.2166543501830502,3.3315492054231375,19.539070541240754,test_x0x1,19.539185635661113
3.096806725141602,3.3134409680475088,18.604227705159662,test_x0x1,18.60363432943634
3.015444840889471,3.3637422162831703,18.969589969978777,test_x0x1,18.969867439891207
3.4725323769378997,3.1003650544832717,17.818751839690357,test_x0x1,17.81832715267522
3.182074642281244,3.351542643107436,19.654861817257363,test_x0x1,19.654912062748924
3.0426519837201793,3.2771224945435726,17.777118484109835,test_x0x1,17.777140951688747
3.421493259252588,3.1515374280032784,18.169061451817875,test_x0x1,18.169016412578742
3.0477443980367127,3.0392452478949306,14.52775009123014,test_x0x1,14.527829084389635
3.293345472443784,3.433931171818654,21.62287460220239,test_x0x1,21.62303829701547
3.231523431309096,3.054729660894271,15.720168273621562,test_x0x1,15.72027184268083
3.4013940742794686,3.464383295100671,22.802196615559275,test_x0x1,22.8025136145527
3.458313422543554,3.429166246682164,22.590175818231536,test_x0x1,22.590438224489887
3.0659387318717686,3.4739831476825724,21.025188733361947,test_x0x1,21.0249833935781
3.173903425220655,3.2883273807180613,18.64012350703507,test_x0x1,18.639992949020414
3.353384220168917,3.455387130807493,22.346872257050187,test_x0x1,22.3467720889816
3.3562625536825457,3.0079561268476294,15.881336970688077,test_x0x1,15.882096925827586
3.2546013204599396,3.1769536026083016,17.487732860781353,test_x0x1,17.48762984077289
3.3735479575856298,3.338467797922838,20.590041814932736,test_x0x1,20.59049790808251
3.4561331227313388,3.399468794508471,22.09196382661847,test_x0x1,22.091552586372888
3.396226169957499,3.0388373107396847,16.521056399498846,test_x0x1,16.521361390001267
3.0990249545921436,3.164925462141678,16.456295219583662,test_x0x1,16.45634820203697
3.3811206838495114,3.0508335686527714,16.576965295102422,test_x0x1,16.577241927302993
3.1461897583618508,3.325120553726558,19.04725444077523,test_x0x1,19.04688569643129
3.2455513887143512,3.0683707972840346,15.976850959928685,test_x0x1,15.976739924179356
3.0429666967596334,3.192974276795219,16.558628243057115,test_x0x1,16.557963439064736
3.4566618057014207,3.4489106541375603,22.905738254319093,test_x0x1,22.90570654968877
3.447226096388395,3.1988915735695986,18.99762862098365,test_x0x1,18.997941680224077
3.1093925105188327,3.393275954273762,19.9215295491302,test_x0x1,19.921653324322918
3.112288802373227,3.1145409507292405,15.841837485384364,test_x0x1,15.841539629171251
3.1652213029126326,3.304622593052959,18.838191739850238,test_x0x1,18.838575639739027
3.3741901350053407,3.037153126848309,16.359263913716937,test_x0x1,16.359574781305756
3.42812033533361,3.132281801208359,17.95036671904852,test_x0x1,17.95050317119481
3.4830847664985836,3.444082760451841,23.003179909605475,test_x0x1,23.003414150536983
3.3999359776318636,3.2613046823654597,19.59061712987171,test_x0x1,19.59027391995365
3.034848894355868,3.2527632661218284,17.37751836111251,test_x0x1,17.37725484794262
3.249355858233581,3.4337478713595795,21.359383979251568,test_x0x1,21.359888296305584
3.2472846616767432,3.304129617250367,19.295874794308475,test_x0x1,19.295975630225666
3.197858635446155,3.331775043010604,19.43595204152186,test_x0x1,19.436069229508515
3.3389456316179182,3.4890093919047462,22.824782752500152,test_x0x1,22.82467455345402
3.3616343774489517,3.0199333467383456,16.063842425283294,test_x0x1,16.063552002602833
3.076126495623662,3.147727937860708,16.100411056419464,test_x0x1,16.100373391043686
3.0031805949147534,3.1408863043423763,15.639223175098685,test_x0x1,15.638674929819228
3.0445508220549096,3.2760358649869525,17.770527929454513,test_x0x1,17.770711025700603
3.3851850131655516,3.459092058776225,22.609555385203358,test_x0x1,22.60900076182133
3.435478527990462,3.345091379601162,21.09278491046916,test_x0x1,21.09287245495657
3.0203259278367884,3.1241201622991395,15.497302632411426,test_x0x1,15.496862424388437
3.343624324155023,3.2342476703404928,18.839010908416164,test_x0x1,18.838783898889353
3.096877763280844,3.0706470768416247,15.183371315167975,test_x0x1,15.183482725280967
3.187384703177406,3.2382447681671787,17.975299088809685,test_x0x1,17.974881212409862
3.250226556643705,3.0011669563925953,15.156307316965382,test_x0x1,15.156140825497067
3.410734065954608,3.319704733318585,20.538776677960158,test_x0x1,20.53805943187067
3.32277155702965,3.1029845861431395,16.890815393702557,test_x0x1,16.89082851267608
3.3251309386883934,3.3890430004478835,21.086059409565323,test_x0x1,21.0857616305549
3.013890825957066,3.48331160306466,20.92074949969706,test_x0x1,20.920519156050208
3.307921132208355,3.44614868259253,21.913070798035275,test_x0x1,21.912970685405824
3.2910041626700126,3.1888613196371254,17.87015033566345,test_x0x1,17.869848267388626
3.3289697440444974,3.1200107415268725,17.155677959518385,test_x0x1,17.155516865656875
3.214095134288055,3.2896195803546107,18.885460117092364,test_x0x1,18.8856216283346
3.1113379314686886,3.182851676983692,16.77073367581607,test_x0x1,16.770510006520727
3.4499021437340365,3.4813823044324623,23.406632707027573,test_x0x1,23.405977062299087
3.433932390368048,3.013489172942431,16.44828241338667,test_x0x1,16.448194060315817
3.439863557801468,3.0362502990699904,16.772432173438016,test_x0x1,16.772303339992664
3.1490108264816037,3.045181652817939,15.135749055363837,test_x0x1,15.136504419209931
3.187327970140298,3.2594436889852596,18.28517568083827,test_x0x1,18.285046857205202
3.2080180083384433,3.14609627523616,16.793569057104037,test_x0x1,16.793805561673068
3.1479779411770092,3.399168412241967,20.223737128382286,test_x0x1,20.22406215213185
3.2297159350063604,3.172172398534051,17.276684806545006,test_x0x1,17.27683505801703
3.272159435447423,3.0994979218054852,16.539806618570356,test_x0x1,16.539760066661096
3.1206253648091726,3.169225717502303,16.630373638831905,test_x0x1,16.630272422541402
3.496160436971168,3.310673481922987,20.969337617448762,test_x0x1,20.969817283684172
3.088083628411089,3.3078082148080736,18.47269153045227,test_x0x1,18.47225507483776
3.3844482439657573,3.4502362441275816,22.456948673888885,test_x0x1,22.456395991849064
3.2285352456194225,3.3647954445475765,20.12631835208662,test_x0x1,20.12634396669213
3.3866559300089145,3.1661392294430657,18.145295867200538,test_x0x1,18.145289473452006
3.155857013635952,3.218448658455319,17.51505093740836,test_x0x1,17.515202434919274
3.1855615703706692,3.0467658090304,15.357621434688062,test_x0x1,15.357611133858214
3.1079087257474143,3.164006260677129,16.49048775974958,test_x0x1,16.49004209185689
3.423228412818913,3.402116592053284,21.917585920500695,test_x0x1,21.918011606167415
3.204815011162466,3.3803930945580944,20.238321833444104,test_x0x1,20.238596230921832
3.098379283182473,3.1501621217466873,16.24982624773497,test_x0x1,16.24971642884916
3.0188253025487564,3.137370034331962,15.668748135629023,test_x0x1,15.668108219587834
3.2823089881868017,3.006842009148662,15.415638543298913,test_x0x1,15.415586172022495
3.2702027929574253,3.012263074423684,15.410869812063527,test_x0x1,15.411391009114505
3.1833279649917414,3.167379765489147,16.94722349117444,test_x0x1,16.946984490336778
3.430090262559082,3.4079664850897164,22.05721643653256,test_x0x1,22.056865890996622
3.496847716697004,3.2986705136639483,20.791814693000536,test_x0x1,20.791797125978594
3.0479302558680867,3.078871010830304,15.037367043572463,test_x0x1,15.03746688868517
3.26861309371565,3.103863718998361,16.576584288520298,test_x0x1,16.576576203863112
3.4546348146432173,3.3184637215060473,20.808190679911746,test_x0x1,20.808206568325776
3.3504005227222935,3.247933557885571,19.08039483186032,test_x0x1,19.080275317443302
3.2427917967358306,3.22806467305713,18.14383578393378,test_x0x1,18.14366079982018
3.342929598680159,3.0648755990980376,16.517148253373016,test_x0x1,16.51690571328201
3.377469505310047,3.2233237856722003,18.89370934435567,test_x0x1,18.893820586269307
3.1531655003973387,3.0515242995690848,15.239220668666166,test_x0x1,15.239394480312068
3.258055872535833,3.2937371484636238,19.20168358435239,test_x0x1,19.202395185962377
3.315383218598494,3.205703654584358,18.255611616783597,test_x0x1,18.255738152191512
3.4243205030244845,3.4719058548669413,23.077651963180475,test_x0x1,23.07773953632092
3.057662973783205,3.2949384885813036,18.12059272439826,test_x0x1,18.12022253717015
3.3394544524691794,3.4310243703841694,21.85621970174922,test_x0x1,21.856592502588544
3.065010764755076,3.0090423587528807,14.237804540218772,test_x0x1,14.23769237077738
3.0565076996677045,3.270250838367109,17.74528551871834,test_x0x1,17.74542947437772
3.1917776440179377,3.4838529008131616,21.868863010086848,test_x0x1,21.869064639869592
3.3457308428573165,3.0937401866033207,16.910458481845005,test_x0x1,16.910487240477526
3.489451600824199,3.3246765580288615,21.137978330128295,test_x0x1,21.137474740941684
3.403715966064592,3.311187975105392,20.363194435817142,test_x0x1,20.362889129914322
3.264651733508075,3.0906003997321174,16.378268442622485,test_x0x1,16.378333837193583
3.07641412129791,3.0209137274504343,14.444240494140292,test_x0x1,14.444256092377508
3.1527302329483478,3.1369349576062513,16.361042564360034,test_x0x1,16.361053939701527
3.3033069388498935,3.1070206106980796,16.825882466351555,test_x0x1,16.826228062263038
3.096370034596352,3.464134645701133,21.017351772980152,test_x0x1,21.017242368208326
3.377728069258294,3.0903930638755597,17.067440622820346,test_x0x1,17.067626321578334
3.467222271494788,3.061797252817535,17.280130974001224,test_x0x1,17.280158525929128
3.1949689085833572,3.1735185102046306,17.097632005204606,test_x0x1,17.09755337975648
3.0846295413087677,3.0334710568135597,14.644452015348532,test_x0x1,14.644903444821624
3.039343697388761,3.2647991209106597,17.577429005772906,test_x0x1,17.57752904879475
3.4390251061439283,3.0109243997510466,16.449992116149573,test_x0x1,16.45013592564914
3.4829869645190055,3.332347531981705,21.212343869339136,test_x0x1,21.21211361159915
3.1427248730852444,3.1860260286107556,16.98366455705409,test_x0x1,16.983930505783437
3.292858056388744,3.416575242060392,21.335334284857545,test_x0x1,21.335892852661853
3.137876233842756,3.3866235387612424,19.967350748272576,test_x0x1,19.966777253223242
3.2315001829629555,3.393729521471667,20.604293305731627,test_x0x1,20.604498941385412
3.3168761503114284,3.39257060749634,21.092166463976568,test_x0x1,21.09203069998502
3.03439624041426,3.317576150623625,18.346726213126328,test_x0x1,18.346578956434055
3.265785190257275,3.1574429022212183,17.283303989899625,test_x0x1,17.283279513480448
3.0934396219745754,3.4783665989796266,21.242131340993588,test_x0x1,21.242290681534914
3.256023959028807,3.476713742481513,22.116259691340144,test_x0x1,22.11568162820205
3.1902068742215706,3.2865132302297733,18.70378843156363,test_x0x1,18.704070457945324
3.0210691085044883,3.469497323035615,20.72252653834202,test_x0x1,20.722587356624853
3.448629413111176,3.436943109386612,22.653873576518826,test_x0x1,22.653879484320044
3.257416571755586,3.4768193832609873,22.126214299779875,test_x0x1,22.126006525773697
3.2443188314933007,3.0547401135716483,15.794393650649077,test_x0x1,15.794091804927639
3.061177958024804,3.2996977065801647,18.21047996699187,test_x0x1,18.210412533765947
3.1147784780974934,3.1300820975171395,16.06368680791961,test_x0x1,16.063551614680016
3.470149829093312,3.0009118171290634,16.5336112708838,test_x0x1,16.53328530641142
3.496871142196915,3.3255827786706136,21.202531272164332,test_x0x1,21.20295252009683
3.054119692822214,3.1547464394825027,16.083483384363927,test_x0x1,16.083479943520437
3.485393257622989,3.131685777253603,18.324303239882383,test_x0x1,18.324538010251842
3.0252905095347895,3.4192832866087683,19.910210270993108,test_x0x1,19.910490115356485
3.0364733556963173,3.409335071690851,19.804236593280482,test_x0x1,19.804261838950907
3.2041129772777692,3.271301818659849,18.555064094001583,test_x0x1,18.555016831624496
3.4275004487465424,3.055497846810044,16.935908880316507,test_x0x1,16.935509022689835
3.134984512253755,3.066211392131062,15.328986513984061,test_x0x1,15.32910542123011
3.330913451503008,3.2762324190564405,19.377397038857712,test_x0x1,19.377233403004652
3.115182966803554,3.0400471700142044,14.888412270739094,test_x0x1,14.887887998354358
3.408456435306309,3.008502600701864,16.220279241587136,test_x0x1,16.219447091487787
3.0336950176389568,3.2486180189628757,17.310991299663478,test_x0x1,17.311145972504413
3.4428887708822935,3.280732863021317,20.159326236260096,test_x0x1,20.159076368891718
3.3674803725159927,3.4021415595379136,21.56024231869858,test_x0x1,21.559831512081896
3.1204447117431813,3.4146320317903185,20.325895466399455,test_x0x1,20.325483749038792
3.4065495093865965,3.2799131692704253,19.909519200979414,test_x0x1,19.909422630799696
3.0913869658681397,3.1743962042911678,16.547570138700692,test_x0x1,16.547550458360796
3.0071711132631207,3.3681834896887897,18.99885919398076,test_x0x1,18.99930805785339
3.46160759073378,3.2772678942138986,20.232097641778253,test_x0x1,20.231513493135253
3.4827653109232406,3.102912417791069,17.921592184016287,test_x0x1,17.921519852282916
3.03930455745599,3.0926257287217567,15.173686873255418,test_x0x1,15.173346785426734
3.013431632639919,3.1580361711771374,15.924348077888377,test_x0x1,15.924706283262767
3.0210600980309414,3.33239031922126,18.507932377955328,test_x0x1,18.50771462603583
3.295878924932625,3.437471443612992,21.696543409151605,test_x0x1,21.696632495241985
3.1563821062532513,3.147807660579981,16.529017630768575,test_x0x1,16.528948257505654
3.4405123117643353,3.186243754920109,18.775017273995662,test_x0x1,18.77513560819608
3.1678304809483397,3.45489886956063,21.247536843998276,test_x0x1,21.247179433170224
3.0567723542075944,3.109055087752962,15.479567343424268,test_x0x1,15.479483520299924
3.0093082776437847,3.105543670798341,15.194669280929178,test_x0x1,15.194421369457173
3.102072080587252,3.050669100320911,14.953967650668497,test_x0x1,14.953733068180771
3.1307163122301778,3.4113130653300843,20.3269591153009,test_x0x1,20.327496860971866
3.4754444623764518,3.2042548583806427,19.26239358382493,test_x0x1,19.262992109509224
3.118228387742594,3.1793792182352685,16.758856317015884,test_x0x1,16.759127895554766
3.1941610702542858,3.322752691703936,19.276140918407172,test_x0x1,19.275903361004968
3.2137953022092764,3.0525564365134534,15.590773166488066,test_x0x1,15.591283582368284
3.2200964965132295,3.1972320295134016,17.572643981679285,test_x0x1,17.572601477711316
3.248895710183968,3.392446273344884,20.684554721962517,test_x0x1,20.6853420382969
3.1051456179107686,3.1212754230710593,15.894110422941504,test_x0x1,15.894454492798488
3.1521794459573913,3.1465171362990665,16.488405746632754,test_x0x1,16.488229452402933
3.0389092198536916,3.036202552978994,14.444604965145292,test_x0x1,14.444051656676546
3.164141102891225,3.403736688371264,20.386053401857268,test_x0x1,20.38612478955952
3.0320190063017525,3.358190730540186,18.964821812207543,test_x0x1,18.96473091239822
3.1617528624084668,3.457897271632522,21.264185307520815,test_x0x1,21.264194272139903
3.339717333936266,3.4369817726978806,21.956076430565844,test_x0x1,21.95589346782318
3.34493521156094,3.1043074654837675,17.04506464959809,test_x0x1,17.04520426593999
3.460062937245344,3.3504390961468986,21.339321003592605,test_x0x1,21.33928995218636
3.3286601337891697,3.415737490067328,21.539234482416763,test_x0x1,21.539382296829174
3.382828028708388,3.026004685743823,16.273791252268772,test_x0x1,16.273800817926393
3.4232916506699285,3.061616463224559,16.986898405154395,test_x0x1,16.986699664841943
3.3923359730920337,3.1363019852173815,17.772976640249823,test_x0x1,17.7734704967498
3.0086821035435682,3.231183780945314,16.932923275823455,test_x0x1,16.932994578760987
3.0626686161519188,3.405096759766205,19.868588934663656,test_x0x1,19.86874139634122
3.42698827317865,3.2992697352223797,20.333436408269492,test_x0x1,20.33344222045379
3.22743546655737,3.191856197064072,17.53889692037442,test_x0x1,17.539247380757907
3.2970991735804565,3.4741428910611125,22.316818677799823,test_x0x1,22.316531438639384
3.1462380541353085,3.2199735568323304,17.48443044047529,test_x0x1,17.484905716321972
3.0199497701747715,3.4078506119464764,19.697495292317,test_x0x1,19.697571590715143
3.031409892851923,3.350801617366858,18.845913533905033,test_x0x1,18.845571480635307
3.14944376472809,3.048815415213251,15.184353176444812,test_x0x1,15.184391629458057
3.347872458438866,3.3782163371347296,21.053648671394978,test_x0x1,21.053885025938204
3.4584522919605662,3.487546235230486,23.568428780856422,test_x0x1,23.56846349140388
3.3669496400294148,3.349545287121973,20.72088867999824,test_x0x1,20.720927707391226
3.1000623366190294,3.022849173896494,14.5919284567579,test_x0x1,14.592035198778476
3.214724610727468,3.089992394883901,16.080837329429784,test_x0x1,16.081346590788115
3.147496928553454,3.316318460727209,18.919336560312622,test_x0x1,18.919178816176455
3.3859513476456256,3.435385263841813,22.220311050582826,test_x0x1,22.220540083359225
3.18471894576877,3.2911159042863667,18.74223090684998,test_x0x1,18.74220538992451
3.0517461110029527,3.1616463874629193,16.16634887907488,test_x0x1,16.16589580962665
3.414229161269553,3.0634008212500334,16.950838509933206,test_x0x1,16.951223339983564
3.0421049176035515,3.0410864820568255,14.522514962394219,test_x0x1,14.52261469216473
3.457711996015094,3.4974674544271083,23.73310462032126,test_x0x1,23.732801895414156
3.4547193921985153,3.0337805246532783,16.83976975314372,test_x0x1,16.840098718432895
3.1567711040335578,3.4961046439418704,21.88386482296306,test_x0x1,21.884020088192138
3.065298959901407,3.1512822910322145,16.09318752751027,test_x0x1,16.092923795682637
3.188534738383154,3.2439454449882295,18.064721855328614,test_x0x1,18.064754701431752
3.3629728372920975,3.018897580425783,16.059330536903754,test_x0x1,16.05973281245069
3.0439360754840523,3.392714966393641,19.573468444260502,test_x0x1,19.573413399754482
3.3042953599237044,3.2899301793041356,19.419949438462506,test_x0x1,19.419766155804563
3.046480791643588,3.398014865416096,19.671644820031013,test_x0x1,19.67180897224046
3.127174127726052,3.424300478889702,20.519904977502215,test_x0x1,20.520206229299678
3.4394358160645044,3.3292017920696364,20.872496412576297,test_x0x1,20.87200488265957
3.2022921002561935,3.3465633338679646,19.69056555260464,test_x0x1,19.69068080952062
3.2826157387598056,3.4377168620688754,21.62113274341839,test_x0x1,21.620577555480033
3.3428162916624085,3.241221540469779,18.93528727642523,test_x0x1,18.935518106682512
3.4184457951280556,3.3252767098377767,20.674446190171135,test_x0x1,20.674023412537395
3.3427701074248737,3.4479776360842775,22.15726617278062,test_x0x1,22.157188651173907
3.430399768942621,3.342909125668345,21.025426814078543,test_x0x1,21.02492273048928
3.381412299477271,3.4516912930745964,22.461866777745755,test_x0x1,22.46176423481372
3.16262259703104,3.2637741741175894,18.212008161042675,test_x0x1,18.21184708898869
3.202188253073013,3.3078823054032984,19.094066180567737,test_x0x1,19.09349221269508
3.1642800235505453,3.458400735884361,21.286518861518612,test_x0x1,21.286014338925998
3.0293598031450144,3.068808181777189,14.813228764254347,test_x0x1,14.81277331923496
3.076035500672268,3.4468531103709723,20.622524605675775,test_x0x1,20.622583391226314
3.030436552025097,3.083026857808737,15.003349322968239,test_x0x1,15.002910007930497
3.069504459587659,3.4103938715412534,19.989643185403317,test_x0x1,19.989445965983535
3.1191026403984434,3.322167527630416,18.85591803639107,test_x0x1,18.855310533778567
3.3328433134957933,3.1160820396805464,17.126948304802728,test_x0x1,17.127346886648954
3.4176386487321206,3.1806973270137586,18.547417131307178,test_x0x1,18.547163496309366
3.408141324324601,3.1374852813890968,17.890761144947746,test_x0x1,17.889943465896664
3.496783774137696,3.4493550578543517,23.184064515968842,test_x0x1,23.183768479477006
3.106469786436564,3.2540803957855475,17.766243802369807,test_x0x1,17.76613249636706
3.154255394117313,3.4477839625989746,21.05434860726092,test_x0x1,21.054466774790676
3.19184826675329,3.101572849027951,16.104015799938534,test_x0x1,16.10391204909846
3.196227199143125,3.2323822223670797,17.93991619736778,test_x0x1,17.9407296817674
3.1647875111305344,3.0535830899928618,15.32930171917614,test_x0x1,15.329356652990946
3.379150022081048,3.2839920439810877,19.79498055649202,test_x0x1,19.79481947381833
3.090314190371466,3.049377235103689,14.875740526923796,test_x0x1,14.875833876607434
3.4714462883048043,3.440234966265168,22.86079564974617,test_x0x1,22.860699762652533
3.2773167523192575,3.053950901820924,15.978318477079487,test_x0x1,15.97869888676086
3.010955865864085,3.094373224820192,15.055189360247311,test_x0x1,15.055268112328708
3.0356137472771563,3.0706410739337198,14.868316596441817,test_x0x1,14.86839491430376
3.2105461697638304,3.1810142940827446,17.290225538583414,test_x0x1,17.29040128785023
3.2848903146968738,3.4020897520748066,21.05243038316846,test_x0x1,21.052368987129185
3.3750765431317475,3.4326129545150974,22.105471553776855,test_x0x1,22.10547740529685
3.3608990778518435,3.301591745317764,19.94485703740851,test_x0x1,19.944922837343636
3.110692707262378,3.037560660492479,14.833091936053107,test_x0x1,14.832928337687797
3.0186854602186357,3.216193798613092,16.76675358285607,test_x0x1,16.766383223950594
3.0541040288277466,3.4224581501534255,20.1074629455599,test_x0x1,20.10737462682088
3.317944188986661,3.497407274720515,22.839319166176246,test_x0x1,22.839547074013556
3.149990361857545,3.3580996729064636,19.580768129178917,test_x0x1,19.580947492410683
3.020797045544224,3.4245994559410486,19.974814694317253,test_x0x1,19.97459129471112
3.259794130327126,3.0073592559924602,15.288748239323626,test_x0x1,15.289280771394568
3.292386497111325,3.262528615849346,18.939869418776873,test_x0x1,18.940134892792067
3.2902466246669095,3.2279675582069234,18.42252234857039,test_x0x1,18.422965589690165
3.0645632792346564,3.473333286480775,21.007140104458163,test_x0x1,21.00675059972793
3.2251841439661924,3.04231423838057,15.525520486291134,test_x0x1,15.52515274721653
3.2653290777155735,3.4984822611269437,22.542012350434387,test_x0x1,22.542088206885015
3.3662584550165318,3.2292095324348997,18.907669041567686,test_x0x1,18.907665141364706
3.4845985632344507,3.4747079059203303,23.526456123685012,test_x0x1,23.52654560180872
3.0250079001100856,3.0035359062009386,13.967215479847736,test_x0x1,13.966923379154846
3.303916177454581,3.3606983422077774,20.506579046656594,test_x0x1,20.505950959007514
3.416184801196924,3.2941865834284028,20.18618173313401,test_x0x1,20.186263322501283
3.384867266215577,3.3755150045039395,21.243734551189355,test_x0x1,21.243625398028538
3.382845413204463,3.1863772370320533,18.402983595364432,test_x0x1,18.402816564585244
3.3342412694262458,3.100224919783445,16.924813879008298,test_x0x1,16.924744395285025
3.009155985841629,3.2013313385386035,16.50787564458072,test_x0x1,16.50831025390036
3.208429760367307,3.267246876579953,18.519388230084434,test_x0x1,18.51882332297301
3.1335855679746816,3.0745380021086235,15.429193341098204,test_x0x1,15.429772315958289
3.163152841107259,3.306074374547017,18.848849854887323,test_x0x1,18.84860732222321
3.2348439644213074,3.457411211799013,21.66812028597725,test_x0x1,21.66878670944673
3.282988392687466,3.1488843099191404,17.268000535206372,test_x0x1,17.268157072099708
3.0929694010632875,3.457930327219227,20.89547662754498,test_x0x1,20.895495813230703
3.2470615493912187,3.2520660243913446,18.517826284573143,test_x0x1,18.517848957258607
3.201643288380465,3.3389052904397283,19.567733347058045,test_x0x1,19.56804627792743
3.14775792664915,3.2169529781084263,17.44939349438264,test_x0x1,17.449387745619205
3.1876005422425946,3.2124382764208876,17.604781840268238,test_x0x1,17.60447580286392
3.472867645205868,3.0238533153421088,16.836648298388027,test_x0x1,16.83639769103973
3.0595274677684756,3.2049719197746693,16.812626215763387,test_x0x1,16.812641537969625
3.2155060365481085,3.1428638328177154,16.792106865971224,test_x0x1,16.792108001230055
3.358077343202371,3.175402372378865,18.093150722967962,test_x0x1,18.09269744837114
3.2587824452795777,3.3336569442941597,19.815567290939338,test_x0x1,19.81548542181855
3.2926548728578284,3.243749864537946,18.665913641028123,test_x0x1,18.666039678360715
3.1410441045556867,3.210993650143512,17.32773635379589,test_x0x1,17.327560588007636
3.157062396588005,3.3906930790930976,20.137011767862724,test_x0x1,20.136606628567257
3.0178100197934854,3.083006134031023,14.9401076688562,test_x0x1,14.940669198403896
3.2601326512127025,3.0788316412595793,16.197813825974926,test_x0x1,16.19795449621973
3.398069842643778,3.2905241710467257,20.0139124763259,test_x0x1,20.014218478503587
3.0624103643258858,3.42732563146942,20.229724513470604,test_x0x1,20.229423060915554
3.2826638788074853,3.357628578691262,20.330631319087498,test_x0x1,20.330793458207765
3.466688976177241,3.0451238765310387,17.063374665509652,test_x0x1,17.063726476746194
3.0875442123341004,3.494175811677394,21.48054356133699,test_x0x1,21.480819075322174
3.4184977268433223,3.1501318545870483,18.130292501608345,test_x0x1,18.130666779033497
3.4513315733628986,3.251081657580905,19.776480042754123,test_x0x1,19.77683667151114
3.4581785435405235,3.2375073546930446,19.6240645387907,test_x0x1,19.624290242449856
3.3027861089574544,3.000109538850285,15.455574137186424,test_x0x1,15.45573417579365
3.155824978982782,3.2899744727206395,18.56526636204412,test_x0x1,18.56548168402855
3.018387041543781,3.4484927654085404,20.357429443317304,test_x0x1,20.35752994375293
3.44169988080507,3.19751025311212,18.94151718118112,test_x0x1,18.941443574670252
3.0691917646761477,3.271157539871878,17.823798610845795,test_x0x1,17.82379988123001
3.1930194880349547,3.1505455209452533,16.76969915777463,test_x0x1,16.769992125985937
3.380206062675558,3.4657487554749666,22.689577750327693,test_x0x1,22.68944543009416
3.296948282070752,3.0970016972397247,16.654923586242063,test_x0x1,16.654742146712465
3.0598875034083584,3.040212699676429,14.60187294236699,test_x0x1,14.601861439856167
3.070457945191978,3.1595406427484702,16.233169458480077,test_x0x1,16.232538903722187
3.3625461142892057,3.2175545083819004,18.71665169756612,test_x0x1,18.71602817155581
3.462285418658521,3.1590651317122926,18.542002560136204,test_x0x1,18.541975593260506
3.464259279739319,3.4471657702659293,22.927502978483492,test_x0x1,22.92772048627917
3.0692336825805175,3.087309963658012,15.256488331403862,test_x0x1,15.256447918398917
3.295908595343399,3.17405257261543,17.69255297957388,test_x0x1,17.692513980817143
3.3230806454642474,3.21429741087034,18.425159847714127,test_x0x1,18.42495698235719
3.2587581525124434,3.162982973494315,17.31829121726554,test_x0x1,17.318210188958112
3.2584774688522735,3.334542712921915,19.82748339122633,test_x0x1,19.82754058959575
3.389525527585252,3.220308715277781,18.927165210660196,test_x0x1,18.926939560427467
3.2307350142309583,3.2433061843517996,18.295146160022504,test_x0x1,18.29466236464387
3.4062678887194693,3.1023402338024315,17.407671988098024,test_x0x1,17.407473728807133
3.0797369822325593,3.2978182013497896,18.277759017122836,test_x0x1,18.2773727421362
3.3316191367672263,3.315429189725503,19.97337675736301,test_x0x1,19.9728447150871
3.119052594365327,3.0771867410154266,15.38564444191671,test_x0x1,15.38498282820096
3.0069373633817236,3.232860023346418,16.948578396811293,test_x0x1,16.948594446333896
3.1504308683648032,3.1338760804969765,16.307053221249397,test_x0x1,16.30694757919092
3.232585711587495,3.0276191818777236,15.38271854495067,test_x0x1,15.382749881614803
3.3531839341114904,3.478708317389991,22.738132973698153,test_x0x1,22.738313311357683
3.350610683434919,3.258854368028403,19.24198864292815,test_x0x1,19.241756354073804
3.406290616071344,3.0825407212679963,17.14755759475284,test_x0x1,17.14777462843228
3.2243001093673094,3.210658840504145,17.787361557341654,test_x0x1,17.78752951548633
3.313553466604861,3.0585682664349987,16.255472051482073,test_x0x1,16.255449732975592
3.011228783571392,3.1593029626314877,15.930894519836187,test_x0x1,15.930518112657222
3.413040635961337,3.011529285524065,16.2874860333995,test_x0x1,16.287595953983306
3.1081734161297865,3.2140460461202367,17.19520597276454,test_x0x1,17.19556606242624
3.3197934012893167,3.1210128172518288,17.112852829140884,test_x0x1,17.11285052750372
3.1003417693349182,3.3022883602202215,18.453160233642862,test_x0x1,18.453068404187338
3.1715919123173575,3.112998573566294,16.142872570649875,test_x0x1,16.143124511591502
3.0542423774904517,3.2112645009621827,16.87523070780987,test_x0x1,16.874925304484275
3.0640806270568586,3.290329921721062,18.08404487762326,test_x0x1,18.084163672882596
3.440351564339902,3.07476934917593,17.268866478326867,test_x0x1,17.26854900623199
3.3519969435758488,3.1211423306207267,17.313510130631986,test_x0x1,17.313721484517657
3.1762754171681493,3.2470480750574464,18.041654183320603,test_x0x1,18.042078226644875
3.1865975668556383,3.118578924671156,16.300929832749368,test_x0x1,16.301169412927354
3.2168197318390166,3.173312825516468,17.21859338395221,test_x0x1,17.21833915642297
3.194057928000484,3.0477443274315803,15.417698183566397,test_x0x1,15.417469829755962
3.0774208158528533,3.433198726813049,20.403710717092643,test_x0x1,20.403660188141743
3.321682183058993,3.2857895647998823,19.46358637695709,test_x0x1,19.463595973180635
3.0793206002478666,3.4447899171350858,20.60528140509602,test_x0x1,20.604956976821416
3.1770069707614983,3.1369355551277653,16.4948122254632,test_x0x1,16.494903382994604
3.0749250357819773,3.498797109797144,21.494169523712827,test_x0x1,21.494439692100833
3.052979080474599,3.413427781790524,19.95432460962474,test_x0x1,19.95420671326492
3.29461234529818,3.4059226123292308,21.172718294648035,test_x0x1,21.172947805517484
3.1479565328265275,3.3429556288837197,19.332845586925743,test_x0x1,19.332161424256586
3.209013635530539,3.456089701430449,21.498049987211637,test_x0x1,21.497989172903452
3.323791165670382,3.3489807372097706,20.443837125924155,test_x0x1,20.443588263987177
3.2631313757252816,3.4497213326366682,21.70478814831267,test_x0x1,21.70474470832237
3.139038165325299,3.1547700898724993,16.529939260066676,test_x0x1,16.53033024989003
3.17462376756619,3.1589301292401837,16.782121983639534,test_x0x1,16.782307330070566
3.2520401373408037,3.0693482730973884,16.027334256420357,test_x0x1,16.027127130437528
3.1863064223825917,3.1864684290411627,17.22994357415515,test_x0x1,17.229836496926097
3.256860058547109,3.364584151397197,20.28752525683122,test_x0x1,20.287496011916634
3.159136572620541,3.2302861182804015,17.703427342593876,test_x0x1,17.703660058575863
3.160974174701113,3.1994522730268473,17.272496169507818,test_x0x1,17.27273338415612
3.257815437878451,3.087630741165395,16.299117563759946,test_x0x1,16.299159576754597
3.480503606793286,3.0644021820617087,17.403191236683263,test_x0x1,17.403223473033872
3.3790048401890616,3.199286522701312,18.560472130585897,test_x0x1,18.56052673469484
3.1916669077566135,3.256206209165189,18.261833802783297,test_x0x1,18.261964668615565
3.1604476975625344,3.044903143799589,15.194785301647011,test_x0x1,15.195113130642788
3.2458010014583767,3.0934947571450357,16.305877570389356,test_x0x1,16.30606509174907
3.1081957059068057,3.0605615249386613,15.113006092662657,test_x0x1,15.11343714486457
3.232258657492323,3.2188322809987153,17.95004335047946,test_x0x1,17.949923965563336
3.0567829353739397,3.3085427486927377,18.322232800576995,test_x0x1,18.322034961925173
3.464525067528732,3.370344573950814,21.68246412180805,test_x0x1,21.682633517908965
3.217872625631003,3.366484296897631,20.09185411771009,test_x0x1,20.092330015861357
3.0182032667072782,3.221134349628572,16.8352047414894,test_x0x1,16.83483411272544
3.1568121258840267,3.221920573454103,17.57011973934262,test_x0x1,17.57032511367544
3.461264710969392,3.490303918402854,23.63426545005039,test_x0x1,23.634024108660533
3.294461731591994,3.485702805921146,22.49706016752222,test_x0x1,22.49743215426957
3.231455640540989,3.3251301938374107,19.525021093876145,test_x0x1,19.52537069564027
3.4024053862815884,3.3863785033768656,21.529386933262867,test_x0x1,21.529291625303035
3.2747925507209286,3.335073196693561,19.931996713710276,test_x0x1,19.932363605649797
3.438721838979159,3.1026676472466987,17.62387016313336,test_x0x1,17.623640449654413
3.2306877048278615,3.4010556974870347,20.71765995958865,test_x0x1,20.717315778818236
3.2899456521096826,3.135711885202138,17.130317680060454,test_x0x1,17.129685863539763
3.1318642051046006,3.1076029428563956,15.854133785508212,test_x0x1,15.854039418082008
3.3321078977592253,3.166614493539223,17.809779555755767,test_x0x1,17.809644350031007
3.10409393243994,3.243107453658471,17.5931510444423,test_x0x1,17.59370601267443
3.1295478694678933,3.2679536860098137,18.093974227993126,test_x0x1,18.093952074825363
3.255157162247231,3.3379015707160935,19.86006013988189,test_x0x1,19.859827084164568
3.0816837100722734,3.298089995336202,18.29197932722641,test_x0x1,18.291440418122445
3.293291392760161,3.0534896025859912,16.06788306573956,test_x0x1,16.06799273403638
3.3427421519361045,3.415827480366272,21.62767411927396,test_x0x1,21.628239296868994
3.1981393673696044,3.173137343936076,17.110184024150673,test_x0x1,17.109824001234017
3.430803888372525,3.005411926704716,16.327693963661535,test_x0x1,16.32785086591254
3.327826584919801,3.13888964832936,17.403331867207097,test_x0x1,17.40341941139923
3.3675668588690915,3.4407465288611156,22.192349601140737,test_x0x1,22.192585642951805
3.243573708180979,3.429100922125781,21.24921220809727,test_x0x1,21.248947910432946
3.0373123299850655,3.315706884066076,18.332793607748354,test_x0x1,18.332582933403366
3.2739558639879665,3.246589988302037,18.595772987020496,test_x0x1,18.59580122105798
3.126455460521265,3.0203712498570088,14.701258001627604,test_x0x1,14.701221656957504
3.398321254619481,3.4542197566241133,22.61218080017275,test_x0x1,22.612287671271616
3.2859158002130266,3.435895483239192,21.610755643843305,test_x0x1,21.610671350318995
3.2247016823100823,3.013350881121588,15.159209976574289,test_x0x1,15.159367732302007
3.0743818643720995,3.067630055207775,15.02709878521408,test_x0x1,15.02715119193616
3.1911377314773515,3.0305221676546936,15.183361105324918,test_x0x1,15.183251593992123
3.182273182118364,3.307783436613418,18.98075449596439,test_x0x1,18.981109594256562
3.020853673325519,3.4622567132449116,20.599678672963726,test_x0x1,20.599941905636292
3.2999166997171807,3.271563695709337,19.119005103101177,test_x0x1,19.118137405637743
3.4424571275981983,3.2064452338093385,19.07321074120363,test_x0x1,19.07332937772936
3.4170524461412333,3.209203223440159,18.94586832877295,test_x0x1,18.945876407687862
3.499955875271107,3.3215507230097803,21.16167189351749,test_x0x1,21.161576627131826
3.1561827614058697,3.376936914013852,19.912433363510935,test_x0x1,19.91232657131908
3.0383303756980857,3.305763124600702,18.186364089800247,test_x0x1,18.186743801984427
3.1678128270266,3.082215819067737,15.715867998635606,test_x0x1,15.716074328842462
3.389276014697402,3.4666906120554772,22.763232530680636,test_x0x1,22.763563297496216
3.457536422336075,3.074878794100422,17.38434564175379,test_x0x1,17.38412950499341
3.430293817257643,3.1059989300245023,17.612592015949858,test_x0x1,17.612535230829703
3.0473216215767285,3.139350228365644,15.83867192588233,test_x0x1,15.838895215323802
3.1151008823777775,3.323169408258491,18.84997856271023,test_x0x1,18.84996414393036
3.39441909858589,3.0016635027301737,16.04541836098213,test_x0x1,16.045403979547405
3.1610099134119927,3.3251073970930496,19.128075688593807,test_x0x1,19.12817701925781
3.3225702478631343,3.4267458754144684,21.681936057846208,test_x0x1,21.6819150509409
3.0348321400079556,3.324791110595125,18.459633181631837,test_x0x1,18.4594713037321
3.0563539316077746,3.302786698585886,18.232601570425736,test_x0x1,18.232407208094543
3.4823011394911765,3.1269529509611473,18.239490604347772,test_x0x1,18.239204985943072
3.12011726012042,3.2411435062655607,17.64964412508668,test_x0x1,17.649806308332117
3.294302034717597,3.25522994989023,18.843864717830705,test_x0x1,18.84388599371542
3.2355429709182806,3.3433011224771487,19.82982331940597,test_x0x1,19.83015442198421
3.1784064048070424,3.0047115984690675,14.790671608709498,test_x0x1,14.79096898898675
3.137030525868973,3.2696298660479877,18.159163072929104,test_x0x1,18.158782686030985
3.0331228810193496,3.156139392696223,15.99640983631379,test_x0x1,15.995978049056275
3.184267637335006,3.4062549206472927,20.538435054406214,test_x0x1,20.537910061234697
3.1808515699687807,3.03408800385277,15.170760064870624,test_x0x1,15.17076622601914
3.1761555751751005,3.019574595491791,14.962606499816015,test_x0x1,14.962815132565137
3.4807966630575566,3.0030977065232314,16.63237512487676,test_x0x1,16.632257443823733
3.200548963409384,3.195120605729912,17.431720927923017,test_x0x1,17.43181740316294
3.2812841031367896,3.383740475352964,20.736077951880528,test_x0x1,20.736260565676858
3.2384127388428148,3.3211939284373395,19.504744188608285,test_x0x1,19.50421007236895
3.108152442963265,3.4583943471526197,20.98322930429134,test_x0x1,20.98315145749104
3.0360752824882167,3.032620397596258,14.385157493352281,test_x0x1,14.384963647340632
3.0807077103523226,3.0176082866605576,14.425277533145609,test_x0x1,14.425784544244477
3.3031275475492237,3.016587595456383,15.661558869098403,test_x0x1,15.661646443124996
3.159013033811989,3.4227855841831203,20.667894336234674,test_x0x1,20.66792770375822
3.2353295403688356,3.3702983266167346,20.252506300365468,test_x0x1,20.252336822154778
3.1902339469903405,3.2330024206814447,17.915223548247678,test_x0x1,17.91490888740896
3.2321527242062316,3.30076831071832,19.157192819776398,test_x0x1,19.156636064278494
3.199293387987153,3.122138760228774,16.41996106206163,test_x0x1,16.41994430363297
3.479486258903367,3.294568031352225,20.611795985980972,test_x0x1,20.611963551408223
3.462062325512285,3.1679838819671167,18.663693982866384,test_x0x1,18.66347852060111
3.1155600615309096,3.360419817661995,19.431724839687956,test_x0x1,19.431145640889408
3.390747575372005,3.248584785273296,19.344774087434676,test_x0x1,19.344717334011733
3.025394974147076,3.1957278320816265,16.509193147368983,test_x0x1,16.50905496051961
3.324970446764586,3.2267833167250846,18.61601399801067,test_x0x1,18.61595761721434
3.3417935974470767,3.2818986940196493,19.52921131469252,test_x0x1,19.529023051388975
3.203509130872933,3.4581332336448414,21.501033118593806,test_x0x1,21.501559875655193
3.422272800939173,3.2692536414982487,19.852980712176514,test_x0x1,19.852243258148647
3.4862103446842134,3.1931152130562657,19.177678436404754,test_x0x1,19.17798868903135
3.191226596607226,3.311795679083526,19.09194772046044,test_x0x1,19.091956089490964
3.0567480668598885,3.436611623027224,20.353670923595615,test_x0x1,20.353123174674067
3.3393610394468176,3.148385466608409,17.60384124873182,test_x0x1,17.60401775528978
3.0842586259338267,3.4793810582910467,21.211363317196515,test_x0x1,21.211778735012263
3.4961749202180665,3.036859476004332,17.15833930614758,test_x0x1,17.158534105623094
3.0445577459574866,3.3457202169664475,18.832794798452703,test_x0x1,18.83277727117604
3.4523896626103,3.127904254373715,18.051494063467317,test_x0x1,18.051338364724586
3.0411803078127524,3.2903392661841346,17.967596272374898,test_x0x1,17.96821858122045
3.415856085256359,3.140796412394658,17.98576120377272,test_x0x1,17.985401299346883
3.348606466291188,3.4195594795985924,21.725037176099747,test_x0x1,21.724711870978144
3.0524101588342187,3.449245958817723,20.541040683978174,test_x0x1,20.54083560181236
3.1382330919521846,3.0261678504458716,14.83722045432001,test_x0x1,14.837457637176627
3.4282231527074636,3.126930705868412,17.87884517813012,test_x0x1,17.87904216263903
3.074253099656401,3.362884201105302,19.25379752029579,test_x0x1,19.25415523963677
3.135205140615469,3.0770788581583677,15.470938385305718,test_x0x1,15.470620759453135
3.393228321029432,3.481688267454312,23.042064308557293,test_x0x1,23.042183821464846
3.31784477254105,3.0187000445788668,15.77729442753948,test_x0x1,15.777576604972191
3.3562168393116294,3.448653629819904,22.252305167758006,test_x0x1,22.25216920909389
3.0176517362015036,3.0632157260933104,14.682718227500635,test_x0x1,14.682956029133369
3.41914665990378,3.4245292207453017,22.255754743759045,test_x0x1,22.25611045348047
3.1714160262874986,3.238038722735765,17.883437272267237,test_x0x1,17.88254132899684
3.4677330669187505,3.1521248629177,18.483186146178312,test_x0x1,18.483422406465703
3.4579687257217016,3.3093723941384705,20.691567253005413,test_x0x1,20.691474633565498
3.068751749519965,3.4383596051123537,20.444113504620198,test_x0x1,20.443996177238052
3.1226608509346203,3.2526095894359104,17.830799387430552,test_x0x1,17.830641396376205
3.189428114388228,3.493187459710141,22.014884748280416,test_x0x1,22.015215507238445
3.0577205214773393,3.40430700006808,19.830475629052287,test_x0x1,19.830236328901847
3.024247316497213,3.4064979715100936,19.6969657181249,test_x0x1,19.696914423576402
3.3481564285836822,3.3094735934753943,19.98491744761266,test_x0x1,19.98496446492629
3.447855590521952,3.4278066204144806,22.498245386508383,test_x0x1,22.49847715644951
3.3612055831637644,3.391507680377617,21.349479134372316,test_x0x1,21.349495837300157
3.2296008050560983,3.074298767009181,15.96127574044659,test_x0x1,15.9615774281898
3.0969995818626512,3.155162901683606,16.31112790956792,test_x0x1,16.311270084967227
3.391216880745933,3.1208764832631193,17.557842954783197,test_x0x1,17.557552430943048
3.323545170129067,3.1829801654095005,17.984958945685523,test_x0x1,17.984743620356703
3.413385944056565,3.0804936211265113,17.166806761600334,test_x0x1,17.16656987131253
3.378083227017856,3.1818826642289135,18.30975254102797,test_x0x1,18.309645901317705
3.4629418311540863,3.0144381091412127,16.652553624288554,test_x0x1,16.652256554092443
3.0316584241973863,3.3968074283275747,19.577460543773675,test_x0x1,19.577754479525957
3.0467016582123168,3.0232658404345045,14.321396358932853,test_x0x1,14.321454983453869
3.37328177818111,3.030534493972749,16.2700781003446,test_x0x1,16.269868859832656
3.069259914080517,3.2712536869778988,17.825577620504045,test_x0x1,17.825279309294174
3.3252231106378094,3.0970658909264204,16.827624913312654,test_x0x1,16.827535416249496
3.449409820207343,3.1721599979722708,18.637301139665972,test_x0x1,18.636788461300462
3.3788285963913207,3.1333666068363075,17.64708860421697,test_x0x1,17.647480500919777
3.0039349233629804,3.498999773402784,21.139635367255362,test_x0x1,21.139829150552053
3.010614859890016,3.416592733730258,19.793429000615067,test_x0x1,19.793653178253653
3.0769194672985742,3.122520062078719,15.763112891477139,test_x0x1,15.762925275130414
3.2153280365516768,3.2903666907686957,18.90372204106777,test_x0x1,18.90382982473532
3.32863787609122,3.191556446384116,18.136610684096233,test_x0x1,18.137175238745677
3.4646629060477236,3.2487613705370286,19.83148617079862,test_x0x1,19.831622093167525
3.090794897470831,3.0257000740937126,14.578975000022385,test_x0x1,14.578971969277076
3.2553894961820693,3.4549448556434874,21.746432343420697,test_x0x1,21.746666085196257
3.4016917548838137,3.0217969971657292,16.34194020794981,test_x0x1,16.3422091715911
3.2147197140958284,3.238378578483132,18.131633639481638,test_x0x1,18.13165743709143
3.3989888750789916,3.1708969975201606,18.29024917224562,test_x0x1,18.290643209091915
3.4554115952108,3.3726997759348203,21.658892013511927,test_x0x1,21.65903544896113
3.373803814528065,3.135327136725571,17.64177107151779,test_x0x1,17.64125985176381
3.4672350755193793,3.3429784100184,21.270968957725497,test_x0x1,21.27121718118058
3.395027875411832,3.0098469066221787,16.15040357039679,test_x0x1,16.15029971465505
3.3413297104049535,3.0071025770432165,15.777768605520825,test_x0x1,15.777996635186438
3.296568554298034,3.2195355322135715,18.339176684272097,test_x0x1,18.338909027009432
3.18066698686597,3.361044662377478,19.796171294763617,test_x0x1,19.796441706804018
3.497652571651207,3.0597111925798046,17.459530221108615,test_x0x1,17.459260651007853
3.146210605481217,3.1000701692371933,15.831963974949485,test_x0x1,15.831747520613005
3.225864730806193,3.4759129493366,21.92771234506722,test_x0x1,21.927937641828407
3.0241172208793383,3.366438068314768,19.055260317519597,test_x0x1,19.05584028556753
3.4577399932276216,3.0774775343176017,17.41947293568158,test_x0x1,17.419313914414484
3.434902827012408,3.4824856597324274,23.326227209615855,test_x0x1,23.32592139663826
3.1366777896318845,3.2950535227051887,18.537613412940235,test_x0x1,18.537750052064386
3.3643025095679495,3.2948457325640126,19.864263045650205,test_x0x1,19.8643420159447
3.1243652504584376,3.0840175542309165,15.503092246833464,test_x0x1,15.50330668407522
3.031351921545812,3.0817145121108975,14.99080886662637,test_x0x1,14.990821560546038
3.2756886280326425,3.272625030990553,18.989751634481994,test_x0x1,18.989461324731245
3.297557416559359,3.274652881958681,19.15071674583553,test_x0x1,19.150562298649756
3.418079007874833,3.015439385525263,16.36880341953547,test_x0x1,16.36912560562419
3.0129692533286905,3.1622311226434334,15.979865441426217,test_x0x1,15.979716514879586
3.074795314216818,3.2458329040579765,17.479775741459044,test_x0x1,17.47974527920407
3.2283325478536584,3.0495552792444887,15.635696244104265,test_x0x1,15.635582759113811
3.3915003127129086,3.487725406190148,23.13371719027938,test_x0x1,23.133832310276805
3.3525955876123494,3.022331499923645,16.037195289273985,test_x0x1,16.03720481083219
3.2975992769097418,3.0332813571846833,15.837288990489824,test_x0x1,15.837448851961021
3.441381115573739,3.210193590245426,19.119476853364848,test_x0x1,19.119573398133173
3.1167927517696814,3.452552496548643,20.931510955502883,test_x0x1,20.93179767918293
3.314111192506694,3.0295551367658504,15.890413634566446,test_x0x1,15.890686340425138
3.310843662352372,3.482881097632575,22.548082623700644,test_x0x1,22.547813397836187
3.392300643578819,3.379106024469554,21.348360903280714,test_x0x1,21.348587465630654
3.4224905792891147,3.133856801078993,17.934850775779246,test_x0x1,17.934909790180424
3.3896958577585794,3.4995784073416063,23.32495899862516,test_x0x1,23.325336138264394
3.1338769106597173,3.2164042149507246,17.366315769671385,test_x0x1,17.367170115874327
3.3226450220747896,3.143247404792147,17.430809693528126,test_x0x1,17.430501584281256
3.487713404776942,3.2558082071497214,20.090434459512835,test_x0x1,20.090559791248225
3.157370211599073,3.110912155488049,16.036729677708156,test_x0x1,16.037406820575622
3.12473998744911,3.062823658004655,15.23023787105775,test_x0x1,15.230470084282976
3.3057199619400555,3.312014087377502,19.763027623413034,test_x0x1,19.76307613722327
3.195818606839368,3.36052995732813,19.872901747919677,test_x0x1,19.87297884147432
3.3207004467468493,3.0495766477989585,16.184070708347022,test_x0x1,16.184227988485592
3.2985516738277227,3.0379237483846286,15.901626277026349,test_x0x1,15.901802482579459
3.2873582355148647,3.480057432428357,22.358506013989096,test_x0x1,22.35804883327468
3.4816656627923876,3.2120602543607806,19.41558670571,test_x0x1,19.41539367714729
3.0927892676843154,3.352274179667497,19.183592369731034,test_x0x1,19.18411398488079
3.0194716020084984,3.4904963090178116,21.07084264320022,test_x0x1,21.070766565356084
3.438054651380189,3.482217628543988,23.34243007293747,test_x0x1,23.342513723329333
3.0956839552438296,3.4030384600407424,20.006594184269204,test_x0x1,20.00638276417823
3.2764074121167086,3.085246652529892,16.377686818971924,test_x0x1,16.37738388378106
3.2817753095992277,3.3953134985221354,20.92456047087989,test_x0x1,20.923930921581476
3.3169525047233734,3.496051768682084,22.810032351099167,test_x0x1,22.810230288134377
3.3973116367413914,3.4827140867081154,23.08569300523108,test_x0x1,23.085726080909005
3.126975557834592,3.0039331549319446,14.500058149385772,test_x0x1,14.500167095556217
3.1552188965223125,3.0931760741306147,15.790225950807233,test_x0x1,15.790410185802624
3.141383850687938,3.04666675636564,15.11317896775104,test_x0x1,15.113092373095213
3.410913539035706,3.057985214938636,16.85972868042837,test_x0x1,16.859577967816616
3.289378033085897,3.2237428200245324,18.356441094721248,test_x0x1,18.35653760723947
3.127461505424552,3.393369877096809,20.019432978378152,test_x0x1,20.020019441657954
3.29443823024678,3.2406180945929766,18.63100640282447,test_x0x1,18.630772167709786
3.1150809320093016,3.2153632109571255,17.250717717968147,test_x0x1,17.250921642983783
3.445938888658526,3.013247800450318,16.524526132401153,test_x0x1,16.52459755327765
3.2531861941302638,3.1859878530973043,17.605773268314465,test_x0x1,17.6057856441878
3.349164079458402,3.3950238262076833,21.33067647484092,test_x0x1,21.33036280930254
3.3269954066600307,3.0126024576992796,15.757463076504514,test_x0x1,15.757596443469925
3.005462113558496,3.198869736656439,16.454819693771178,test_x0x1,16.454989246892776
3.099432859260548,3.0681163591153315,15.164082549369281,test_x0x1,15.164280157800023
3.4136291725960044,3.3994644677366788,21.812254771875327,test_x0x1,21.812276720737785
3.253893991336785,3.0308452627255225,15.547078595544567,test_x0x1,15.547259767614458
3.4229371518257388,3.055867795981658,16.910805719021006,test_x0x1,16.910724602069852
3.473388901745375,3.3021969230364823,20.68597165066817,test_x0x1,20.685871540237375
3.0058033031280873,3.276506133639227,17.58414290487258,test_x0x1,17.58430469946206
3.444416068370891,3.0308792985408513,16.734824810559477,test_x0x1,16.734816457845184
3.1600977077870684,3.0876465208120547,15.744393225926618,test_x0x1,15.744161076410123
3.484597743257368,3.014603411503126,16.80057517948719,test_x0x1,16.800648198859967
3.3193628947154092,3.088432755697333,16.678239771565853,test_x0x1,16.67830394477496
3.043307496943323,3.1065239883387106,15.377511510734712,test_x0x1,15.377122801964358
3.4718361950141188,3.250801999140541,19.909549098539888,test_x0x1,19.909589730984177
3.0305614140621824,3.4436438145131585,20.33760496104133,test_x0x1,20.337677280136493
3.011275538980887,3.3441312801646714,18.64158964633742,test_x0x1,18.641564083601274
3.2760525858753002,3.38834585776374,20.778628074158156,test_x0x1,20.77870322740871
3.3136918174793193,3.2658887741427107,19.118354573447988,test_x0x1,19.118362622359772
3.1857572079549716,3.15257709292412,16.756835774038652,test_x0x1,16.75711708385046
3.070706734441365,3.0240918574630404,14.454481411388565,test_x0x1,14.454654201641358
3.125731544633503,3.2393249094733783,17.653231328460084,test_x0x1,17.65297498327517
3.379921104089858,3.456403452468451,22.531059382100786,test_x0x1,22.53128712484773
3.22530568828736,3.24923707237098,18.350551287070992,test_x0x1,18.350516114809633
3.0971367834912757,3.323301341252189,18.75699728597507,test_x0x1,18.757227772878817
3.055964611146417,3.413516899331475,19.970995112650822,test_x0x1,19.971284286732743
3.4628911318037856,3.1515000606866295,18.442160464794327,test_x0x1,18.441943484159093
3.4270343253990947,3.2241421121929554,19.224944797346293,test_x0x1,19.225268926836517
3.128215302968048,3.480706126506194,21.466345492865123,test_x0x1,21.466390290236227
3.0370159801818,3.15854151656732,16.049017288766823,test_x0x1,16.048792376712267
3.0366501779220565,3.0694755459294956,14.858451262431117,test_x0x1,14.85854104101552
3.0883037374395172,3.4032245988907635,19.970959686953943,test_x0x1,19.97096676725745
3.1657056597535327,3.279128155770633,18.457049271386982,test_x0x1,18.456814365287574
3.092463706429054,3.4062086217704173,20.04102329714645,test_x0x1,20.041406788748258
3.1553351794647044,3.051777404125314,15.254319752660075,test_x0x1,15.254435511065688
3.473637577630201,3.2371865145896273,19.723097569861462,test_x0x1,19.723632356766693
3.2673821210723255,3.1199406312992766,16.783551732394926,test_x0x1,16.783630380988615
3.0387364590119046,3.489968499159417,21.158257979055406,test_x0x1,21.1584540659752
3.3860570090726307,3.1777109128525587,18.30222460423348,test_x0x1,18.301909227667448
3.4672715907517304,3.037862298937632,16.975237204986986,test_x0x1,16.975199977204923
3.1875396877397177,3.2986487894681558,18.871630173627665,test_x0x1,18.871823947382946
3.4765795767316723,3.0451897427777737,17.13078890066958,test_x0x1,17.131081709651372
3.0636017716855473,3.0070941328836107,14.206465954327916,test_x0x1,14.206182000473266
3.4585688187364045,3.1877755045098595,18.91640445875294,test_x0x1,18.91645200623426
3.4926151574888924,3.23420190818857,19.80846219629495,test_x0x1,19.808860461687495
3.0036501663507904,3.3510776564019467,18.712450954681415,test_x0x1,18.71297258520247
3.143176215651075,3.40786360983533,20.338283705831532,test_x0x1,20.33884581049147
3.3594348327893213,3.384231366755694,21.221826533417406,test_x0x1,21.22223120007381
3.1220365584638,3.2526867955615435,17.828592355730525,test_x0x1,17.828790401618317
3.024887539695633,3.0990941824866614,15.186600365402771,test_x0x1,15.18715134427679
3.1782881306193174,3.271424432748275,18.412000370155397,test_x0x1,18.4117414133025
3.152249148091081,3.4096229338032766,20.416237153762378,test_x0x1,20.417060376771516
3.331296777455386,3.331136095108384,20.212748974204825,test_x0x1,20.212518649813568
3.0584095235593667,3.4249267813335837,20.169882382033066,test_x0x1,20.169650792828158
3.4639820169443256,3.238993639689807,19.684469792488184,test_x0x1,19.684385125642255
3.3108149077311024,3.060347866338806,16.26166602918049,test_x0x1,16.261457725858723
3.130816399303373,3.0157999079782614,14.667715568728665,test_x0x1,14.668316459063192
3.1168924004254372,3.1722794234703002,16.652841553053975,test_x0x1,16.652626205946966
3.1351630871577596,3.32236708905057,18.945185202608386,test_x0x1,18.945411848080635
3.4787453003806372,3.237684867785594,19.76481329129121,test_x0x1,19.764779996043945
3.3567072539858347,3.278972069795443,19.578401540358136,test_x0x1,19.5777764062561
3.4975319629431607,3.133446282698808,18.43081980825193,test_x0x1,18.431167558489587
3.3700798123849536,3.3706635028738936,21.072940085226072,test_x0x1,21.072635589603465
3.414257061955591,3.034200089021214,16.578918191880867,test_x0x1,16.57939679787923
3.4822155985696077,3.244986979861601,19.894615457493032,test_x0x1,19.894092312518467
3.242825092781096,3.1737222984987135,17.374054948456198,test_x0x1,17.37395313620005
3.495497039246321,3.2644363801217713,20.270680021518654,test_x0x1,20.270234149137536
3.2412864455299424,3.106794149980204,16.45540704422822,test_x0x1,16.455398764725114
3.030248508972292,3.4246795208043275,20.023311462682873,test_x0x1,20.023368420967476
3.398098082482844,3.2953767278106083,20.08719916725527,test_x0x1,20.087037629224316
3.238298331844571,3.2887561989665266,19.011533358082232,test_x0x1,19.011631595847582
3.1804727151627397,3.1691418746158946,16.955723567057177,test_x0x1,16.956362757067946
3.101566463027815,3.2847240678751457,18.194905646899088,test_x0x1,18.194766486062473
3.469660285827693,3.480532230462159,23.52422750659637,test_x0x1,23.52425695511136
3.1393676590878083,3.1708916332120363,16.754285166905852,test_x0x1,16.75454102834306
3.072542419952471,3.3844892880660162,19.587888744825918,test_x0x1,19.58756943421959
3.182747671101431,3.1571608787313714,16.80296595032586,test_x0x1,16.802916665366844
3.1312714442860994,3.2061459738330202,17.20590885762785,test_x0x1,17.205774236289134
3.073922187942393,3.189404620756388,16.66664328516872,test_x0x1,16.66668709312014
3.215038916668778,3.126013798797474,16.5613424609966,test_x0x1,16.56136565917599
3.2519203919802475,3.2689993015240244,18.795889177440515,test_x0x1,18.795260293730394
3.4193193446441006,3.448666464751754,22.65551548686707,test_x0x1,22.655726796003332
3.0433373306808273,3.4038895346837323,19.75060409699429,test_x0x1,19.75075329170473
3.468016423999192,3.455397605061623,23.089907867160047,test_x0x1,23.09008072185257
3.2646789952774293,3.188023824250064,17.701839390364313,test_x0x1,17.70180240825985
3.4119963120545713,3.1961591832327754,18.727987004369606,test_x0x1,18.72791526652854
3.2393545872403138,3.0034953905406465,15.121751450022966,test_x0x1,15.121771995394356
3.113534997005666,3.0938875787095523,15.574714505310201,test_x0x1,15.574787840920722
3.4893306796923964,3.3260267458892265,21.15793066733154,test_x0x1,21.157388843127606
3.00287699066483,3.316732114436105,18.177240872023024,test_x0x1,18.17714593902352
3.34898928779501,3.327135264390285,20.26062379199721,test_x0x1,20.260561179570942
3.423674007320836,3.350275213677784,21.096302402819248,test_x0x1,21.09589203201491
3.29805581551905,3.3857735622773646,20.86909232578755,test_x0x1,20.86901629318377
3.25299866274712,3.4869523952763175,22.27244727173782,test_x0x1,22.272069817358073
3.4156190803435433,3.278384638580732,19.94548204609923,test_x0x1,19.945787325549038
3.145769625359997,3.317303525200107,18.925011993998428,test_x0x1,18.9255839994673
3.0023752168174367,3.3210877290001113,18.24151741421273,test_x0x1,18.24181795971274
3.444351117796246,3.3351795811772096,20.997364831029863,test_x0x1,20.997972847176364
3.4968483114099844,3.1426365525872653,18.550865704525414,test_x0x1,18.55076708554096
3.0588938172611813,3.03512526954824,14.532478340561022,test_x0x1,14.532221949202341
3.1915226163984336,3.006584192305059,14.887072298105634,test_x0x1,14.887371920126865
3.289821830721313,3.4174911309963933,21.332059656228953,test_x0x1,21.33171268910987
3.1701296945954556,3.07041238420039,15.575277199407457,test_x0x1,15.574894951155782
3.243833206644345,3.025533279394452,15.421701881442498,test_x0x1,15.421954981239677
3.198060162467285,3.2562837286209567,18.298931246028836,test_x0x1,18.299266625438328
3.1810070948656697,3.063079594833426,15.541005448810758,test_x0x1,15.540861738418895
3.4345679381404,3.0306076221446627,16.6664290023944,test_x0x1,16.66643550798401
3.387839813491342,3.0637273103788503,16.78508892186164,test_x0x1,16.785273189263165
3.0262583622092607,3.0077875891963144,14.025971191431065,test_x0x1,14.02556053149217
3.019417209921232,3.1787653760330854,16.241301744862916,test_x0x1,16.2416808007726
3.0124255448715203,3.2429695963296354,17.12251527011899,test_x0x1,17.122218446871315
3.284040854019311,3.1541200395006146,17.346001326068478,test_x0x1,17.34650980796393
3.219465895390823,3.35321545684044,19.892203636567828,test_x0x1,19.892213038619776
3.1926080256053977,3.299206541239264,18.908478644815208,test_x0x1,18.908908023702683
3.056540988122007,3.447261739461889,20.52909036860832,test_x0x1,20.52941926762151
3.093668868292908,3.025365093163521,14.589828815970726,test_x0x1,14.589914577899446
3.0228144214127077,3.1249365939886564,15.520666305541978,test_x0x1,15.520836035847244
3.464181289531215,3.4275852470607,22.603444107254056,test_x0x1,22.603658584440005
3.1222596193097925,3.4461411131743684,20.85396756954467,test_x0x1,20.854287343567435
3.449915406135758,3.0200700967126406,16.635842055954022,test_x0x1,16.63521820182934
3.117860287280436,3.00523431604592,14.467352183771716,test_x0x1,14.46755522490702
3.1988667653729133,3.422779132376384,20.889513928897713,test_x0x1,20.88931631734539
3.2687432264252063,3.480105490210761,22.24861071564444,test_x0x1,22.248585647026474
3.087084257588434,3.2129843994526563,17.069164993076477,test_x0x1,17.069633887541336
