problem,noise_level,sample_size,mean_MSE_obs_train,std_MSE_obs_train,MAD_MSE_obs_train,min_MSE_obs_train,std_MSE_obs_train_inliers,n_filtered_out,n_total,n_inliers
new_1_1,0.0001,32,108.26355956324274,166.32932076005255,31.05207677679064,2.13841341589225,24.76902094096085,60,200,140
new_1_1,0.0001,128,50.96376369184488,290.0118222202766,2.1788782916731204,0.060512374014316896,1.5802583188913095,62,200,138
new_1_1,0.0001,512,22.308085597749415,12.939646668162899,6.286647398432131,0.40275092142756,5.36161724176948,108,200,92
new_1_1,0.0001,2048,24.83583404158493,11.170620674170502,6.583733272940936,1.58444098901764,6.2574651033901185,120,200,80
new_1_1,0.001,32,53.77131211504063,94.58882993201311,10.55429915462378,2.10296924617924,7.271307255800068,68,200,132
new_1_1,0.001,128,29.421385681600942,88.1610454158043,2.343906622565134,0.0967440340312209,1.6728710211080642,74,200,126
new_1_1,0.001,512,23.617950695549915,13.156527165165304,6.220810039255497,1.3025298534264897,4.636252545703893,116,200,84
new_1_1,0.001,2048,24.983445784918466,12.240241525895968,6.9029416460241535,2.67407951927769,5.7179475721131405,94,200,106
new_1_1,0.01,32,120.15008235446578,188.3943080446257,31.373018904344995,1.05602382795204,21.294978758655162,64,200,136
new_1_1,0.01,128,52.440436784104975,232.42376495768954,2.58046417667701,0.22920242425080997,1.9273136547477243,60,200,140
new_1_1,0.01,512,21.6895500450337,13.153658029805504,7.3010702071747176,1.3121597114211598,6.114219370720455,72,200,128
new_1_1,0.01,2048,25.256729357208016,10.675028939425461,6.92040071096709,2.739809526169,5.464648079104658,106,200,94
new_1_1,0.1,32,113.65448090175134,397.51606138374257,19.856923629650446,10.752464019025,15.597112451170071,52,200,148
new_1_1,0.1,128,55.69111391804172,71.810288313845,8.278467962498624,15.950258719506252,5.348765788234809,72,200,128
new_1_1,0.1,512,71.89839570715507,14.849551139623168,7.782408045129504,44.453596026609006,6.322709342192205,112,200,88
new_1_1,0.1,2048,71.1673205829341,12.52853996414914,7.76045613260186,48.862117334822486,6.766848649018123,94,200,106
new_1_2,0.0001,32,39.46275215576537,63.437724521298605,10.456864759694476,1.2976599885414402,7.691881686756243,66,200,134
new_1_2,0.0001,128,19.692943842069393,72.14269783802017,2.6657987608353757,0.03966515968609959,2.189396456275698,52,200,148
new_1_2,0.0001,512,22.70829016454447,14.694729082281002,5.6910737536706195,2.56958623745041,4.838887546431353,112,200,88
new_1_2,0.0001,2048,25.022991187210874,12.291699674585107,7.782836929881755,3.7584084115822503,6.240587533014821,76,200,124
new_1_2,0.001,32,57.39672129744427,100.06750517556614,10.583980947191522,1.5336608141923598,7.67425859432111,64,200,136
new_1_2,0.001,128,19.97546661443108,85.74248421749692,2.3973080833512443,0.09999116731044,1.7483493975629192,60,200,140
new_1_2,0.001,512,22.964911816834647,14.54601941703617,5.371695177876253,1.1389999369123602,4.854078425591363,138,200,62
new_1_2,0.001,2048,23.76553208000226,11.326791699425106,7.500300568620395,2.58823937056036,6.578032850013211,84,200,116
new_1_2,0.01,32,84.37848280701157,139.63979242076303,15.867320955519679,1.0651241063522499,9.950655126283857,72,200,128
new_1_2,0.01,128,25.93793002831436,74.9194865382004,2.2216451878442935,0.3072021190117489,1.5370486960434775,66,200,134
new_1_2,0.01,512,23.52746487587093,11.866475614453341,5.716472973789553,2.1723738405062503,5.394420352636533,124,200,76
new_1_2,0.01,2048,26.114627027723174,10.970938759599402,6.74917558163062,2.8877190502410004,5.277818270673278,130,200,70
new_1_2,0.1,32,110.19947381529168,378.43128055807875,18.109262775626995,10.83626786369169,13.871121073299035,58,200,142
new_1_2,0.1,128,52.44962871268203,50.80600947859841,8.89138763266844,19.0287015961,6.4413233672262775,70,200,130
new_1_2,0.1,512,70.5409441664761,13.084060530920523,6.938227188816491,43.56449339587216,5.535109802407414,146,200,54
new_1_2,0.1,2048,71.44219452245379,12.523702497338409,7.640995848847993,48.658241998116,6.523669880419994,90,200,110
new_1_3,0.0001,32,39.46275215576537,63.437724521298605,10.456864759694476,1.2976599885414402,7.691881686756243,66,200,134
new_1_3,0.0001,128,19.692943842069393,72.14269783802017,2.6657987608353757,0.03966515968609959,2.189396456275698,52,200,148
new_1_3,0.0001,512,22.70829016454447,14.694729082281002,5.6910737536706195,2.56958623745041,4.838887546431353,112,200,88
new_1_3,0.0001,2048,25.022991187210874,12.291699674585107,7.782836929881755,3.7584084115822503,6.240587533014821,76,200,124
new_1_3,0.001,32,57.39672129744427,100.06750517556614,10.583980947191522,1.5336608141923598,7.67425859432111,64,200,136
new_1_3,0.001,128,19.97546661443108,85.74248421749692,2.3973080833512443,0.09999116731044,1.7483493975629192,60,200,140
new_1_3,0.001,512,22.964911816834647,14.54601941703617,5.371695177876253,1.1389999369123602,4.854078425591363,138,200,62
new_1_3,0.001,2048,23.76553208000226,11.326791699425106,7.500300568620395,2.58823937056036,6.578032850013211,84,200,116
new_1_3,0.01,32,84.37848280701157,139.63979242076303,15.867320955519679,1.0651241063522499,9.950655126283857,72,200,128
new_1_3,0.01,128,25.93793002831436,74.9194865382004,2.2216451878442935,0.3072021190117489,1.5370486960434775,66,200,134
new_1_3,0.01,512,23.52746487587093,11.866475614453341,5.716472973789553,2.1723738405062503,5.394420352636533,124,200,76
new_1_3,0.01,2048,26.114627027723174,10.970938759599402,6.74917558163062,2.8877190502410004,5.277818270673278,130,200,70
new_1_3,0.1,32,110.19947381529168,378.43128055807875,18.109262775626995,10.83626786369169,13.871121073299035,58,200,142
new_1_3,0.1,128,52.44962871268203,50.80600947859841,8.89138763266844,19.0287015961,6.4413233672262775,70,200,130
new_1_3,0.1,512,70.5409441664761,13.084060530920523,6.938227188816491,43.56449339587216,5.535109802407414,146,200,54
new_1_3,0.1,2048,71.44219452245379,12.523702497338409,7.640995848847993,48.658241998116,6.523669880419994,90,200,110
new_1_4,0.0001,32,73.86315585950405,130.51524189031176,20.915521574639882,1.2976599885414402,15.901699974016893,58,200,142
new_1_4,0.0001,128,50.96376369184488,290.0118222202766,2.1788782916731204,0.060512374014316896,1.5802583188913095,62,200,138
new_1_4,0.0001,512,22.308085597749415,12.939646668162899,6.286647398432131,0.40275092142756,5.36161724176948,108,200,92
new_1_4,0.0001,2048,24.83583404158493,11.170620674170502,6.583733272940936,1.58444098901764,6.2574651033901185,120,200,80
new_1_4,0.001,32,55.58401670624246,97.3836669055418,10.519596691412655,1.5336608141923598,7.284379543256756,67,200,133
new_1_4,0.001,128,29.421385681600942,88.1610454158043,2.343906622565134,0.0967440340312209,1.6728710211080642,74,200,126
new_1_4,0.001,512,23.617950695549915,13.156527165165304,6.220810039255497,1.3025298534264897,4.636252545703893,116,200,84
new_1_4,0.001,2048,24.983445784918466,12.240241525895968,6.9029416460241535,2.67407951927769,5.7179475721131405,94,200,106
new_1_4,0.01,32,120.15008235446578,188.3943080446257,31.373018904344995,1.05602382795204,21.294978758655162,64,200,136
new_1_4,0.01,128,52.440436784104975,232.42376495768954,2.58046417667701,0.22920242425080997,1.9273136547477243,60,200,140
new_1_4,0.01,512,21.6895500450337,13.153658029805504,7.3010702071747176,1.3121597114211598,6.114219370720455,72,200,128
new_1_4,0.01,2048,25.256729357208016,10.675028939425461,6.92040071096709,2.739809526169,5.464648079104658,106,200,94
new_1_4,0.1,32,113.65448090175134,397.51606138374257,19.856923629650446,10.752464019025,15.597112451170071,52,200,148
new_1_4,0.1,128,55.69111391804172,71.810288313845,8.278467962498624,15.950258719506252,5.348765788234809,72,200,128
new_1_4,0.1,512,71.89839570715507,14.849551139623168,7.782408045129504,44.453596026609006,6.322709342192205,112,200,88
new_1_4,0.1,2048,71.1673205829341,12.52853996414914,7.76045613260186,48.862117334822486,6.766848649018123,94,200,106
new_1_5,0.0001,32,73.86315585950405,130.51524189031176,20.915521574639882,1.2976599885414402,15.901699974016893,58,200,142
new_1_5,0.0001,128,35.328353766957136,211.89952207481826,2.445874033693121,0.03966515968609959,1.8956900319224879,58,200,142
new_1_5,0.0001,512,22.50818788114694,13.846479750599446,6.1897547388144005,0.40275092142756,5.025847009776457,114,200,86
new_1_5,0.0001,2048,24.9294126143979,11.744919093900158,7.301805914617502,1.58444098901764,6.023403009233407,101,200,99
new_1_5,0.001,32,57.39672129744427,100.06750517556614,10.583980947191522,1.5336608141923598,7.67425859432111,64,200,136
new_1_5,0.001,128,24.698426148016004,87.0889786554432,2.5072770287256443,0.0967440340312209,1.8244965312352068,65,200,135
new_1_5,0.001,512,23.291431256192283,13.872548239672126,5.793947205227999,1.1389999369123602,4.916462417431069,124,200,76
new_1_5,0.001,2048,24.374488932460363,11.808156219957073,7.096642790339376,2.58823937056036,6.015323256501335,94,200,106
new_1_5,0.01,32,102.26428258073867,166.78534961414223,21.25175219225008,1.05602382795204,15.728000654820601,69,200,131
new_1_5,0.01,128,52.440436784104975,232.42376495768954,2.58046417667701,0.22920242425080997,1.9273136547477243,60,200,140
new_1_5,0.01,512,23.52746487587093,11.866475614453341,5.716472973789553,2.1723738405062503,5.394420352636533,124,200,76
new_1_5,0.01,2048,25.685678192465595,10.832533949822349,6.952698112096165,2.739809526169,5.536110667719185,116,200,84
new_1_5,0.1,32,111.92697735852151,388.0948670702195,18.3494546483205,10.752464019025,14.350408325193628,57,200,143
new_1_5,0.1,128,55.69111391804172,71.810288313845,8.278467962498624,15.950258719506252,5.348765788234809,72,200,128
new_1_5,0.1,512,71.21966993681559,14.011205804705291,7.520780652268002,43.56449339587216,6.241076819448355,128,200,72
new_1_5,0.1,2048,71.44219452245379,12.523702497338409,7.640995848847993,48.658241998116,6.523669880419994,90,200,110
new_2_1,0.0001,32,4.302151250598286,8.594937069011428,1.0365468326643748,0.009073779835832099,0.8353146552652655,54,200,146
new_2_1,0.0001,128,1.423587717430362,6.96631060341178,0.017109191865813035,0.001003022913868369,0.012082504168109255,68,200,132
new_2_1,0.0001,512,0.3407426675936855,2.5295645530386,0.02341716033661595,0.0097139415300489,0.017192224323677327,59,200,141
new_2_1,0.0001,2048,0.8290597781501099,4.818205801431926,0.061343392411211686,0.0125970970295041,0.048342681329262026,56,200,144
new_2_1,0.001,32,4.084060859581416,8.526439700554493,0.8262482414305243,0.001313925768556996,0.6534760819755723,55,200,145
new_2_1,0.001,128,0.6451828908551466,2.473687013037433,0.014399753474260472,0.001613847914271076,0.011052116772979903,66,200,134
new_2_1,0.001,512,0.35001731226493216,2.5379104978651124,0.03111891345986284,0.0135870005756241,0.022994841930964537,56,200,144
new_2_1,0.001,2048,0.558645744424135,3.967403096947013,0.0603425381123968,0.014696669257232401,0.04785935286813693,54,200,146
new_2_1,0.01,32,4.327203009709149,8.58446584248927,0.8748422467011896,0.0060641698649284,0.6372980604832973,62,200,138
new_2_1,0.01,128,1.0027853030513163,5.277184186491506,0.028921300857373974,0.0027362398504464,0.020364963455281788,64,200,136
new_2_1,0.01,512,0.4906329928496008,2.876243611856914,0.02640329880900445,0.018749296353924902,0.01850192322441318,63,200,137
new_2_1,0.01,2048,0.8404820022072497,4.932686156858723,0.0681577532871206,0.019504013406832905,0.05267327739760103,48,200,152
new_2_1,0.1,32,5.8882717583435555,9.765253009938768,1.2336125324221752,0.18614368352743837,0.7746068980595147,62,200,138
new_2_1,0.1,128,1.4183626702409082,1.3815270104223727,0.34559921143485817,0.33885897924440256,0.27633973635302406,60,200,140
new_2_1,0.1,512,1.165865685278904,1.5671182745778829,0.05864676659856516,0.8275589296110756,0.03788070026031106,69,200,131
new_2_1,0.1,2048,1.6962289024404194,5.161650023953326,0.06758082627772499,0.8057716805625795,0.051249337545322356,54,200,146
new_2_2,0.0001,32,4.303749549317968,8.59600028373172,1.0520574264198679,0.0090748924645729,0.8460174370485125,50,200,150
new_2_2,0.0001,128,1.423587717430362,6.96631060341178,0.017109191865813035,0.001003022913868369,0.012082504168109255,68,200,132
new_2_2,0.0001,512,0.3407426675936855,2.5295645530386,0.02341716033661595,0.0097139415300489,0.017192224323677327,59,200,141
new_2_2,0.0001,2048,0.8223641801899236,4.788124914935914,0.06121309615842835,0.0125970970295041,0.04781763523319153,56,200,144
new_2_2,0.001,32,4.127948618542071,8.524920105230732,0.8275567427434792,0.001313925768556996,0.6711316295742966,56,200,144
new_2_2,0.001,128,0.6451828908551466,2.473687013037433,0.014399753474260472,0.001613847914271076,0.011052116772979903,66,200,134
new_2_2,0.001,512,0.3467274239186988,2.5257513963120695,0.026722118761217405,0.008517872330982399,0.017709501158550127,66,200,134
new_2_2,0.001,2048,0.558645744424135,3.967403096947013,0.0603425381123968,0.014696669257232401,0.04785935286813693,54,200,146
new_2_2,0.01,32,4.574938822808957,8.614892296857883,1.0372844179915108,0.0060641698649284,0.7889354520496158,61,200,139
new_2_2,0.01,128,1.5301874166047145,7.266635685705721,0.03812312261664395,0.0027362398504464,0.031224644220986697,64,200,136
new_2_2,0.01,512,0.4874616736264191,2.878849725371793,0.0220110916801798,0.018749296353924902,0.01594505946296362,66,200,134
new_2_2,0.01,2048,0.8385545851184462,4.933082953646541,0.06183514954400041,0.019504013406832905,0.04933992877089669,48,200,152
new_2_2,0.1,32,5.790806636552571,9.621020574428684,1.1149916791723355,0.18614368352743837,0.7560851219370015,62,200,138
new_2_2,0.1,128,1.4183626702409082,1.3815270104223727,0.34559921143485817,0.33885897924440256,0.27633973635302406,60,200,140
new_2_2,0.1,512,1.156798293397765,1.5600079902747017,0.06721448165600008,0.8345486993127769,0.047955065484180895,62,200,138
new_2_2,0.1,2048,1.6962289024404194,5.161650023953326,0.06758082627772499,0.8057716805625795,0.051249337545322356,54,200,146
new_2_3,0.0001,32,4.302151250598286,8.594937069011428,1.0365468326643748,0.009073779835832099,0.8353146552652655,54,200,146
new_2_3,0.0001,128,1.5008143319691087,7.382089560855444,0.015457295814314428,0.001003022913868369,0.012032314769934166,66,200,134
new_2_3,0.0001,512,0.33744697958197345,2.5212798831931575,0.022475337502712998,0.010319070334980624,0.01662568681781905,58,200,142
new_2_3,0.0001,2048,0.8290597781501099,4.818205801431926,0.061343392411211686,0.0125970970295041,0.048342681329262026,56,200,144
new_2_3,0.001,32,4.084060859581416,8.526439700554493,0.8262482414305243,0.001313925768556996,0.6534760819755723,55,200,145
new_2_3,0.001,128,0.6451828908551466,2.473687013037433,0.014399753474260472,0.001613847914271076,0.011052116772979903,66,200,134
new_2_3,0.001,512,0.35001731226493216,2.5379104978651124,0.03111891345986284,0.0135870005756241,0.022994841930964537,56,200,144
new_2_3,0.001,2048,0.558645744424135,3.967403096947013,0.0603425381123968,0.014696669257232401,0.04785935286813693,54,200,146
new_2_3,0.01,32,4.327203009709149,8.58446584248927,0.8748422467011896,0.0060641698649284,0.6372980604832973,62,200,138
new_2_3,0.01,128,0.4753831894979186,1.5278253176813308,0.02021421419618462,0.0032910479549343365,0.015261215559187843,60,200,140
new_2_3,0.01,512,0.4874616736264191,2.878849725371793,0.0220110916801798,0.018749296353924902,0.01594505946296362,66,200,134
new_2_3,0.01,2048,0.8404820022072497,4.932686156858723,0.0681577532871206,0.019504013406832905,0.05267327739760104,48,200,152
new_2_3,0.1,32,5.8882717583435555,9.765253009938768,1.2336125324221752,0.18614368352743837,0.7746068980595147,62,200,138
new_2_3,0.1,128,1.452091880511764,1.4018994615047233,0.3810202330367422,0.34184808303861763,0.3343429779765181,52,200,148
new_2_3,0.1,512,1.156798293397765,1.5600079902747017,0.06721448165600008,0.8345486993127769,0.047955065484180895,62,200,138
new_2_3,0.1,2048,1.7013242741310564,5.193382490528179,0.07210804373973012,0.8057716805625795,0.06092231349384464,44,200,156
new_2_4,0.0001,32,4.303749549317968,8.59600028373172,1.0520574264198679,0.0090748924645729,0.8460174370485125,50,200,150
new_2_4,0.0001,128,1.5008143319691087,7.382089560855444,0.015457295814314428,0.001003022913868369,0.012032314769934166,66,200,134
new_2_4,0.0001,512,0.3440383556053975,2.5378178765041226,0.025171046471938102,0.0097139415300489,0.017053387564856942,62,200,138
new_2_4,0.0001,2048,0.8290597781501099,4.818205801431926,0.061343392411211686,0.0125970970295041,0.048342681329262026,56,200,144
new_2_4,0.001,32,4.084060859581416,8.526439700554493,0.8262482414305243,0.001313925768556996,0.6534760819755723,55,200,145
new_2_4,0.001,128,0.6451828908551466,2.473687013037433,0.014399753474260472,0.001613847914271076,0.011052116772979903,66,200,134
new_2_4,0.001,512,0.35001731226493216,2.5379104978651124,0.03111891345986284,0.0135870005756241,0.022994841930964537,56,200,144
new_2_4,0.001,2048,0.558645744424135,3.967403096947013,0.0603425381123968,0.014696669257232401,0.04785935286813693,54,200,146
new_2_4,0.01,32,4.327203009709149,8.58446584248927,0.8748422467011896,0.0060641698649284,0.6372980604832973,62,200,138
new_2_4,0.01,128,0.4753831894979186,1.5278253176813308,0.02021421419618462,0.0032910479549343365,0.015261215559187843,60,200,140
new_2_4,0.01,512,0.4906329928496008,2.876243611856914,0.02640329880900445,0.018749296353924902,0.01850192322441318,63,200,137
new_2_4,0.01,2048,0.842409419296053,4.932288571177072,0.06982612065696395,0.020778126974440002,0.05632529843139463,48,200,152
new_2_4,0.1,32,5.790806636552571,9.621020574428684,1.1149916791723355,0.18614368352743837,0.7560851219370015,62,200,138
new_2_4,0.1,128,1.4183626702409082,1.3815270104223727,0.34559921143485817,0.33885897924440256,0.27633973635302406,60,200,140
new_2_4,0.1,512,1.165865685278904,1.5671182745778829,0.05864676659856516,0.8275589296110756,0.037880700260311054,69,200,131
new_2_4,0.1,2048,1.7013242741310564,5.193382490528179,0.07210804373973012,0.8057716805625795,0.06092231349384464,44,200,156
new_2_5,0.0001,32,4.303749549317968,8.59600028373172,1.0520574264198679,0.0090748924645729,0.8460174370485125,50,200,150
new_2_5,0.0001,128,1.423587717430362,6.96631060341178,0.017109191865813035,0.001003022913868369,0.012082504168109255,68,200,132
new_2_5,0.0001,512,0.3407426675936855,2.5295645530386,0.02341716033661595,0.0097139415300489,0.017192224323677327,59,200,141
new_2_5,0.0001,2048,0.8290597781501099,4.818205801431926,0.061343392411211686,0.0125970970295041,0.048342681329262026,56,200,144
new_2_5,0.001,32,4.127948618542071,8.524920105230732,0.8275567427434792,0.001313925768556996,0.6711316295742966,56,200,144
new_2_5,0.001,128,0.6451828908551466,2.473687013037433,0.014399753474260472,0.001613847914271076,0.011052116772979903,66,200,134
new_2_5,0.001,512,0.35001731226493216,2.5379104978651124,0.03111891345986284,0.0135870005756241,0.022994841930964537,56,200,144
new_2_5,0.001,2048,0.558645744424135,3.967403096947013,0.0603425381123968,0.014696669257232401,0.04785935286813693,54,200,146
new_2_5,0.01,32,4.822674635908765,8.638073968858464,1.273590719371113,0.011127047250432402,0.9611275285617329,60,200,140
new_2_5,0.01,128,1.0027853030513163,5.277184186491506,0.028921300857373974,0.0027362398504464,0.020364963455281788,64,200,136
new_2_5,0.01,512,0.4874616736264191,2.878849725371793,0.0220110916801798,0.018749296353924902,0.01594505946296362,66,200,134
new_2_5,0.01,2048,0.8404820022072497,4.932686156858723,0.0681577532871206,0.019504013406832905,0.05267327739760104,48,200,152
new_2_5,0.1,32,5.693341514761587,9.473585016626572,1.0473657851420395,0.35007551891523997,0.7368949234980491,62,200,138
new_2_5,0.1,128,1.452091880511764,1.4018994615047233,0.3810202330367422,0.34184808303861763,0.3343429779765181,52,200,148
new_2_5,0.1,512,1.156798293397765,1.5600079902747017,0.06721448165600008,0.8345486993127769,0.047955065484180895,62,200,138
new_2_5,0.1,2048,1.6962289024404194,5.161650023953326,0.06758082627772499,0.8057716805625795,0.051249337545322356,54,200,146
new_3_1,0.0001,32,1.5238450985434582,4.153583849755403,0.42641261656080853,0.008527473436262398,0.3638464663811421,38,200,162
new_3_1,0.0001,128,0.30621974883302366,1.5620597821803341,0.023688095022884915,0.0009975978854615288,0.01657178051333032,69,200,131
new_3_1,0.0001,512,0.21114768048291574,0.335250978454882,0.05171792472333494,0.0158583598628004,0.035640959315798665,58,200,142
new_3_1,0.0001,2048,0.15277169818210407,0.1756362746465414,0.06746254520721526,0.01321297373529,0.05880721122955701,46,200,154
new_3_1,0.001,32,1.5677269820543769,4.208208083598279,0.35942590893936005,0.0055030358880024995,0.317101692418338,34,200,166
new_3_1,0.001,128,0.5200144108775071,2.615455162872538,0.015578715988879251,0.0008427403194000999,0.011944344472733202,59,200,141
new_3_1,0.001,512,0.21289115649686852,0.34759930628860053,0.03856894774507996,0.016561666897779603,0.0306868451380169,58,200,142
new_3_1,0.001,2048,0.1500366160964499,0.17506951693293188,0.0680461159119776,0.016307532630902503,0.05872006535200151,44,200,156
new_3_1,0.01,32,1.2588971292138353,3.3260826974101634,0.39708538436319996,0.005097914304102399,0.32513915099182983,40,200,160
new_3_1,0.01,128,0.7671280813970293,3.3047551335294427,0.02771447614446565,0.0047249373897124,0.0184282574475979,68,200,132
new_3_1,0.01,512,0.22302593702225862,0.35008421293803127,0.04860066592879346,0.0245224763399716,0.03624369727338429,60,200,140
new_3_1,0.01,2048,0.15556807497517877,0.17233911483161996,0.06915562842243594,0.0219889572598276,0.06272959830746175,37,200,163
new_3_1,0.1,32,1.7454522499861553,3.84520116501307,0.2897275451008799,0.15663196946370492,0.22259914507782824,62,200,138
new_3_1,0.1,128,1.8890209058299825,2.3989424751741923,0.29998375158314505,0.36113284981488997,0.21999023326910996,66,200,134
new_3_1,0.1,512,0.9488411582427239,0.25163755590162146,0.05730677156261882,0.7475886164724849,0.0399599728408978,64,200,136
new_3_1,0.1,2048,0.9458685354163339,0.1558275826627036,0.06925603288365761,0.7807866018136901,0.052597869993311244,56,200,144
new_3_2,0.0001,32,1.5238450985434582,4.153583849755403,0.42641261656080853,0.008527473436262398,0.3638464663811421,38,200,162
new_3_2,0.0001,128,0.30621974883302366,1.5620597821803341,0.023688095022884915,0.0009975978854615288,0.01657178051333032,69,200,131
new_3_2,0.0001,512,0.2092906415430538,0.33585526641114805,0.04693680761445014,0.010789615502209474,0.0348451597642317,58,200,142
new_3_2,0.0001,2048,0.15553086959381543,0.17460838931121123,0.0674854485780832,0.01321297373529,0.05672224229100778,50,200,150
new_3_2,0.001,32,1.587641217903978,4.262728735066564,0.35114557420613524,0.0044342054594289,0.29728080726822775,38,200,162
new_3_2,0.001,128,0.5200144108775071,2.615455162872538,0.015578715988879251,0.0008427403194000999,0.011944344472733202,59,200,141
new_3_2,0.001,512,0.20853225567604683,0.3346768673657862,0.038414569708811165,0.0179965847068225,0.031771797997202304,56,200,144
new_3_2,0.001,2048,0.1500366160964499,0.17506951693293188,0.0680461159119776,0.016307532630902503,0.05872006535200151,44,200,156
new_3_2,0.01,32,1.209961385334797,3.254405957837563,0.37040216471317555,0.005097914304102399,0.32049406040736655,35,200,165
new_3_2,0.01,128,0.7671280813970293,3.3047551335294427,0.02771447614446565,0.0047249373897124,0.0184282574475979,68,200,132
new_3_2,0.01,512,0.22302593702225862,0.35008421293803127,0.04860066592879346,0.0245224763399716,0.03624369727338429,60,200,140
new_3_2,0.01,2048,0.14959682682824624,0.16861423393950323,0.0656487252664692,0.0219893339097601,0.057284206443969914,42,200,158
new_3_2,0.1,32,1.7257501496452516,3.8138683940225793,0.29856403601094494,0.15464269178832252,0.22536279293490108,58,200,142
new_3_2,0.1,128,0.7818986803182719,0.4296837684234187,0.21723373983388355,0.29897624208384005,0.17142970310621283,46,200,154
new_3_2,0.1,512,0.9488411582427239,0.25163755590162146,0.05730677156261882,0.7475886164724849,0.0399599728408978,64,200,136
new_3_2,0.1,2048,0.9464369417441416,0.15600505524018787,0.07137532789224715,0.7807866018136901,0.0559418446564927,54,200,146
new_3_3,0.0001,32,1.1773838308082383,3.101769627068622,0.37821860698624077,0.008527473436262398,0.3446879869521313,30,200,170
new_3_3,0.0001,128,0.3135278854067285,1.558003423670215,0.025212417089625266,0.0013058488004409,0.017786043759090747,68,200,132
new_3_3,0.0001,512,0.21114768048291574,0.335250978454882,0.05171792472333494,0.0158583598628004,0.035640959315798665,58,200,142
new_3_3,0.0001,2048,0.15553086959381543,0.17460838931121123,0.0674854485780832,0.01321297373529,0.05672224229100778,50,200,150
new_3_3,0.001,32,1.5677269820543769,4.208208083598279,0.35942590893936005,0.0055030358880024995,0.317101692418338,34,200,166
new_3_3,0.001,128,0.5200144108775071,2.615455162872538,0.015578715988879251,0.0008427403194000999,0.011944344472733202,59,200,141
new_3_3,0.001,512,0.21289115649686852,0.34759930628860053,0.03856894774507996,0.016561666897779603,0.0306868451380169,58,200,142
new_3_3,0.001,2048,0.1500366160964499,0.17506951693293188,0.0680461159119776,0.016307532630902503,0.05872006535200151,44,200,156
new_3_3,0.01,32,1.209961385334797,3.254405957837563,0.37040216471317555,0.005097914304102399,0.32049406040736655,35,200,165
new_3_3,0.01,128,0.7671280813970293,3.3047551335294427,0.02771447614446565,0.0047249373897124,0.0184282574475979,68,200,132
new_3_3,0.01,512,0.2178033787020416,0.3497003174236136,0.047116281661465045,0.017350885502017598,0.029229740965241786,63,200,137
new_3_3,0.01,2048,0.14959682682824624,0.16861423393950323,0.0656487252664692,0.0219893339097601,0.057284206443969914,42,200,158
new_3_3,0.1,32,1.7060480493043482,3.7821729214409845,0.30093371855718,0.15464269178832252,0.22406276018535698,56,200,144
new_3_3,0.1,128,1.8890209058299825,2.3989424751741923,0.29998375158314505,0.36113284981488997,0.21999023326910996,66,200,134
new_3_3,0.1,512,0.935287563318159,0.23525867675956658,0.055102901145644756,0.7670325588356025,0.040151377358320965,58,200,142
new_3_3,0.1,2048,0.9464369417441416,0.15600505524018787,0.07137532789224715,0.7807866018136901,0.0559418446564927,54,200,146
new_3_4,0.0001,32,1.870306366278678,4.964097659029328,0.5058685821467683,0.008530742738480401,0.4319909095963519,38,200,162
new_3_4,0.0001,128,0.29891161225931895,1.566071359660731,0.020323959404566605,0.0009975978854615288,0.015122322174335134,70,200,130
new_3_4,0.0001,512,0.2092906415430538,0.33585526641114805,0.04693680761445014,0.010789615502209474,0.0348451597642317,58,200,142
new_3_4,0.0001,2048,0.15277169818210407,0.1756362746465414,0.06746254520721526,0.01321297373529,0.05880721122955701,46,200,154
new_3_4,0.001,32,1.5677269820543769,4.208208083598279,0.35942590893936005,0.0055030358880024995,0.317101692418338,34,200,166
new_3_4,0.001,128,0.5200144108775071,2.615455162872538,0.015578715988879251,0.0008427403194000999,0.011944344472733202,59,200,141
new_3_4,0.001,512,0.20853225567604683,0.3346768673657862,0.038414569708811165,0.0179965847068225,0.031771797997202304,56,200,144
new_3_4,0.001,2048,0.1500366160964499,0.17506951693293188,0.0680461159119776,0.016307532630902503,0.05872006535200151,44,200,156
new_3_4,0.01,32,1.1610256414557585,3.1803579492473273,0.36281056631282377,0.0051016249064356,0.3083415936797583,32,200,168
new_3_4,0.01,128,0.7671280813970293,3.3047551335294427,0.02771447614446565,0.0047249373897124,0.0184282574475979,68,200,132
new_3_4,0.01,512,0.21780337870204164,0.3497003174236136,0.047116281661465045,0.017350885502017598,0.029229740965241786,63,200,137
new_3_4,0.01,2048,0.14959682682824624,0.16861423393950323,0.0656487252664692,0.0219893339097601,0.057284206443969914,42,200,158
new_3_4,0.1,32,1.7454522499861553,3.84520116501307,0.2897275451008799,0.15663196946370492,0.22259914507782824,62,200,138
new_3_4,0.1,128,1.3354597930741272,1.8104547286104262,0.24474973104920367,0.29897624208384005,0.17325351502613784,60,200,140
new_3_4,0.1,512,0.9623947531672888,0.2663212871483547,0.062161426106645046,0.7475886164724849,0.0435469980829888,64,200,136
new_3_4,0.1,2048,0.9464369417441416,0.15600505524018787,0.07137532789224715,0.7807866018136901,0.0559418446564927,54,200,146
new_3_5,0.0001,32,1.1773838308082383,3.101769627068622,0.37821860698624077,0.008527473436262398,0.3446879869521313,30,200,170
new_3_5,0.0001,128,0.30621974883302366,1.5620597821803341,0.023688095022884915,0.0009975978854615288,0.01657178051333032,69,200,131
new_3_5,0.0001,512,0.2092906415430538,0.33585526641114805,0.04693680761445014,0.010789615502209474,0.0348451597642317,58,200,142
new_3_5,0.0001,2048,0.15553086959381543,0.17460838931121123,0.0674854485780832,0.01321297373529,0.05672224229100778,50,200,150
new_3_5,0.001,32,1.5776840999791772,4.2355678974868844,0.3560799286225983,0.0044342054594289,0.31456419098101857,34,200,166
new_3_5,0.001,128,0.5366304482250527,2.758244105790955,0.016186177455717703,0.0008427403194000999,0.012604470774542867,58,200,142
new_3_5,0.001,512,0.21289115649686852,0.34759930628860053,0.03856894774507996,0.016561666897779603,0.0306868451380169,58,200,142
new_3_5,0.001,2048,0.1500366160964499,0.17506951693293188,0.0680461159119776,0.016307532630902503,0.05872006535200151,44,200,156
new_3_5,0.01,32,1.209961385334797,3.254405957837563,0.37040216471317555,0.005097914304102399,0.32049406040736655,35,200,165
new_3_5,0.01,128,0.7671280813970293,3.3047551335294427,0.02771447614446565,0.0047249373897124,0.0184282574475979,68,200,132
new_3_5,0.01,512,0.21780337870204164,0.3497003174236136,0.047116281661465045,0.017350885502017598,0.029229740965241786,63,200,137
new_3_5,0.01,2048,0.14959682682824624,0.16861423393950323,0.0656487252664692,0.0219893339097601,0.057284206443969914,42,200,158
new_3_5,0.1,32,1.7454522499861553,3.84520116501307,0.2897275451008799,0.15663196946370492,0.22259914507782824,62,200,138
new_3_5,0.1,128,1.8890209058299825,2.3989424751741923,0.29998375158314505,0.36113284981488997,0.21999023326910996,66,200,134
new_3_5,0.1,512,0.9488411582427239,0.25163755590162146,0.05730677156261882,0.7475886164724849,0.0399599728408978,64,200,136
new_3_5,0.1,2048,0.9464369417441416,0.15600505524018787,0.07137532789224715,0.7807866018136901,0.0559418446564927,54,200,146
new_4_1,0.0001,32,68.70554788745108,82.10297392360364,32.52550106657962,0.3619647213558016,26.913563691166722,46,200,154
new_4_1,0.0001,128,95.2665599559508,483.70502706122585,1.3433232377806943,0.09121475151684,0.9852933806549028,68,200,132
new_4_1,0.0001,512,17.886979218562978,11.659800429928499,5.889451501329433,2.565750425616,4.813602432848936,61,200,139
new_4_1,0.0001,2048,22.53238571306015,10.84784668100135,6.078102010240123,1.9412032434784898,5.258782819669311,124,200,76
new_4_1,0.001,32,57.50531645746992,64.6518122766125,28.21863071141663,0.5825362745476096,23.601802689361076,21,100,79
new_4_1,0.001,128,91.6870741813007,475.5344670287084,1.6153141320556887,0.20475950801296,1.2400892494908704,62,200,138
new_4_1,0.001,512,17.74294166049769,11.475897494246235,5.532995037689625,2.3263128258502497,4.410085054159149,68,200,132
new_4_1,0.001,2048,20.930174788676013,10.749412187198061,8.250738721586446,2.2985276752281596,7.129282065927325,62,200,138
new_4_1,0.01,32,58.526191028615045,65.32219403676635,27.970750907180076,0.35974894378556255,23.009983466452343,49,200,151
new_4_1,0.01,128,69.33289056814175,307.1631119379195,2.0101742440687196,0.54031496774544,1.499066842196401,67,200,133
new_4_1,0.01,512,18.53230682051784,9.958400021383698,5.435530496714402,4.37403928953616,4.31459125105452,72,200,128
new_4_1,0.01,2048,22.163539013125714,11.113289413197897,7.704128365673819,3.3005892829057597,6.337447923800858,70,200,130
new_4_1,0.1,32,140.9950558662146,241.82296761633785,51.305003153936,15.28529118502464,43.40353690475085,48,200,152
new_4_1,0.1,128,64.52434213922066,41.97955844039616,6.046752088762659,26.82886114069056,4.530507627569099,156,200,44
new_4_1,0.1,512,58.385633518863095,11.862405994871292,6.303527799091555,40.14036335354929,4.139257945452252,82,200,118
new_4_1,0.1,2048,67.2268511572543,13.341528026675325,7.100307681582759,43.72963567221769,5.703342293209777,118,200,82
new_4_2,0.0001,32,80.77100081641929,95.21304445852637,34.2939287927068,0.6183033099030225,26.275371274459864,56,200,144
new_4_2,0.0001,128,95.2665599559508,483.70502706122585,1.3433232377806943,0.09121475151684,0.9852933806549028,68,200,132
new_4_2,0.0001,512,18.379339340519312,10.849517602261908,6.447732776288717,2.565750425616,5.198673364535626,54,200,146
new_4_2,0.0001,2048,22.65911585445024,11.022656585377879,7.1255103639859225,1.9412032434784898,5.896297006313578,92,200,108
new_4_2,0.001,32,55.70745494785235,65.59972889582106,27.189300342644497,0.50465935107844,22.86058339371169,42,200,158
new_4_2,0.001,128,104.70426318889757,546.633099082564,1.6687398650440954,0.16902195667984002,1.2980204284199135,61,200,139
new_4_2,0.001,512,17.74294166049769,11.475897494246235,5.532995037689625,2.3263128258502497,4.410085054159149,68,200,132
new_4_2,0.001,2048,22.743740968540173,12.354106835955921,7.817641674074524,2.3809952786467603,6.221851560559618,78,200,122
new_4_2,0.01,32,58.755713426075836,65.44818901999574,27.67953589563106,0.35974894378556255,22.416613517977975,50,200,150
new_4_2,0.01,128,69.33289056814174,307.1631119379195,2.0101742440687196,0.54031496774544,1.499066842196401,67,200,133
new_4_2,0.01,512,18.241365619978865,9.835919399559042,5.286915936990027,3.0944352727404905,4.062220824113721,80,200,120
new_4_2,0.01,2048,22.122690460619733,11.124427804699744,7.91317912568982,3.8625943333825603,6.60426946290821,64,200,136
new_4_2,0.1,32,134.2336723495914,187.54532423242244,54.51217597289621,14.89718296603161,46.55217214024961,46,200,154
new_4_2,0.1,128,74.67469150923822,62.75639185427544,7.952045572074983,29.746958103559844,5.457110280334073,106,200,94
new_4_2,0.1,512,58.575385077560966,11.311763258934745,5.636191212705956,40.513422315240256,3.692478236795315,88,200,112
new_4_2,0.1,2048,67.2268511572543,13.341528026675325,7.100307681582759,43.72963567221769,5.703342293209777,118,200,82
new_4_3,0.0001,32,80.77100081641929,95.21304445852637,34.2939287927068,0.6183033099030225,26.275371274459864,56,200,144
new_4_3,0.0001,128,95.2665599559508,483.7050270612259,1.3433232377806943,0.09121475151684,0.9852933806549029,68,200,132
new_4_3,0.0001,512,18.379339340519312,10.849517602261908,6.447732776288717,2.565750425616,5.198673364535626,54,200,146
new_4_3,0.0001,2048,22.53238571306015,10.84784668100135,6.078102010240123,1.9412032434784898,5.258782819669311,124,200,76
new_4_3,0.001,32,53.90959343823477,66.64307345807748,26.262772348112605,0.50465935107844,22.14351882016931,42,200,158
new_4_3,0.001,128,104.70426318889757,546.633099082564,1.6687398650440954,0.16902195667984002,1.2980204284199135,61,200,139
new_4_3,0.001,512,17.74294166049769,11.475897494246235,5.532995037689625,2.3263128258502497,4.410085054159149,68,200,132
new_4_3,0.001,2048,20.930174788676013,10.749412187198061,8.250738721586446,2.2985276752281596,7.129282065927325,62,200,138
new_4_3,0.01,32,58.755713426075836,65.44818901999574,27.67953589563106,0.35974894378556255,22.416613517977975,50,200,150
new_4_3,0.01,128,69.33289056814175,307.1631119379195,2.0101742440687196,0.54031496774544,1.499066842196401,67,200,133
new_4_3,0.01,512,18.53230682051784,9.958400021383698,5.435530496714402,4.37403928953616,4.31459125105452,72,200,128
new_4_3,0.01,2048,22.122690460619733,11.124427804699744,7.91317912568982,3.8625943333825603,6.60426946290821,64,200,136
new_4_3,0.1,32,140.9950558662146,241.82296761633785,51.305003153936,15.28529118502464,43.40353690475085,48,200,152
new_4_3,0.1,128,69.59951682422944,53.630316565852745,7.026312348459999,26.82886114069056,4.963017173637116,146,200,54
new_4_3,0.1,512,58.575385077560966,11.311763258934745,5.636191212705956,40.513422315240256,3.692478236795315,88,200,112
new_4_3,0.1,2048,66.21850190541525,12.662460869338245,7.678540776075497,43.72963567221769,6.490091895744345,96,200,104
new_4_4,0.0001,32,80.77100081641929,95.21304445852637,34.2939287927068,0.6183033099030225,26.275371274459864,56,200,144
new_4_4,0.0001,128,102.2838749816249,474.4834772079608,1.2908455560017182,0.09121475151684,0.9115224048483358,68,200,132
new_4_4,0.0001,512,18.379339340519312,10.849517602261908,6.447732776288717,2.565750425616,5.198673364535626,54,200,146
new_4_4,0.0001,2048,22.53238571306015,10.84784668100135,6.078102010240123,1.9412032434784898,5.258782819669311,124,200,76
new_4_4,0.001,32,57.50531645746991,64.48916595032598,28.21863071141663,0.5825362745476096,23.52651764048917,42,200,158
new_4_4,0.001,128,117.72145219649443,609.2141358230191,1.7361054415811197,0.16902195667984002,1.352682007913882,60,200,140
new_4_4,0.001,512,17.74294166049769,11.475897494246235,5.532995037689625,2.3263128258502497,4.410085054159149,68,200,132
new_4_4,0.001,2048,20.930174788676013,10.749412187198061,8.250738721586446,2.2985276752281596,7.129282065927325,62,200,138
new_4_4,0.01,32,58.755713426075836,65.44818901999574,27.67953589563106,0.35974894378556255,22.416613517977975,50,200,150
new_4_4,0.01,128,82.11374659392008,356.2611229135933,1.9773440586775197,0.54031496774544,1.47222125306537,68,200,132
new_4_4,0.01,512,18.241365619978865,9.835919399559042,5.286915936990027,3.0944352727404905,4.062220824113721,80,200,120
new_4_4,0.01,2048,22.122690460619733,11.124427804699744,7.91317912568982,3.8625943333825603,6.60426946290821,64,200,136
new_4_4,0.1,32,134.2336723495914,187.54532423242244,54.51217597289621,14.89718296603161,46.55217214024961,46,200,154
new_4_4,0.1,128,69.59951682422944,53.630316565852745,7.026312348459999,26.82886114069056,4.963017173637116,146,200,54
new_4_4,0.1,512,58.575385077560966,11.311763258934745,5.636191212705956,40.513422315240256,3.692478236795315,88,200,112
new_4_4,0.1,2048,66.21850190541525,12.662460869338245,7.678540776075497,43.72963567221769,6.490091895744345,96,200,104
new_5_1,0.0001,32,9.338718275083005,19.700928846877826,2.758080835038566,0.37896958989760365,2.1360538061150236,60,200,140
new_5_1,0.0001,128,0.3726431342954999,1.0038218972803603,0.07606963034438705,0.0259999983985225,0.05926370851513557,55,200,145
new_5_1,0.0001,512,0.6268619886672407,0.6755169549470188,0.1589971146646354,0.15602507900001,0.11146948544704596,60,200,140
new_5_1,0.0001,2048,0.8213783597520523,0.6932544984741859,0.15017285516343667,0.27038741614640993,0.11801243738934088,62,200,138
new_5_1,0.001,32,11.239686226931221,26.71712893593475,2.916373351457991,0.7277800194880575,2.289595196791065,52,200,148
new_5_1,0.001,128,0.39971454943575735,1.2166904574278217,0.08673599778938051,0.0330203230535025,0.06726683187152689,55,200,145
new_5_1,0.001,512,0.6263722514315327,0.70168405935391,0.15935006829957496,0.14214468363264,0.11723825359237808,63,200,137
new_5_1,0.001,2048,0.744679398480145,0.6283892497933075,0.13337269181191502,0.19877615898624,0.08553819001883829,76,200,124
new_5_1,0.01,32,10.890758110654915,26.701857002156103,2.7211443213972,0.6665032452122499,2.2050711456620795,59,200,141
new_5_1,0.01,128,0.4795947680956424,1.0902929402532693,0.0990229566077046,0.0390568105737616,0.08050231231760475,46,200,154
new_5_1,0.01,512,0.7047466735670369,0.8563750764864378,0.15443602803719866,0.19145142016462438,0.11760882279749785,58,200,142
new_5_1,0.01,2048,0.7944878989228704,0.6762525396256771,0.16973746073479484,0.25375322191577765,0.12757738463247598,58,200,142
new_5_1,0.1,32,10.69443390108113,20.26840207627266,2.555428989925799,0.7230251233821455,1.8475700607294991,77,200,123
new_5_1,0.1,128,1.8527962682200843,1.285266731615467,0.21203575161731525,0.9931706400254809,0.14647037104452704,82,200,118
new_5_1,0.1,512,2.4580480953993664,0.8611838275141352,0.15645524714359982,1.7703816641376098,0.1107490374360492,88,200,112
new_5_1,0.1,2048,2.4687911776529456,0.5934046561452124,0.18863573276832013,1.8074791183950403,0.12866763643827556,77,200,123
new_5_2,0.0001,32,9.338718275083005,19.700928846877826,2.758080835038566,0.37896958989760365,2.1360538061150236,60,200,140
new_5_2,0.0001,128,0.3749484049256276,0.9551655121302829,0.07447929095439945,0.0259999983985225,0.05914338224050604,54,200,146
new_5_2,0.0001,512,0.6181879687423338,0.6575342318884456,0.1314198901832444,0.1472048635005796,0.10683397981079122,60,200,140
new_5_2,0.0001,2048,0.8542664506453542,0.7829649490980639,0.15671327542504482,0.26221025698609,0.11866555775546803,61,200,139
new_5_2,0.001,32,12.200691402850675,30.348806077620996,2.9350639409093398,0.58820555335936,2.2106489232748565,57,200,143
new_5_2,0.001,128,0.3424722545527005,0.891108526914032,0.08257425998812444,0.0330203230535025,0.06394041606465539,48,200,152
new_5_2,0.001,512,0.6263722514315327,0.70168405935391,0.15935006829957496,0.14214468363264,0.11723825359237808,63,200,137
new_5_2,0.001,2048,0.7446793984801449,0.6283892497933075,0.13337269181191502,0.19877615898624,0.08553819001883828,76,200,124
new_5_2,0.01,32,10.890758110654915,26.701857002156103,2.7211443213972,0.6665032452122499,2.2050711456620795,59,200,141
new_5_2,0.01,128,0.34651436960957027,0.7715421004741846,0.06872767201874,0.0353204475250225,0.049974739592312786,64,200,136
new_5_2,0.01,512,0.7226727939697852,0.8655411935250065,0.15109586830915997,0.18367835635903687,0.1117197034078641,62,200,138
new_5_2,0.01,2048,0.7619056720658525,0.689251858257399,0.14655614400708222,0.26423067557771285,0.11862702072299748,54,200,146
new_5_2,0.1,32,10.69443390108113,20.26840207627266,2.555428989925799,0.7230251233821455,1.8475700607294991,77,200,123
new_5_2,0.1,128,1.8527962682200843,1.285266731615467,0.21203575161731525,0.9931706400254809,0.14647037104452704,82,200,118
new_5_2,0.1,512,2.4580480953993664,0.8611838275141352,0.15645524714359982,1.7703816641376098,0.1107490374360492,88,200,112
new_5_2,0.1,2048,2.4687911776529456,0.5934046561452124,0.18863573276832013,1.8074791183950403,0.12866763643827556,77,200,123
new_5_3,0.0001,32,9.338718275083005,19.700928846877826,2.758080835038566,0.37896958989760365,2.1360538061150236,60,200,140
new_5_3,0.0001,128,0.3726431342954999,1.0038218972803603,0.07606963034438705,0.0259999983985225,0.05926370851513557,55,200,145
new_5_3,0.0001,512,0.6268619886672407,0.6755169549470188,0.1589971146646354,0.15602507900001,0.11146948544704596,60,200,140
new_5_3,0.0001,2048,0.8542664506453542,0.7829649490980639,0.15671327542504482,0.26221025698609,0.11866555775546803,61,200,139
new_5_3,0.001,32,11.239686226931221,26.71712893593475,2.916373351457991,0.7277800194880575,2.289595196791065,52,200,148
new_5_3,0.001,128,0.3424722545527005,0.891108526914032,0.08257425998812444,0.0330203230535025,0.06394041606465539,48,200,152
new_5_3,0.001,512,0.6263722514315327,0.70168405935391,0.15935006829957496,0.14214468363264,0.11723825359237808,63,200,137
new_5_3,0.001,2048,0.744679398480145,0.6283892497933075,0.13337269181191502,0.19877615898624,0.08553819001883829,76,200,124
new_5_3,0.01,32,10.890758110654915,26.701857002156103,2.7211443213972,0.6665032452122499,2.2050711456620795,59,200,141
new_5_3,0.01,128,0.34651436960957027,0.7715421004741846,0.06872767201874,0.0353204475250225,0.049974739592312786,64,200,136
new_5_3,0.01,512,0.7405989143725334,0.8742419130646213,0.1419543444231144,0.18367835635903687,0.09893985264543703,68,200,132
new_5_3,0.01,2048,0.7619056720658525,0.689251858257399,0.14655614400708222,0.26423067557771285,0.11862702072299748,54,200,146
new_5_3,0.1,32,10.801238622043163,20.239675248238576,2.4940272285901046,0.740940779505889,1.84088118344279,80,200,120
new_5_3,0.1,128,1.8275831358589345,1.2142781053961602,0.20845898335164503,1.0250057980204903,0.14954043568660555,78,200,122
new_5_3,0.1,512,2.4580480953993664,0.8611838275141352,0.15645524714359982,1.7703816641376098,0.1107490374360492,88,200,112
new_5_3,0.1,2048,2.4687911776529456,0.5934046561452124,0.18863573276832013,1.8074791183950403,0.12866763643827556,77,200,123
new_5_4,0.0001,32,10.427976872552438,24.444202698296277,2.750683181704045,0.37843838588837153,2.095539412479667,59,200,141
new_5_4,0.0001,128,0.3726431342954999,1.0038218972803603,0.07606963034438705,0.0259999983985225,0.05926370851513557,55,200,145
new_5_4,0.0001,512,0.6181879687423338,0.6575342318884456,0.1314198901832444,0.1472048635005796,0.10683397981079122,60,200,140
new_5_4,0.0001,2048,0.8542664506453542,0.7829649490980639,0.15671327542504482,0.26221025698609,0.11866555775546803,61,200,139
new_5_4,0.001,32,11.239686226931221,26.71712893593475,2.916373351457991,0.7277800194880575,2.289595196791065,52,200,148
new_5_4,0.001,128,0.3424722545527005,0.891108526914032,0.08257425998812444,0.0330203230535025,0.06394041606465539,48,200,152
new_5_4,0.001,512,0.6263722514315327,0.70168405935391,0.15935006829957496,0.14214468363264,0.11723825359237808,63,200,137
new_5_4,0.001,2048,0.7325512170016854,0.6426755899252246,0.11945266930042761,0.19877615898624,0.07905355211263622,78,200,122
new_5_4,0.01,32,11.047806656722159,26.65281090373284,2.8650395833076345,0.77017000020489,2.392570968597632,52,200,148
new_5_4,0.01,128,0.34651436960957027,0.7715421004741846,0.06872767201874,0.0353204475250225,0.049974739592312786,64,200,136
new_5_4,0.01,512,0.7405989143725334,0.8742419130646213,0.1419543444231144,0.18367835635903687,0.09893985264543703,68,200,132
new_5_4,0.01,2048,0.7944878989228704,0.6762525396256771,0.16973746073479484,0.25375322191577765,0.12757738463247598,58,200,142
new_5_4,0.1,32,10.69443390108113,20.26840207627266,2.555428989925799,0.7230251233821455,1.8475700607294991,77,200,123
new_5_4,0.1,128,1.8401897020395095,1.2503402210808539,0.207631956646945,0.9931706400254809,0.14420749452163387,83,200,117
new_5_4,0.1,512,2.4808297821215763,0.8869688033304937,0.15863924667074536,1.7675811519168103,0.11076175384272033,89,200,111
new_5_4,0.1,2048,2.478307904156709,0.6511190757554124,0.185061071410225,1.8074791183950403,0.12944708810094938,70,200,130
new_6_1,0.0001,32,10.891790798773828,16.043128160940203,5.19040414737376,0.05256615438361,4.487303934426075,38,200,162
new_6_1,0.0001,128,5.230002293275281,11.473660047902738,1.014750896529525,0.005199633608995225,0.8029272990711336,52,200,148
new_6_1,0.0001,512,1.2042609151796255,2.7277229474171936,0.2631280775653967,0.1539633043232964,0.18313592986266466,62,200,138
new_6_1,0.0001,2048,1.2482037524852785,1.6313401121183475,0.31216655734299215,0.20460525144893438,0.2240193513682338,58,200,142
new_6_1,0.001,32,10.517214178653264,20.382183711714422,4.306538892403769,0.0421406954183601,4.044798085059447,38,200,162
new_6_1,0.001,128,4.869437925211571,10.400012460474969,1.1235206618220264,0.026433557056000003,0.882835061404642,58,200,142
new_6_1,0.001,512,1.0913028233556532,2.6497428684798185,0.23648734177099545,0.20023999712978563,0.16325403634111416,64,200,136
new_6_1,0.001,2048,1.0343422188933096,0.9236933138362892,0.2584948569053078,0.2422881677146176,0.196291291165697,64,200,136
new_6_1,0.01,32,10.981014499793131,21.149930592164075,4.6718674896687755,0.05998374908963999,4.384387876297003,33,200,167
new_6_1,0.01,128,7.340638032564534,14.714623596861632,1.2154330633212023,0.020893181861667602,0.8654740453457926,54,200,146
new_6_1,0.01,512,1.345435041669714,2.807846079975915,0.3228231991804038,0.17665166970024998,0.2424872680108004,58,200,142
new_6_1,0.01,2048,1.1242645090770218,1.123948283214138,0.2011681246975354,0.27698449026278565,0.15449877760743613,64,200,136
new_6_1,0.1,32,13.205825054285688,24.955034252607533,4.2541716620484555,0.31569800927401004,3.964222918897714,46,200,154
new_6_1,0.1,128,4.2902282166709185,8.746803963328142,1.4817157147729598,0.7945704272142401,1.224659101798222,36,200,164
new_6_1,0.1,512,3.7382267058524956,1.9758511130474776,0.3382882525076998,2.61837867774025,0.2384001820416678,57,200,143
new_6_1,0.1,2048,3.577521062440516,1.3553218230989645,0.2748239084071149,2.5834971917412104,0.19816964864730005,65,200,135
new_6_2,0.0001,32,10.891790798773828,16.043128160940203,5.19040414737376,0.05256615438361,4.487303934426075,38,200,162
new_6_2,0.0001,128,5.230002293275281,11.473660047902738,1.014750896529525,0.005199633608995225,0.8029272990711336,52,200,148
new_6_2,0.0001,512,1.3518209795965768,2.7766002295110273,0.3193654752937728,0.16876945720336,0.22720245715744442,62,200,138
new_6_2,0.0001,2048,1.26680726555914,1.6305631233069715,0.347224317611869,0.2089019422347264,0.2570816456606661,54,200,146
new_6_2,0.001,32,10.517214178653264,20.382183711714422,4.306538892403769,0.0421406954183601,4.044798085059447,38,200,162
new_6_2,0.001,128,4.803279873356847,10.780741755834232,1.1147013284878502,0.026433557056000003,0.9114056583490435,50,200,150
new_6_2,0.001,512,1.0913028233556532,2.6497428684798185,0.23648734177099545,0.20023999712978563,0.16325403634111416,64,200,136
new_6_2,0.001,2048,1.0346733812618014,0.9223114697521403,0.28099248735057497,0.2422881677146176,0.21447602698736512,60,200,140
new_6_2,0.01,32,11.263578114436841,21.21498688777938,4.722467727997601,0.05998374908963999,4.426397579581114,36,200,164
new_6_2,0.01,128,7.340638032564534,14.714623596861632,1.2154330633212023,0.020893181861667602,0.8654740453457926,54,200,146
new_6_2,0.01,512,1.3477541304565241,2.788368969441451,0.3132289976562569,0.17665166970024998,0.2372696819913291,56,200,144
new_6_2,0.01,2048,1.0265813249591471,1.0218928329742698,0.2229910377821536,0.26387710788609003,0.1683989061352842,62,200,138
new_6_2,0.1,32,13.205825054285688,24.955034252607533,4.2541716620484555,0.31569800927401004,3.964222918897714,46,200,154
new_6_2,0.1,128,4.5239283784591775,8.689855784755624,1.5023189467213198,0.792612722944,1.210547489965218,42,200,158
new_6_2,0.1,512,3.777446559137635,1.99739455430136,0.35685701247063983,2.61837867774025,0.25777537983701054,54,200,146
new_6_2,0.1,2048,3.7613738219350523,1.6742783712792353,0.3075412833973048,2.58679036584004,0.22694170026437388,62,200,138
new_6_3,0.0001,32,10.452138328680444,15.62455532716573,4.861306185284983,0.05256615438361,4.3264909664139655,36,200,164
new_6_3,0.0001,128,5.230002293275281,11.473660047902738,1.014750896529525,0.005199633608995225,0.8029272990711336,52,200,148
new_6_3,0.0001,512,1.2780409473881011,2.7532637911364666,0.2922256892468299,0.1539633043232964,0.2052821679016733,62,200,138
new_6_3,0.0001,2048,1.2482037524852785,1.6313401121183475,0.31216655734299215,0.20460525144893438,0.2240193513682338,58,200,142
new_6_3,0.001,32,10.75914398047305,21.014258783050266,4.331760044647622,0.054167749336915594,4.1185909838220445,38,200,162
new_6_3,0.001,128,4.935595977066294,10.004365436428673,1.1627951043920195,0.031035262878158405,0.8485419835196931,66,200,134
new_6_3,0.001,512,1.0913028233556532,2.6497428684798185,0.23648734177099545,0.20023999712978563,0.16325403634111416,64,200,136
new_6_3,0.001,2048,1.0340110565248175,0.9250729746220849,0.260174042387625,0.25036693454224,0.20238367594871962,60,200,140
new_6_3,0.01,32,10.981014499793131,21.149930592164075,4.6718674896687755,0.05998374908963999,4.384387876297003,33,200,167
new_6_3,0.01,128,6.700399959563061,13.185790924126493,1.3904402534173395,0.0146190201355396,0.9900896975407977,54,200,146
new_6_3,0.01,512,1.3477541304565241,2.788368969441451,0.3132289976562569,0.17665166970024998,0.2372696819913291,56,200,144
new_6_3,0.01,2048,1.0754229170180845,1.0752487346050372,0.2088324526076477,0.26387710788609003,0.1613884118747491,63,200,137
new_6_3,0.1,32,13.205825054285688,24.955034252607533,4.2541716620484555,0.31569800927401004,3.964222918897714,46,200,154
new_6_3,0.1,128,4.5239283784591775,8.689855784755624,1.5023189467213198,0.792612722944,1.210547489965218,42,200,158
new_6_3,0.1,512,3.777446559137635,1.99739455430136,0.35685701247063983,2.61837867774025,0.25777537983701054,54,200,146
new_6_3,0.1,2048,3.393668302945979,0.8959034727575959,0.24771662425648988,2.5834971917412104,0.1839346487722597,62,200,138
new_6_4,0.0001,32,10.891790798773828,16.043128160940203,5.19040414737376,0.05256615438361,4.487303934426075,38,200,162
new_6_4,0.0001,128,5.10137102651384,11.363342985415972,1.0889811232733102,0.0149975121223489,0.8507891491774714,54,200,146
new_6_4,0.0001,512,1.2780409473881011,2.7532637911364666,0.2922256892468299,0.1539633043232964,0.2052821679016733,62,200,138
new_6_4,0.0001,2048,1.26680726555914,1.6305631233069715,0.347224317611869,0.2089019422347264,0.2570816456606661,54,200,146
new_6_4,0.001,32,10.75914398047305,21.014258783050266,4.331760044647622,0.054167749336915594,4.1185909838220445,38,200,162
new_6_4,0.001,128,4.869437925211571,10.400012460474969,1.1235206618220264,0.026433557056000003,0.882835061404642,58,200,142
new_6_4,0.001,512,1.163196815138865,2.6838256870557173,0.29679670745095876,0.18274150154756252,0.2438948246838158,54,200,146
new_6_4,0.001,2048,1.0343422188933096,0.9236933138362892,0.2584948569053078,0.2422881677146176,0.196291291165697,64,200,136
new_6_4,0.01,32,10.698450885149427,21.080867454431043,4.623149587424114,0.0623058410255044,4.248223847368444,32,200,168
new_6_4,0.01,128,6.700399959563061,13.185790924126493,1.3904402534173395,0.0146190201355396,0.9900896975407977,54,200,146
new_6_4,0.01,512,1.3477541304565241,2.788368969441451,0.3132289976562569,0.17665166970024998,0.2372696819913291,56,200,144
new_6_4,0.01,2048,1.0754229170180845,1.0752487346050372,0.2088324526076477,0.26387710788609003,0.1613884118747491,63,200,137
new_6_4,0.1,32,13.398373684695422,25.44523953784214,4.191343902068196,0.32322704313635997,3.942966892997445,46,200,154
new_6_4,0.1,128,4.5239283784591775,8.689855784755624,1.5023189467213198,0.792612722944,1.210547489965218,42,200,158
new_6_4,0.1,512,3.777446559137635,1.99739455430136,0.35685701247063983,2.61837867774025,0.25777537983701054,54,200,146
new_6_4,0.1,2048,3.577521062440516,1.3553218230989645,0.2748239084071149,2.5834971917412104,0.19816964864730005,65,200,135
jin_1_1,0.0001,32,349.8727637250269,672.667005961348,152.93919651291066,0.8320473588556899,145.16796920328397,17,100,83
jin_1_1,0.0001,128,41.69761317090658,132.22693057063876,5.715274386125846,0.08698051968515999,4.668537183744543,24,100,76
jin_1_1,0.0001,512,21.038538619520487,16.47020396485403,7.12713765053736,3.88523875798081,5.854353157730498,26,100,74
jin_1_1,0.0001,2048,22.505013178882983,11.013081941141957,7.2893940471425225,1.5284920876839998,5.845866451983653,40,100,60
jin_1_1,0.001,32,410.42722621168696,690.4357611963109,150.132259494045,0.8969980311600401,131.185154077727,26,100,74
jin_1_1,0.001,128,29.08540146626805,116.8403048070232,3.2118333570064808,0.0735131850289225,2.449609391962432,33,100,67
jin_1_1,0.001,512,20.01459790721947,15.838606658119337,6.930499757656005,1.9705668438534398,5.571561975720047,27,100,73
jin_1_1,0.001,2048,22.700063198122656,12.031146564677922,8.079102654911997,1.76697893786176,7.284183106840391,33,100,67
jin_1_1,0.01,32,302.1600379984078,593.4398979435928,124.60130581487124,0.49465480248899996,125.91286530519515,20,100,80
jin_1_1,0.01,128,55.73963417710731,397.85681722270755,2.737783528354815,0.50018261824881,2.164142652603111,30,100,70
jin_1_1,0.01,512,21.66899218296135,17.701500342465295,7.00319730841808,2.77362943883089,5.928798752356319,29,100,71
jin_1_1,0.01,2048,23.6211254100365,11.459158607697471,6.908855304929999,2.8146105179360097,5.502082160388744,46,100,54
jin_1_1,0.1,32,420.633562359315,719.1630991959032,157.0168839162385,15.83013087687409,139.50368528867847,20,100,80
jin_1_1,0.1,128,38.77519161793648,21.832257672818034,7.615158661189199,16.70772737257569,5.585413523319405,32,100,68
jin_1_1,0.1,512,69.81359872313192,20.558840034105707,9.754155916417492,46.405224131044,7.331437367152042,27,100,73
jin_1_1,0.1,2048,69.98165213409446,12.513934171714086,7.221692851670003,47.664502129072886,5.667839182843355,49,100,51
jin_1_2,0.0001,32,364.4407668776201,688.1903178423272,146.55968913862966,0.63179669662096,137.73302137547734,21,100,79
jin_1_2,0.0001,128,41.69761317090658,132.22693057063876,5.715274386125846,0.08698051968515999,4.668537183744543,24,100,76
jin_1_2,0.0001,512,21.038538619520487,16.47020396485403,7.12713765053736,3.88523875798081,5.854353157730498,26,100,74
jin_1_2,0.0001,2048,22.505013178882983,11.013081941141957,7.2893940471425225,1.5284920876839998,5.845866451983653,40,100,60
jin_1_2,0.001,32,410.42722621168696,690.4357611963109,150.132259494045,0.8969980311600401,131.185154077727,26,100,74
jin_1_2,0.001,128,29.08540146626805,116.8403048070232,3.2118333570064808,0.0735131850289225,2.449609391962432,33,100,67
jin_1_2,0.001,512,20.01459790721947,15.838606658119337,6.930499757656005,1.9705668438534398,5.571561975720047,27,100,73
jin_1_2,0.001,2048,22.700063198122656,12.031146564677922,8.079102654911997,1.76697893786176,7.284183106840391,33,100,67
jin_1_2,0.01,32,302.1600379984078,593.4398979435928,124.60130581487124,0.49465480248899996,125.91286530519515,20,100,80
jin_1_2,0.01,128,55.73963417710731,397.85681722270755,2.737783528354815,0.50018261824881,2.164142652603111,30,100,70
jin_1_2,0.01,512,21.66899218296135,17.701500342465295,7.00319730841808,2.77362943883089,5.928798752356319,29,100,71
jin_1_2,0.01,2048,23.6211254100365,11.459158607697471,6.908855304929999,2.8146105179360097,5.502082160388744,46,100,54
jin_1_2,0.1,32,420.633562359315,719.1630991959032,157.0168839162385,15.83013087687409,139.50368528867847,20,100,80
jin_1_2,0.1,128,38.77519161793648,21.832257672818034,7.615158661189199,16.70772737257569,5.585413523319405,32,100,68
jin_1_2,0.1,512,69.81359872313192,20.558840034105707,9.754155916417492,46.405224131044,7.331437367152042,27,100,73
jin_1_2,0.1,2048,69.98165213409446,12.513934171714086,7.221692851670003,47.664502129072886,5.667839182843355,49,100,51
jin_1_3,0.0001,32,349.8727637250269,672.667005961348,152.93919651291066,0.8320473588556899,145.16796920328397,17,100,83
jin_1_3,0.0001,128,41.69761317090658,132.22693057063876,5.715274386125846,0.08698051968515999,4.668537183744543,24,100,76
jin_1_3,0.0001,512,21.038538619520487,16.47020396485403,7.12713765053736,3.88523875798081,5.854353157730498,26,100,74
jin_1_3,0.0001,2048,22.505013178882983,11.013081941141957,7.2893940471425225,1.5284920876839998,5.845866451983653,40,100,60
jin_1_3,0.001,32,410.42722621168696,690.4357611963109,150.132259494045,0.8969980311600401,131.185154077727,26,100,74
jin_1_3,0.001,128,29.08540146626805,116.8403048070232,3.2118333570064808,0.0735131850289225,2.449609391962432,33,100,67
jin_1_3,0.001,512,20.01459790721947,15.838606658119337,6.930499757656005,1.9705668438534398,5.571561975720047,27,100,73
jin_1_3,0.001,2048,22.700063198122656,12.031146564677922,8.079102654911997,1.76697893786176,7.284183106840391,33,100,67
jin_1_3,0.01,32,302.1600379984078,593.4398979435928,124.60130581487124,0.49465480248899996,125.91286530519515,20,100,80
jin_1_3,0.01,128,55.73963417710731,397.85681722270755,2.737783528354815,0.50018261824881,2.164142652603111,30,100,70
jin_1_3,0.01,512,21.66899218296135,17.701500342465295,7.00319730841808,2.77362943883089,5.928798752356319,29,100,71
jin_1_3,0.01,2048,23.6211254100365,11.459158607697471,6.908855304929999,2.8146105179360097,5.502082160388744,46,100,54
jin_1_3,0.1,32,420.633562359315,719.1630991959032,157.0168839162385,15.83013087687409,139.50368528867847,20,100,80
jin_1_3,0.1,128,38.77519161793648,21.832257672818034,7.615158661189199,16.70772737257569,5.585413523319405,32,100,68
jin_1_3,0.1,512,69.81359872313192,20.558840034105707,9.754155916417492,46.405224131044,7.331437367152042,27,100,73
jin_1_3,0.1,2048,69.98165213409446,12.513934171714086,7.221692851670003,47.664502129072886,5.667839182843355,49,100,51
jin_1_4,0.0001,32,349.8727637250269,672.667005961348,152.93919651291066,0.8320473588556899,145.16796920328397,17,100,83
jin_1_4,0.0001,128,41.69761317090658,132.22693057063876,5.715274386125846,0.08698051968515999,4.668537183744543,24,100,76
jin_1_4,0.0001,512,21.038538619520487,16.47020396485403,7.12713765053736,3.88523875798081,5.854353157730498,26,100,74
jin_1_4,0.0001,2048,22.505013178882983,11.013081941141957,7.2893940471425225,1.5284920876839998,5.845866451983653,40,100,60
jin_1_4,0.001,32,410.42722621168696,690.4357611963109,150.132259494045,0.8969980311600401,131.185154077727,26,100,74
jin_1_4,0.001,128,29.08540146626805,116.8403048070232,3.2118333570064808,0.0735131850289225,2.449609391962432,33,100,67
jin_1_4,0.001,512,20.01459790721947,15.838606658119337,6.930499757656005,1.9705668438534398,5.571561975720047,27,100,73
jin_1_4,0.001,2048,22.700063198122656,12.031146564677922,8.079102654911997,1.76697893786176,7.284183106840391,33,100,67
jin_1_4,0.01,32,302.1600379984078,593.4398979435928,124.60130581487124,0.49465480248899996,125.91286530519515,20,100,80
jin_1_4,0.01,128,55.73963417710731,397.85681722270755,2.737783528354815,0.50018261824881,2.164142652603111,30,100,70
jin_1_4,0.01,512,21.66899218296135,17.701500342465295,7.00319730841808,2.77362943883089,5.928798752356319,29,100,71
jin_1_4,0.01,2048,23.6211254100365,11.459158607697471,6.908855304929999,2.8146105179360097,5.502082160388744,46,100,54
jin_1_4,0.1,32,420.633562359315,719.1630991959032,157.0168839162385,15.83013087687409,139.50368528867847,20,100,80
jin_1_4,0.1,128,38.77519161793648,21.832257672818034,7.615158661189199,16.70772737257569,5.585413523319405,32,100,68
jin_1_4,0.1,512,69.81359872313192,20.558840034105707,9.754155916417492,46.405224131044,7.331437367152042,27,100,73
jin_1_4,0.1,2048,69.98165213409446,12.513934171714086,7.221692851670003,47.664502129072886,5.667839182843355,49,100,51
jin_3_1,0.0001,32,0.7575016351884826,1.189263255438296,0.17466891520623581,0.006356359449168399,0.1080323020261594,41,100,59
jin_3_1,0.0001,128,0.01560770683194502,0.01916030219964059,0.005215241463314951,0.0014151932238549159,0.004357619009604174,23,100,77
jin_3_1,0.0001,512,0.018883088810469104,0.006214438915252847,0.0034303317198518353,0.007579358281440101,0.0029063355647405086,52,100,48
jin_3_1,0.0001,2048,0.027911601986438363,0.012969867728781696,0.008010026510358401,0.007097681695107601,0.0060930314490551685,34,100,66
jin_3_1,0.001,32,1.0919563147334181,2.557812597410726,0.17940397225437693,0.005232983005209601,0.12317257871339422,37,100,63
jin_3_1,0.001,128,0.04743645505535543,0.18512369126452083,0.011994223964381998,0.0010098018796644,0.009823160242288952,22,100,78
jin_3_1,0.001,512,0.019725234192494268,0.007423410833147808,0.00476413493530025,0.007526431760100099,0.00379257829300493,30,100,70
jin_3_1,0.001,2048,0.028271905730909607,0.013214789351436195,0.007764186702345601,0.005167699074624101,0.005020862152926684,40,100,60
jin_3_1,0.01,32,0.8710996128351955,1.5568057561905926,0.20567864410128717,0.011214334302244515,0.1579585461861354,38,100,62
jin_3_1,0.01,128,0.014144408345417765,0.016249684338620795,0.003950331312545801,0.0015986454068280958,0.003044991457370087,30,100,70
jin_3_1,0.01,512,0.01914168177186933,0.006436834763993501,0.00396161491073695,0.008011358048316099,0.0032971761002123317,39,100,61
jin_3_1,0.01,2048,0.02964261427600923,0.014052461762492887,0.008014423670611798,0.006873492716640901,0.005926274369762254,36,100,64
jin_3_1,0.1,32,0.7986296275014935,1.234703356921477,0.23713420443839994,0.028750719074536895,0.17421691708543105,33,100,67
jin_3_1,0.1,128,0.07331678780911431,0.02200276648291391,0.00830666086230181,0.04605558071980959,0.0060739940594579855,39,100,61
jin_3_1,0.1,512,0.10095207847656186,0.006829971133185028,0.0042854850635584,0.08704581054397291,0.0031499226667085173,56,100,44
jin_3_1,0.1,2048,0.11991596735524145,0.01223319276594242,0.007704758938812006,0.09801926172487839,0.005517597344270015,43,100,57
jin_3_2,0.0001,32,0.7575016351884826,1.189263255438296,0.17466891520623581,0.006356359449168399,0.1080323020261594,41,100,59
jin_3_2,0.0001,128,0.01560770683194502,0.01916030219964059,0.005215241463314951,0.0014151932238549159,0.004357619009604174,23,100,77
jin_3_2,0.0001,512,0.018883088810469104,0.006214438915252847,0.0034303317198518353,0.007579358281440101,0.0029063355647405086,52,100,48
jin_3_2,0.0001,2048,0.027911601986438363,0.012969867728781696,0.008010026510358401,0.007097681695107601,0.0060930314490551685,34,100,66
jin_3_2,0.001,32,1.0919563147334181,2.557812597410726,0.17940397225437693,0.005232983005209601,0.12317257871339422,37,100,63
jin_3_2,0.001,128,0.04743645505535543,0.18512369126452083,0.011994223964381998,0.0010098018796644,0.009823160242288952,22,100,78
jin_3_2,0.001,512,0.019725234192494268,0.007423410833147808,0.00476413493530025,0.007526431760100099,0.00379257829300493,30,100,70
jin_3_2,0.001,2048,0.028271905730909607,0.013214789351436195,0.007764186702345601,0.005167699074624101,0.005020862152926684,40,100,60
jin_3_2,0.01,32,0.8710996128351955,1.5568057561905926,0.20567864410128717,0.011214334302244515,0.1579585461861354,38,100,62
jin_3_2,0.01,128,0.014144408345417765,0.016249684338620795,0.003950331312545801,0.0015986454068280958,0.003044991457370087,30,100,70
jin_3_2,0.01,512,0.01914168177186933,0.006436834763993501,0.00396161491073695,0.008011358048316099,0.0032971761002123317,39,100,61
jin_3_2,0.01,2048,0.02964261427600923,0.014052461762492887,0.008014423670611798,0.006873492716640901,0.005926274369762254,36,100,64
jin_3_2,0.1,32,0.7986296275014935,1.234703356921477,0.23713420443839994,0.028750719074536895,0.17421691708543105,33,100,67
jin_3_2,0.1,128,0.07331678780911431,0.02200276648291391,0.00830666086230181,0.04605558071980959,0.0060739940594579855,39,100,61
jin_3_2,0.1,512,0.10095207847656186,0.006829971133185028,0.0042854850635584,0.08704581054397291,0.0031499226667085173,56,100,44
jin_3_2,0.1,2048,0.11991596735524145,0.01223319276594242,0.007704758938812006,0.09801926172487839,0.005517597344270015,43,100,57
jin_3_3,0.0001,32,0.7575016351884826,1.189263255438296,0.17466891520623581,0.006356359449168399,0.1080323020261594,41,100,59
jin_3_3,0.0001,128,0.01560770683194502,0.01916030219964059,0.005215241463314951,0.0014151932238549159,0.004357619009604174,23,100,77
jin_3_3,0.0001,512,0.018883088810469104,0.006214438915252847,0.0034303317198518353,0.007579358281440101,0.0029063355647405086,52,100,48
jin_3_3,0.0001,2048,0.027911601986438363,0.012969867728781696,0.008010026510358401,0.007097681695107601,0.0060930314490551685,34,100,66
jin_3_3,0.001,32,1.0919563147334181,2.557812597410726,0.17940397225437693,0.005232983005209601,0.12317257871339422,37,100,63
jin_3_3,0.001,128,0.04743645505535543,0.18512369126452083,0.011994223964381998,0.0010098018796644,0.009823160242288952,22,100,78
jin_3_3,0.001,512,0.019725234192494268,0.007423410833147808,0.00476413493530025,0.007526431760100099,0.00379257829300493,30,100,70
jin_3_3,0.001,2048,0.028271905730909607,0.013214789351436195,0.007764186702345601,0.005167699074624101,0.005020862152926684,40,100,60
jin_3_3,0.01,32,0.8710996128351955,1.5568057561905926,0.20567864410128717,0.011214334302244515,0.1579585461861354,38,100,62
jin_3_3,0.01,128,0.014144408345417765,0.016249684338620795,0.003950331312545801,0.0015986454068280958,0.003044991457370087,30,100,70
jin_3_3,0.01,512,0.01914168177186933,0.006436834763993501,0.00396161491073695,0.008011358048316099,0.0032971761002123317,39,100,61
jin_3_3,0.01,2048,0.02964261427600923,0.014052461762492887,0.008014423670611798,0.006873492716640901,0.005926274369762254,36,100,64
jin_3_3,0.1,32,0.7986296275014935,1.234703356921477,0.23713420443839994,0.028750719074536895,0.17421691708543105,33,100,67
jin_3_3,0.1,128,0.07331678780911431,0.02200276648291391,0.00830666086230181,0.04605558071980959,0.0060739940594579855,39,100,61
jin_3_3,0.1,512,0.10095207847656186,0.006829971133185028,0.0042854850635584,0.08704581054397291,0.0031499226667085173,56,100,44
jin_3_3,0.1,2048,0.11991596735524145,0.01223319276594242,0.007704758938812006,0.09801926172487839,0.005517597344270015,43,100,57
jin_3_4,0.0001,32,0.7575016351884826,1.189263255438296,0.17466891520623581,0.006356359449168399,0.1080323020261594,41,100,59
jin_3_4,0.0001,128,0.01560770683194502,0.01916030219964059,0.005215241463314951,0.0014151932238549159,0.004357619009604174,23,100,77
jin_3_4,0.0001,512,0.018883088810469104,0.006214438915252847,0.0034303317198518353,0.007579358281440101,0.0029063355647405086,52,100,48
jin_3_4,0.0001,2048,0.027911601986438363,0.012969867728781696,0.008010026510358401,0.007097681695107601,0.0060930314490551685,34,100,66
jin_3_4,0.001,32,1.0919563147334181,2.557812597410726,0.17940397225437693,0.005232983005209601,0.12317257871339422,37,100,63
jin_3_4,0.001,128,0.04743645505535543,0.18512369126452083,0.011994223964381998,0.0010098018796644,0.009823160242288952,22,100,78
jin_3_4,0.001,512,0.019725234192494268,0.007423410833147808,0.00476413493530025,0.007526431760100099,0.00379257829300493,30,100,70
jin_3_4,0.001,2048,0.028271905730909607,0.013214789351436195,0.007764186702345601,0.005167699074624101,0.005020862152926684,40,100,60
jin_3_4,0.01,32,0.8710996128351955,1.5568057561905926,0.20567864410128717,0.011214334302244515,0.1579585461861354,38,100,62
jin_3_4,0.01,128,0.014144408345417765,0.016249684338620795,0.003950331312545801,0.0015986454068280958,0.003044991457370087,30,100,70
jin_3_4,0.01,512,0.01914168177186933,0.006436834763993501,0.00396161491073695,0.008011358048316099,0.0032971761002123317,39,100,61
jin_3_4,0.01,2048,0.02964261427600923,0.014052461762492887,0.008014423670611798,0.006873492716640901,0.005926274369762254,36,100,64
jin_3_4,0.1,32,0.7986296275014935,1.234703356921477,0.23713420443839994,0.028750719074536895,0.17421691708543105,33,100,67
jin_3_4,0.1,128,0.07331678780911431,0.02200276648291391,0.00830666086230181,0.04605558071980959,0.0060739940594579855,39,100,61
jin_3_4,0.1,512,0.10095207847656186,0.006829971133185028,0.0042854850635584,0.08704581054397291,0.0031499226667085173,56,100,44
jin_3_4,0.1,2048,0.11991596735524145,0.01223319276594242,0.007704758938812006,0.09801926172487839,0.005517597344270015,43,100,57
jin_4_1,0.0001,32,1.6760051331509032,6.0140779367825035,0.21877178061461655,0.015764188602470402,0.158451138066994,27,100,73
jin_4_1,0.0001,128,0.2831743109249297,1.3581997047033039,0.020389355502887545,0.0029401516226172245,0.014182444439461466,29,100,71
jin_4_1,0.0001,512,0.4045965698492786,3.22545126035044,0.010996238642959804,0.016558539826400098,0.007764861949578658,32,100,68
jin_4_1,0.0001,2048,0.08017015826256635,0.07458020097967319,0.019113254057987996,0.023182690409476903,0.015011197316592867,27,100,73
jin_4_1,0.001,32,1.8810242332233447,6.14723799100751,0.27809997124884483,0.0204305743125136,0.204656732517583,29,100,71
jin_4_1,0.001,128,0.3350960680637348,1.2642724560012895,0.01827103435569265,0.002841515136786496,0.014324845543752265,27,100,73
jin_4_1,0.001,512,0.4054205483393039,3.199831680068311,0.015144296504404802,0.0167798913653284,0.011098237362431224,29,100,71
jin_4_1,0.001,2048,0.07641989320537823,0.06342115282430826,0.018148874588413147,0.022182447417552896,0.014174591829030369,29,100,71
jin_4_1,0.01,32,2.5081146775520424,8.507577475667578,0.2480508819355766,0.0240082164322225,0.1780018137168367,32,100,68
jin_4_1,0.01,128,0.3273200085328172,1.322525986990883,0.020253403994278656,0.0097550170809001,0.015877806015414095,24,100,76
jin_4_1,0.01,512,0.42230767300877653,3.2532926152363104,0.014253217314417293,0.0266851958044816,0.01024346080815348,30,100,70
jin_4_1,0.01,2048,0.10206764212054331,0.09543064179562365,0.023871327210310038,0.034092343194854394,0.017635342293743566,27,100,73
jin_4_1,0.1,32,3.298540669999752,8.979631611733026,0.3454456495844645,0.2000308361187249,0.2403295437668071,33,100,67
jin_4_1,0.1,128,1.4075517215455706,1.0577334846829867,0.27703705464357997,0.61475823785104,0.2203969625468602,26,100,74
jin_4_1,0.1,512,0.9897121831618086,0.1659169971964929,0.050020026722124245,0.8481832542828226,0.03657171405616492,32,100,68
jin_4_1,0.1,2048,0.9858822136985731,0.08207757116828614,0.02494470489189632,0.91030986312256,0.01839593398582431,30,100,70
jin_4_2,0.0001,32,1.6760051331509032,6.0140779367825035,0.21877178061461655,0.015764188602470402,0.158451138066994,27,100,73
jin_4_2,0.0001,128,0.2831743109249297,1.3581997047033039,0.020389355502887545,0.0029401516226172245,0.014182444439461466,29,100,71
jin_4_2,0.0001,512,0.4045965698492786,3.22545126035044,0.010996238642959804,0.016558539826400098,0.007764861949578658,32,100,68
jin_4_2,0.0001,2048,0.08017015826256635,0.07458020097967319,0.019113254057987996,0.023182690409476903,0.015011197316592867,27,100,73
jin_4_2,0.001,32,1.8810242332233447,6.14723799100751,0.27809997124884483,0.0204305743125136,0.204656732517583,29,100,71
jin_4_2,0.001,128,0.3350960680637348,1.2642724560012895,0.01827103435569265,0.002841515136786496,0.014324845543752265,27,100,73
jin_4_2,0.001,512,0.4054205483393039,3.199831680068311,0.015144296504404802,0.0167798913653284,0.011098237362431224,29,100,71
jin_4_2,0.001,2048,0.07641989320537823,0.06342115282430826,0.018148874588413147,0.022182447417552896,0.014174591829030369,29,100,71
jin_4_2,0.01,32,2.5081146775520424,8.507577475667578,0.2480508819355766,0.0240082164322225,0.1780018137168367,32,100,68
jin_4_2,0.01,128,0.3273200085328172,1.322525986990883,0.020253403994278656,0.0097550170809001,0.015877806015414095,24,100,76
jin_4_2,0.01,512,0.42230767300877653,3.2532926152363104,0.014253217314417293,0.0266851958044816,0.01024346080815348,30,100,70
jin_4_2,0.01,2048,0.10206764212054331,0.09543064179562365,0.023871327210310038,0.034092343194854394,0.017635342293743566,27,100,73
jin_4_2,0.1,32,3.298540669999752,8.979631611733026,0.3454456495844645,0.2000308361187249,0.2403295437668071,33,100,67
jin_4_2,0.1,128,1.4075517215455706,1.0577334846829867,0.27703705464357997,0.61475823785104,0.2203969625468602,26,100,74
jin_4_2,0.1,512,0.9897121831618086,0.1659169971964929,0.050020026722124245,0.8481832542828226,0.03657171405616492,32,100,68
jin_4_2,0.1,2048,0.9858822136985731,0.08207757116828614,0.02494470489189632,0.91030986312256,0.01839593398582431,30,100,70
jin_4_3,0.0001,32,1.6760051331509032,6.0140779367825035,0.21877178061461655,0.015764188602470402,0.158451138066994,27,100,73
jin_4_3,0.0001,128,0.2831743109249297,1.3581997047033039,0.020389355502887545,0.0029401516226172245,0.014182444439461466,29,100,71
jin_4_3,0.0001,512,0.4045965698492786,3.22545126035044,0.010996238642959804,0.016558539826400098,0.007764861949578658,32,100,68
jin_4_3,0.0001,2048,0.08017015826256635,0.07458020097967319,0.019113254057987996,0.023182690409476903,0.015011197316592867,27,100,73
jin_4_3,0.001,32,1.8810242332233447,6.14723799100751,0.27809997124884483,0.0204305743125136,0.204656732517583,29,100,71
jin_4_3,0.001,128,0.3350960680637348,1.2642724560012895,0.01827103435569265,0.002841515136786496,0.014324845543752265,27,100,73
jin_4_3,0.001,512,0.4054205483393039,3.199831680068311,0.015144296504404802,0.0167798913653284,0.011098237362431224,29,100,71
jin_4_3,0.001,2048,0.07641989320537823,0.06342115282430826,0.018148874588413147,0.022182447417552896,0.014174591829030369,29,100,71
jin_4_3,0.01,32,2.5081146775520424,8.507577475667578,0.2480508819355766,0.0240082164322225,0.1780018137168367,32,100,68
jin_4_3,0.01,128,0.3273200085328172,1.322525986990883,0.020253403994278656,0.0097550170809001,0.015877806015414095,24,100,76
jin_4_3,0.01,512,0.42230767300877653,3.2532926152363104,0.014253217314417293,0.0266851958044816,0.01024346080815348,30,100,70
jin_4_3,0.01,2048,0.10206764212054331,0.09543064179562365,0.023871327210310038,0.034092343194854394,0.017635342293743566,27,100,73
jin_4_3,0.1,32,3.298540669999752,8.979631611733026,0.3454456495844645,0.2000308361187249,0.2403295437668071,33,100,67
jin_4_3,0.1,128,1.4075517215455706,1.0577334846829867,0.27703705464357997,0.61475823785104,0.2203969625468602,26,100,74
jin_4_3,0.1,512,0.9897121831618086,0.1659169971964929,0.050020026722124245,0.8481832542828226,0.03657171405616492,32,100,68
jin_4_3,0.1,2048,0.9858822136985731,0.08207757116828614,0.02494470489189632,0.91030986312256,0.01839593398582431,30,100,70
jin_4_4,0.0001,32,1.6760051331509032,6.0140779367825035,0.21877178061461655,0.015764188602470402,0.158451138066994,27,100,73
jin_4_4,0.0001,128,0.2831743109249297,1.3581997047033039,0.020389355502887545,0.0029401516226172245,0.014182444439461466,29,100,71
jin_4_4,0.0001,512,0.4045965698492786,3.22545126035044,0.010996238642959804,0.016558539826400098,0.007764861949578658,32,100,68
jin_4_4,0.0001,2048,0.08017015826256635,0.07458020097967319,0.019113254057987996,0.023182690409476903,0.015011197316592867,27,100,73
jin_4_4,0.001,32,1.8810242332233447,6.14723799100751,0.27809997124884483,0.0204305743125136,0.204656732517583,29,100,71
jin_4_4,0.001,128,0.3350960680637348,1.2642724560012895,0.01827103435569265,0.002841515136786496,0.014324845543752265,27,100,73
jin_4_4,0.001,512,0.4054205483393039,3.199831680068311,0.015144296504404802,0.0167798913653284,0.011098237362431224,29,100,71
jin_4_4,0.001,2048,0.07641989320537823,0.06342115282430826,0.018148874588413147,0.022182447417552896,0.014174591829030369,29,100,71
jin_4_4,0.01,32,2.5081146775520424,8.507577475667578,0.2480508819355766,0.0240082164322225,0.1780018137168367,32,100,68
jin_4_4,0.01,128,0.3273200085328172,1.322525986990883,0.020253403994278656,0.0097550170809001,0.015877806015414095,24,100,76
jin_4_4,0.01,512,0.42230767300877653,3.2532926152363104,0.014253217314417293,0.0266851958044816,0.01024346080815348,30,100,70
jin_4_4,0.01,2048,0.10206764212054331,0.09543064179562365,0.023871327210310038,0.034092343194854394,0.017635342293743566,27,100,73
jin_4_4,0.1,32,3.298540669999752,8.979631611733026,0.3454456495844645,0.2000308361187249,0.2403295437668071,33,100,67
jin_4_4,0.1,128,1.4075517215455706,1.0577334846829867,0.27703705464357997,0.61475823785104,0.2203969625468602,26,100,74
jin_4_4,0.1,512,0.9897121831618086,0.1659169971964929,0.050020026722124245,0.8481832542828226,0.03657171405616492,32,100,68
jin_4_4,0.1,2048,0.9858822136985731,0.08207757116828614,0.02494470489189632,0.91030986312256,0.01839593398582431,30,100,70
jin_4_5,0.0001,32,1.6760051331509032,6.0140779367825035,0.21877178061461655,0.015764188602470402,0.158451138066994,27,100,73
jin_4_5,0.0001,128,0.2831743109249297,1.3581997047033039,0.020389355502887545,0.0029401516226172245,0.014182444439461466,29,100,71
jin_4_5,0.0001,512,0.4045965698492786,3.22545126035044,0.010996238642959804,0.016558539826400098,0.007764861949578658,32,100,68
jin_4_5,0.0001,2048,0.08017015826256635,0.07458020097967319,0.019113254057987996,0.023182690409476903,0.015011197316592867,27,100,73
jin_4_5,0.001,32,1.8810242332233447,6.14723799100751,0.27809997124884483,0.0204305743125136,0.204656732517583,29,100,71
jin_4_5,0.001,128,0.3350960680637348,1.2642724560012895,0.01827103435569265,0.002841515136786496,0.014324845543752265,27,100,73
jin_4_5,0.001,512,0.4054205483393039,3.199831680068311,0.015144296504404802,0.0167798913653284,0.011098237362431224,29,100,71
jin_4_5,0.001,2048,0.07641989320537823,0.06342115282430826,0.018148874588413147,0.022182447417552896,0.014174591829030369,29,100,71
jin_4_5,0.01,32,2.5081146775520424,8.507577475667578,0.2480508819355766,0.0240082164322225,0.1780018137168367,32,100,68
jin_4_5,0.01,128,0.3273200085328172,1.322525986990883,0.020253403994278656,0.0097550170809001,0.015877806015414095,24,100,76
jin_4_5,0.01,512,0.42230767300877653,3.2532926152363104,0.014253217314417293,0.0266851958044816,0.01024346080815348,30,100,70
jin_4_5,0.01,2048,0.09343459898802386,0.07287685977978227,0.021686330366032958,0.03290340956542089,0.015009463396194328,28,100,72
jin_4_5,0.1,32,3.298540669999752,8.979631611733026,0.3454456495844645,0.2000308361187249,0.2403295437668071,33,100,67
jin_4_5,0.1,128,1.4075517215455706,1.0577334846829867,0.27703705464357997,0.61475823785104,0.2203969625468602,26,100,74
jin_4_5,0.1,512,0.9897121831618086,0.1659169971964929,0.050020026722124245,0.8481832542828226,0.03657171405616492,32,100,68
jin_4_5,0.1,2048,0.9846112284334325,0.08427551126991391,0.024005476817188953,0.9105611908288899,0.01820413623099083,31,100,69
jin_4_6,0.0001,32,1.7994333265440605,6.098972784715337,0.24456903001412506,0.010424017939686399,0.1680274256231218,64,200,136
jin_4_6,0.0001,128,0.28317431092492973,1.3547828446872494,0.020389355502887545,0.0029401516226172245,0.014132062594831598,58,200,142
jin_4_6,0.0001,512,0.40459656984927866,3.2173369047022526,0.010996238642959804,0.016558539826400098,0.007736049746510712,64,200,136
jin_4_6,0.0001,2048,0.0784384973305786,0.07217621558437605,0.016891318816956803,0.023182690409476903,0.012827805579115777,58,200,142
jin_4_6,0.001,32,1.7545013305175985,6.0107425780556705,0.22713053230109448,0.011840123160028899,0.15771797770297583,61,200,139
jin_4_6,0.001,128,0.31012553271345744,1.2187343739297813,0.018111549042009602,0.002841515136786496,0.014231874011396565,51,200,149
jin_4_6,0.001,512,0.41280740209431976,3.231256731741959,0.015215440637553352,0.0167798913653284,0.010688543832225686,61,200,139
jin_4_6,0.001,2048,0.07890044937438806,0.06702775396993935,0.018752027364952246,0.025097973667559996,0.014766618869840953,56,200,144
jin_4_6,0.01,32,1.977140111732651,6.692539039989814,0.24776082578161596,0.021737648327824897,0.17877078838859595,62,200,138
jin_4_6,0.01,128,0.2925200427879173,1.127044452397028,0.0169435176595398,0.0094346021123344,0.013759163692916071,53,200,147
jin_4_6,0.01,512,0.4223076730087766,3.2451082183327964,0.014253217314417293,0.0266851958044816,0.010206547315815865,60,200,140
jin_4_6,0.01,2048,0.1020676421205433,0.09519056432901193,0.023871327210310038,0.034092343194854394,0.017574425558026678,54,200,146
jin_4_6,0.1,32,3.2757803373716183,8.858689512609534,0.3825954243303687,0.22032105782569,0.27976284838781146,58,200,142
jin_4_6,0.1,128,1.1592363710761497,0.8266721700776819,0.19260492015368763,0.4823227494291599,0.1321529407565169,66,200,134
jin_4_6,0.1,512,0.9874138426979608,0.16345979352198842,0.04912592956771056,0.8462413442356128,0.032824003001270745,66,200,134
jin_4_6,0.1,2048,0.9852467210660028,0.0829769789941936,0.02424612207576171,0.91030986312256,0.01825366280928079,61,200,139
jin_5_1,0.0001,32,0.5027118407238763,1.3184258878362571,0.14142240354834795,0.009919428949468899,0.1052997248779683,54,200,146
jin_5_1,0.0001,128,0.04466428204617186,0.07448578216800114,0.012705285141441851,0.003043698887593984,0.009849423311520089,54,200,146
jin_5_1,0.0001,512,0.05193279780974823,0.024708142217016844,0.015235742060222254,0.0160605638688784,0.011860020348510388,58,200,142
jin_5_1,0.0001,2048,0.06904278935619225,0.022518496350147413,0.014441265397911254,0.026925186793881603,0.011002365277852437,90,200,110
jin_5_1,0.001,32,0.49841097209227103,1.3181977645661873,0.14236434600863246,0.01737556330896,0.11231457141083778,49,200,151
jin_5_1,0.001,128,0.040321017837069935,0.049545337351265296,0.012786571500448003,0.002265018928606225,0.009609503121281589,62,200,138
jin_5_1,0.001,512,0.049729614414712416,0.02227459747980159,0.014195234514903298,0.015612549981036101,0.011828544896038615,54,200,146
jin_5_1,0.001,2048,0.06836408441425905,0.02362509826693633,0.014310890780828204,0.026945140425062502,0.01085659221701271,72,200,128
jin_5_1,0.01,32,0.514051335083201,1.3369149660804347,0.14652272105591818,0.0145125221584849,0.12105867648587988,44,200,156
jin_5_1,0.01,128,0.08550428490323664,0.45957345615865847,0.00902037262226306,0.002547520397783089,0.005989965381779919,68,200,132
jin_5_1,0.01,512,0.05247195325180368,0.021436331216821657,0.014753846689018746,0.0162513977121409,0.012758250236216474,60,200,140
jin_5_1,0.01,2048,0.07193273302979618,0.0244348037201345,0.01584285797797693,0.031222034777856397,0.012633277501200932,64,200,136
jin_5_1,0.1,32,0.4246665900759307,0.6060611587063028,0.13922784460055704,0.0242817859072996,0.10043973428372079,64,200,136
jin_5_1,0.1,128,0.08615073881215879,0.0473634648338234,0.017567632558853744,0.0387936867308769,0.012605508647356592,64,200,136
jin_5_1,0.1,512,0.12826933143202313,0.02621182088911388,0.016014769135763593,0.08855614778082249,0.013048734338532068,62,200,138
jin_5_1,0.1,2048,0.15825471744050162,0.024475816174169687,0.01867898277616381,0.10777736408683689,0.012234343259518592,76,200,124
jin_5_2,0.0001,32,0.5021840435889048,1.3192704285887518,0.14142664286064754,0.010943095185562501,0.10466179512278127,54,200,146
jin_5_2,0.0001,128,0.04000736431231498,0.05266219166015703,0.01241219732076844,0.003626184039018025,0.009843364790960124,52,200,148
jin_5_2,0.0001,512,0.05193279780974823,0.024708142217016844,0.015235742060222254,0.0160605638688784,0.011860020348510388,58,200,142
jin_5_2,0.0001,2048,0.06883959585846372,0.022360115630530333,0.01490038868440956,0.026925186793881603,0.011605119315165164,88,200,112
jin_5_2,0.001,32,0.4946638413787665,1.317744776808396,0.1433342759441072,0.0189781041418816,0.11627110337415061,46,200,154
jin_5_2,0.001,128,0.038641714958080275,0.04424116162414704,0.011809936267650749,0.0026687194381225,0.009022708820187353,64,200,136
jin_5_2,0.001,512,0.049729614414712416,0.02227459747980159,0.014195234514903298,0.015612549981036101,0.011828544896038615,54,200,146
jin_5_2,0.001,2048,0.06879772415975634,0.02286552578842073,0.013974740405741107,0.026945140425062502,0.01053191436027875,79,200,121
jin_5_2,0.01,32,0.5219697683834812,1.4270530878404697,0.14811807286673517,0.0145125221584849,0.12237995075238749,42,200,158
jin_5_2,0.01,128,0.03756895098437906,0.05544579297515486,0.012060576491097354,0.0037100350437432486,0.008822986819806903,56,200,144
jin_5_2,0.01,512,0.052290911532403866,0.02125401708570447,0.014041809454021947,0.0152426530900996,0.011579084377948934,74,200,126
jin_5_2,0.01,2048,0.07304427579107858,0.024562080595715994,0.017118125097214203,0.031097601347814398,0.013423790592067485,64,200,136
jin_5_2,0.1,32,0.43006546217018754,0.6090604494660449,0.14320741295887002,0.0254143378515625,0.10692786176263573,62,200,138
jin_5_2,0.1,128,0.08615073881215879,0.0473634648338234,0.017567632558853744,0.0387936867308769,0.012605508647356592,64,200,136
jin_5_2,0.1,512,0.12789037515331472,0.02577325666271775,0.01616778244921767,0.08774754437729439,0.01301589816963942,64,200,136
jin_5_2,0.1,2048,0.1579353509291442,0.024839414541082922,0.019673306555038905,0.10777736408683689,0.013007894082764551,74,200,126
jin_5_3,0.0001,32,0.5021840435889048,1.3192704285887518,0.14142664286064754,0.010943095185562501,0.10466179512278127,54,200,146
jin_5_3,0.0001,128,0.04932119978002873,0.09099101788487696,0.012848117743146646,0.003043698887593984,0.009840474997736817,56,200,144
jin_5_3,0.0001,512,0.05198348037831206,0.023983794860760844,0.0152724532618872,0.015750217370016903,0.01128988609148477,62,200,138
jin_5_3,0.0001,2048,0.06883959585846372,0.022360115630530333,0.01490038868440956,0.026925186793881603,0.011605119315165164,88,200,112
jin_5_3,0.001,32,0.49841097209227103,1.3181977645661873,0.14236434600863246,0.01737556330896,0.11231457141083778,49,200,151
jin_5_3,0.001,128,0.04200032071605959,0.05428196814813959,0.013589938167122388,0.002265018928606225,0.010589359926660583,58,200,142
jin_5_3,0.001,512,0.05128652891753085,0.023629161272183383,0.01379236107396975,0.017061448555470402,0.0116857953169363,56,200,144
jin_5_3,0.001,2048,0.06836408441425905,0.02362509826693633,0.014310890780828204,0.026945140425062502,0.01085659221701271,72,200,128
jin_5_3,0.01,32,0.5219697683834812,1.4270530878404697,0.14811807286673517,0.0145125221584849,0.12237995075238749,42,200,158
jin_5_3,0.01,128,0.03756895098437906,0.05544579297515486,0.012060576491097354,0.0037100350437432486,0.008822986819806903,56,200,144
jin_5_3,0.01,512,0.052290911532403866,0.02125401708570447,0.014041809454021947,0.0152426530900996,0.011579084377948934,74,200,126
jin_5_3,0.01,2048,0.07304427579107858,0.024562080595715994,0.017118125097214203,0.031097601347814398,0.013423790592067485,64,200,136
jin_5_3,0.1,32,0.43006546217018754,0.6090604494660449,0.14320741295887002,0.0254143378515625,0.10692786176263573,62,200,138
jin_5_3,0.1,128,0.08622232196760947,0.04845351754868225,0.018194254488346953,0.0331383613563025,0.01271652396063254,65,200,135
jin_5_3,0.1,512,0.12751141887460635,0.025321400132382713,0.015874726187233748,0.08774754437729439,0.012996599579728967,66,200,134
jin_5_3,0.1,2048,0.15825471744050162,0.024475816174169683,0.01867898277616381,0.10777736408683689,0.012234343259518589,76,200,124
jin_5_4,0.0001,32,0.5021840435889048,1.3192704285887518,0.14142664286064754,0.010943095185562501,0.10466179512278127,54,200,146
jin_5_4,0.0001,128,0.04000736431231498,0.05266219166015703,0.01241219732076844,0.003626184039018025,0.009843364790960124,52,200,148
jin_5_4,0.0001,512,0.05193279780974823,0.024708142217016844,0.015235742060222254,0.0160605638688784,0.011860020348510388,58,200,142
jin_5_4,0.0001,2048,0.06904278935619225,0.022518496350147413,0.014441265397911254,0.026925186793881603,0.011002365277852436,90,200,110
jin_5_4,0.001,32,0.4946638413787665,1.317744776808396,0.1433342759441072,0.0189781041418816,0.11627110337415061,46,200,154
jin_5_4,0.001,128,0.04200032071605959,0.05428196814813959,0.013589938167122388,0.002265018928606225,0.010589359926660583,58,200,142
jin_5_4,0.001,512,0.05050807166612163,0.02297512825978938,0.014253798389873548,0.015612549981036101,0.01175941695533204,55,200,145
jin_5_4,0.001,2048,0.06923136390525364,0.022071277586447315,0.014186793987669786,0.027963234072852103,0.01028393287512962,84,200,116
jin_5_4,0.01,32,0.5219697683834812,1.4270530878404697,0.14811807286673517,0.0145125221584849,0.12237995075238749,42,200,158
jin_5_4,0.01,128,0.03756895098437906,0.05544579297515486,0.012060576491097354,0.0037100350437432486,0.008822986819806903,56,200,144
jin_5_4,0.01,512,0.05247195325180368,0.021436331216821657,0.014753846689018746,0.0162513977121409,0.012758250236216474,60,200,140
jin_5_4,0.01,2048,0.07304427579107858,0.024562080595715994,0.017118125097214203,0.031097601347814398,0.013423790592067485,64,200,136
jin_5_4,0.1,32,0.4246665900759307,0.6060611587063028,0.13922784460055704,0.0242817859072996,0.10043973428372079,64,200,136
jin_5_4,0.1,128,0.08615073881215879,0.0473634648338234,0.017567632558853744,0.0387936867308769,0.012605508647356592,64,200,136
jin_5_4,0.1,512,0.12751141887460635,0.025321400132382713,0.015874726187233748,0.08774754437729439,0.012996599579728967,66,200,134
jin_5_4,0.1,2048,0.1579353509291442,0.024839414541082922,0.019673306555038905,0.10777736408683689,0.013007894082764551,74,200,126
pagie_1_1,0.0001,32,0.019784970254707258,0.022671472450677996,0.004756506045553664,0.0021950166695100253,0.0033740918546032537,69,200,131
pagie_1_1,0.0001,128,0.008341631516238375,0.008935309369645277,0.0022603646455547693,0.000424205472870001,0.0014355038791756204,72,200,128
pagie_1_1,0.0001,512,0.010763721668272672,0.007015370602863276,0.004166557934069389,0.001558342496367409,0.003217913657735309,58,200,142
pagie_1_1,0.0001,2048,0.008779160311955938,0.006042133615377675,0.0029354696315556875,0.002257670758592209,0.0022697444586369606,60,200,140
pagie_1_1,0.001,32,0.01927986556992547,0.022261194356966028,0.0045917470477485,0.0027101405221801,0.003399977992549676,70,200,130
pagie_1_1,0.001,128,0.008781410495659043,0.008963950567883927,0.0038460268632476246,0.0005005029834617761,0.003112251323606294,60,200,140
pagie_1_1,0.001,512,0.010639468029385108,0.00706139221865674,0.00424530225830565,0.00145975956624,0.0032546763909527946,60,200,140
pagie_1_1,0.001,2048,0.00901048892870262,0.006092822129658343,0.002847949402384895,0.002114366855240025,0.0022238770046556352,62,200,138
pagie_1_1,0.01,32,0.03343737519376584,0.027206545311392293,0.01546197647203365,0.0017294799829582887,0.012516493967739078,42,200,158
pagie_1_1,0.01,128,0.009782476505391803,0.009897775450253192,0.0038263421629129565,0.000655302094079161,0.0024716422988252775,74,200,126
pagie_1_1,0.01,512,0.010903612125030437,0.0066543158035180594,0.004706026104462592,0.001918138142274916,0.004139509468441788,42,200,158
pagie_1_1,0.01,2048,0.008421138780645989,0.00511248463370639,0.0025902182618281373,0.0018990566390798891,0.0018947819628532207,63,200,137
pagie_1_1,0.1,32,0.024243094758072615,0.016293633498809416,0.007882720734015001,0.0042289230102289,0.006192801287291531,62,200,138
pagie_1_1,0.1,128,0.030524978651234918,0.008835211611809475,0.00720862530817605,0.014756765999404899,0.006305353538628123,58,200,142
pagie_1_1,0.1,512,0.03735529167951333,0.006482556881512775,0.005321837063547951,0.027604460086810004,0.004651001845888929,44,200,156
pagie_1_1,0.1,2048,0.03544433014088984,0.006954026287524938,0.004883873950368952,0.0264018789309025,0.004243746847702969,37,200,163
pagie_1_2,0.0001,32,0.019633181272576457,0.02273647194433448,0.004653189368561789,0.002198417588445796,0.003342075435265596,70,200,130
pagie_1_2,0.0001,128,0.008375154237399183,0.00967575727964522,0.0025665901234854724,0.00037274414713588897,0.0018242689358921563,70,200,130
pagie_1_2,0.0001,512,0.010763721668272672,0.007015370602863276,0.004166557934069389,0.001558342496367409,0.0032179136577353087,58,200,142
pagie_1_2,0.0001,2048,0.008779160311955938,0.006042133615377675,0.0029354696315556875,0.002257670758592209,0.0022697444586369606,60,200,140
pagie_1_2,0.001,32,0.01927986556992547,0.022261194356966028,0.0045917470477485,0.0027101405221801,0.003399977992549676,70,200,130
pagie_1_2,0.001,128,0.008843217314599942,0.008707762138319981,0.0039027511406912125,0.0005005029834617761,0.0032333711170354977,60,200,140
pagie_1_2,0.001,512,0.01065506663309953,0.007046977746164095,0.004241213059513799,0.0014510263666756003,0.003248374526432484,60,200,140
pagie_1_2,0.001,2048,0.00901048892870262,0.006092822129658343,0.002847949402384895,0.002114366855240025,0.0022238770046556352,62,200,138
pagie_1_2,0.01,32,0.033248126877472514,0.02710247770842071,0.01543442128690425,0.0017322618582025003,0.012423779103088483,42,200,158
pagie_1_2,0.01,128,0.009782476505391803,0.009897775450253192,0.0038263421629129565,0.000655302094079161,0.0024716422988252775,74,200,126
pagie_1_2,0.01,512,0.010860095472847185,0.006687560028235379,0.004823665761754787,0.001917767816490276,0.004238243608791794,40,200,160
pagie_1_2,0.01,2048,0.008421138780645989,0.00511248463370639,0.0025902182618281373,0.0018990566390798891,0.0018947819628532207,63,200,137
pagie_1_2,0.1,32,0.024278309147023308,0.016145822352268045,0.008099690559354854,0.004116195071456401,0.0062162034529121175,62,200,138
pagie_1_2,0.1,128,0.030612328782100285,0.008845935611593126,0.007255645855491153,0.014662599200208399,0.006390868926524277,58,200,142
pagie_1_2,0.1,512,0.03735529167951333,0.006482556881512775,0.005321837063547951,0.027604460086810004,0.004651001845888929,44,200,156
pagie_1_2,0.1,2048,0.0353736293139467,0.00693751881134918,0.004756786770356902,0.026401888680096398,0.004268151072876965,36,200,164
vladislavleva_1_1,0.0001,32,0.0017976558196764363,0.004214013551461535,0.000341951133839808,4.2495522661881005e-05,0.00025689113614787713,58,200,142
vladislavleva_1_1,0.0001,128,0.00030528583034542716,0.001377816953995786,3.933100441675382e-05,1.153651182324481e-05,3.1268109117300725e-05,55,200,145
vladislavleva_1_1,0.0001,512,0.00019446770959171151,0.00018724989593163109,5.1586962370823986e-05,4.8055660263961e-05,3.7206244013963626e-05,62,200,138
vladislavleva_1_1,0.0001,2048,0.00020888213000231823,0.00017454494681086037,5.1403716127789985e-05,6.3907601373729e-05,3.9158954774056136e-05,60,200,140
vladislavleva_1_1,0.001,32,0.001606606924941904,0.0033568268601464695,0.00030315151596550555,3.1924104620164e-05,0.0002279528257171353,58,200,142
vladislavleva_1_1,0.001,128,0.00030199905037718946,0.0012674701977434541,3.9717415138943986e-05,1.5257244570335289e-05,3.002757481982269e-05,60,200,140
vladislavleva_1_1,0.001,512,0.00018957807020266826,0.00019028989437543532,4.3739975129767504e-05,4.849350069425625e-05,3.232895091090556e-05,64,200,136
vladislavleva_1_1,0.001,2048,0.0002177882290588189,0.00017371076940456327,5.5340380218251505e-05,6.50613239236e-05,4.4619011367536714e-05,60,200,140
vladislavleva_1_1,0.01,32,0.002263359548906585,0.006779126315322855,0.0004241631798073956,5.1873759094336e-05,0.00033303580484635436,53,200,147
vladislavleva_1_1,0.01,128,0.00030962934856107265,0.0011808069848587874,5.671940314933962e-05,1.7587069365636003e-05,4.677034962867226e-05,54,200,146
vladislavleva_1_1,0.01,512,0.00019297677875683566,0.00012354482997039898,5.0536059836341494e-05,5.696322562728196e-05,3.9373524406926856e-05,58,200,142
vladislavleva_1_1,0.01,2048,0.00024388009864599234,0.00022848989651606114,5.874968569446585e-05,7.843580324720099e-05,4.9871681385120985e-05,49,200,151
vladislavleva_1_1,0.1,32,0.0034305547433628797,0.00714593344871844,0.0004978086435807681,0.00041007598661088894,0.00037210659861524264,68,200,132
vladislavleva_1_1,0.1,128,0.0022313866904866636,0.00822022468767741,0.00014480750248573612,0.00098201383641,0.00011121035684895298,60,200,140
vladislavleva_1_1,0.1,512,0.0013659789824286175,0.00011957979875342792,5.987359587656001e-05,0.001199551222473444,4.339435640002831e-05,64,200,136
vladislavleva_1_1,0.1,2048,0.0015134250615308586,0.00018257637731504685,5.803367640543208e-05,0.0013293020675640248,4.477805558929104e-05,68,200,132
vladislavleva_1_2,0.0001,32,0.0018013586894164517,0.0042335543822008435,0.00033839976508770605,4.2495522661881005e-05,0.00025541068972206247,58,200,142
vladislavleva_1_2,0.0001,128,0.00030528583034542716,0.001377816953995786,3.933100441675382e-05,1.153651182324481e-05,3.1268109117300725e-05,55,200,145
vladislavleva_1_2,0.0001,512,0.00019320564846204532,0.00018748345047280834,5.0990324675251505e-05,4.805347802619456e-05,3.778466756267335e-05,59,200,141
vladislavleva_1_2,0.0001,2048,0.00020740312865807637,0.00017330957692033254,5.2498744160370496e-05,6.390705776772101e-05,4.152489727934727e-05,55,200,145
vladislavleva_1_2,0.001,32,0.001606606924941904,0.0033568268601464695,0.00030315151596550555,3.1924104620164e-05,0.0002279528257171353,58,200,142
vladislavleva_1_2,0.001,128,0.00033171822496835465,0.0016159554918149489,3.936882496612649e-05,1.202639144511744e-05,3.0042723298078472e-05,58,200,142
vladislavleva_1_2,0.001,512,0.00018957807020266826,0.00019028989437543532,4.3739975129767504e-05,4.849350069425625e-05,3.232895091090556e-05,64,200,136
vladislavleva_1_2,0.001,2048,0.00021924850991607414,0.000176418073889475,5.811635536785199e-05,6.50613239236e-05,4.5731351460646325e-05,60,200,140
vladislavleva_1_2,0.01,32,0.002263359548906585,0.006779126315322855,0.0004241631798073956,5.1873759094336e-05,0.00033303580484635436,53,200,147
vladislavleva_1_2,0.01,128,0.0003642896173339663,0.001707580226640893,4.7610043391529776e-05,1.5943601787136e-05,3.869284531908673e-05,53,200,147
vladislavleva_1_2,0.01,512,0.0001923979374557668,0.0001234391590374282,4.8467874524412e-05,5.696322562728196e-05,3.8034516160477534e-05,61,200,139
vladislavleva_1_2,0.01,2048,0.00024388009864599234,0.00022848989651606114,5.874968569446585e-05,7.843580324720099e-05,4.987168138512098e-05,49,200,151
vladislavleva_1_2,0.1,32,0.0034215416868888997,0.007134440544679218,0.0005013989091725686,0.00041007598661088894,0.0003701535652179347,68,200,132
vladislavleva_1_2,0.1,128,0.0022313866904866636,0.00822022468767741,0.00014480750248573612,0.00098201383641,0.00011121035684895298,60,200,140
vladislavleva_1_2,0.1,512,0.0013659789824286175,0.00011957979875342792,5.987359587656001e-05,0.001199551222473444,4.339435640002831e-05,64,200,136
vladislavleva_1_2,0.1,2048,0.0015136305648306653,0.00018671960430565157,5.7173198708529655e-05,0.0013293020675640248,4.402567753760475e-05,68,200,132
vladislavleva_1_3,0.0001,32,0.0017976558196764363,0.004214013551461535,0.000341951133839808,4.2495522661881005e-05,0.00025689113614787713,58,200,142
vladislavleva_1_3,0.0001,128,0.0003173726383087129,0.0015892462227515387,3.9770947245007686e-05,1.292421697371289e-05,3.432093041688375e-05,44,200,156
vladislavleva_1_3,0.0001,512,0.0001919435873323791,0.00018770818647933338,5.009599637373401e-05,4.805347802619456e-05,3.7488306027421995e-05,58,200,142
vladislavleva_1_3,0.0001,2048,0.0002059241273138345,0.00017205256049556222,5.0498901352085516e-05,6.390705776772101e-05,3.931399242306393e-05,62,200,138
vladislavleva_1_3,0.001,32,0.0016033033469385388,0.003357952231522534,0.0003031572078959701,3.1924104620164e-05,0.00022579144932714386,58,200,142
vladislavleva_1_3,0.001,128,0.0003168586376727721,0.001452280394333874,4.0944599753057215e-05,1.202639144511744e-05,3.051645298825781e-05,58,200,142
vladislavleva_1_3,0.001,512,0.00019010237030279257,0.0001902957631692306,4.473185785915863e-05,4.849350069425625e-05,3.284206746421441e-05,64,200,136
vladislavleva_1_3,0.001,2048,0.00021924850991607414,0.000176418073889475,5.811635536785199e-05,6.50613239236e-05,4.5731351460646325e-05,60,200,140
vladislavleva_1_3,0.01,32,0.002263359548906585,0.006779126315322855,0.0004241631798073956,5.1873759094336e-05,0.00033303580484635436,53,200,147
vladislavleva_1_3,0.01,128,0.0003642896173339663,0.001707580226640893,4.7610043391529776e-05,1.5943601787136e-05,3.869284531908673e-05,53,200,147
vladislavleva_1_3,0.01,512,0.0001923979374557668,0.0001234391590374282,4.8467874524412e-05,5.696322562728196e-05,3.8034516160477534e-05,61,200,139
vladislavleva_1_3,0.01,2048,0.00024388009864599234,0.00022848989651606114,5.874968569446585e-05,7.843580324720099e-05,4.9871681385120985e-05,49,200,151
vladislavleva_1_3,0.1,32,0.0034215416868888997,0.007134440544679218,0.0005013989091725686,0.00041007598661088894,0.0003701535652179347,68,200,132
vladislavleva_1_3,0.1,128,0.002222828131845888,0.008134361129991304,0.00014795671406428446,0.00098201383641,0.00011251282695999765,58,200,142
vladislavleva_1_3,0.1,512,0.0013659789824286175,0.00011957979875342792,5.987359587656001e-05,0.001199551222473444,4.339435640002831e-05,64,200,136
vladislavleva_1_3,0.1,2048,0.0015134250615308586,0.00018257637731504685,5.803367640543208e-05,0.0013293020675640248,4.477805558929104e-05,68,200,132
vladislavleva_1_4,0.0001,32,0.0018013586894164517,0.0042335543822008435,0.00033839976508770605,4.2495522661881005e-05,0.00025541068972206247,58,200,142
vladislavleva_1_4,0.0001,128,0.00030528583034542716,0.001377816953995786,3.933100441675382e-05,1.153651182324481e-05,3.1268109117300725e-05,55,200,145
vladislavleva_1_4,0.0001,512,0.00019320564846204532,0.00018748345047280834,5.0990324675251505e-05,4.805347802619456e-05,3.778466756267335e-05,59,200,141
vladislavleva_1_4,0.0001,2048,0.00020740312865807637,0.00017330957692033254,5.2498744160370496e-05,6.390705776772101e-05,4.152489727934727e-05,55,200,145
vladislavleva_1_4,0.001,32,0.001606606924941904,0.0033568268601464695,0.00030315151596550555,3.1924104620164e-05,0.0002279528257171353,58,200,142
vladislavleva_1_4,0.001,128,0.00033171822496835465,0.0016159554918149489,3.936882496612649e-05,1.202639144511744e-05,3.0042723298078472e-05,58,200,142
vladislavleva_1_4,0.001,512,0.00019010237030279257,0.00019029576316923058,4.473185785915863e-05,4.849350069425625e-05,3.284206746421441e-05,64,200,136
vladislavleva_1_4,0.001,2048,0.00021924850991607414,0.000176418073889475,5.811635536785199e-05,6.50613239236e-05,4.5731351460646325e-05,60,200,140
vladislavleva_1_4,0.01,32,0.0021497268348548786,0.006584846988419564,0.0004069802742605274,5.6796933067876005e-05,0.000334639403305183,50,200,150
vladislavleva_1_4,0.01,128,0.00030962934856107265,0.0011808069848587874,5.671940314933962e-05,1.7587069365636003e-05,4.677034962867226e-05,54,200,146
vladislavleva_1_4,0.01,512,0.0001923979374557668,0.0001234391590374282,4.8467874524412e-05,5.696322562728196e-05,3.8034516160477534e-05,61,200,139
vladislavleva_1_4,0.01,2048,0.00024388009864599234,0.00022848989651606114,5.874968569446585e-05,7.843580324720099e-05,4.987168138512098e-05,49,200,151
vladislavleva_1_4,0.1,32,0.0034305547433628797,0.00714593344871844,0.0004978086435807681,0.00041007598661088894,0.00037210659861524264,68,200,132
vladislavleva_1_4,0.1,128,0.0022313866904866636,0.00822022468767741,0.00014480750248573612,0.00098201383641,0.00011121035684895298,60,200,140
vladislavleva_1_4,0.1,512,0.0013659789824286175,0.00011957979875342792,5.987359587656001e-05,0.001199551222473444,4.339435640002831e-05,64,200,136
vladislavleva_1_4,0.1,2048,0.001513630564830665,0.00018671960430565157,5.7173198708529655e-05,0.0013293020675640248,4.402567753760475e-05,68,200,132
vladislavleva_8_1,0.0001,32,0.014171052118520305,0.0247924579612434,0.004185298522705181,0.00039509023927312905,0.003342699002390905,60,200,140
vladislavleva_8_1,0.0001,128,0.01649445986000968,0.03412696257876491,0.004466619368589051,0.00046066672206990407,0.0033166047915556933,59,200,141
vladislavleva_8_1,0.0001,512,0.01149196188379588,0.024878383219449296,0.0019943435551564915,0.002650317248237824,0.0015030333298620589,56,200,144
vladislavleva_8_1,0.0001,2048,0.010293137255932451,0.0063085949036666925,0.0025382554350980623,0.003580582294693089,0.0021493438118961746,52,200,148
vladislavleva_8_1,0.001,32,0.01639339685593123,0.030229369644453163,0.0038492477962905995,0.00046158189258484894,0.0030168476002219056,58,200,142
vladislavleva_8_1,0.001,128,0.01773217695100061,0.033420976513646034,0.0048966189362248825,0.00040061571675976894,0.003690685676940409,53,200,147
vladislavleva_8_1,0.001,512,0.01110604859895574,0.02433574037256003,0.0022168364369252497,0.0021716140563364,0.0016095957180092455,59,200,141
vladislavleva_8_1,0.001,2048,0.010664122686205613,0.007642997029502275,0.0024589430083452007,0.004220629230976899,0.0019936908380093292,48,200,152
vladislavleva_8_1,0.01,32,0.018221742756218705,0.029293947840140774,0.004079536925093938,0.0006637398979224999,0.0027692849190699962,65,200,135
vladislavleva_8_1,0.01,128,0.024459446817317588,0.050172849123128097,0.00556972097171555,0.000550937929252489,0.004156417713566009,56,200,144
vladislavleva_8_1,0.01,512,0.01220715134884107,0.026488715298512506,0.0021628684852582356,0.002526544288326564,0.0016149842522873536,54,200,146
vladislavleva_8_1,0.01,2048,0.011066072237643085,0.0062507954365861014,0.0020731769128501695,0.004780168825725226,0.0016295008485799614,64,200,136
vladislavleva_8_1,0.1,32,0.12494826792732124,0.23856086276857055,0.018346919849584448,0.0244423144185444,0.013471626406746024,80,200,120
vladislavleva_8_1,0.1,128,0.03093875991929467,0.02916171477310263,0.005769312271267953,0.010461895961228101,0.004083521635092066,68,200,132
vladislavleva_8_1,0.1,512,0.029801709512333182,0.01277781561708709,0.002851706397420004,0.021161125223449602,0.002230539536824212,54,200,146
vladislavleva_8_1,0.1,2048,0.03429175912849278,0.005226084881223087,0.0019586703359547493,0.0275191868632464,0.0013507005240232842,89,200,111
vladislavleva_8_2,0.0001,32,0.014249424698956332,0.026543255604671648,0.0040529058257726775,0.00046283627577689996,0.003214739612510339,58,200,142
vladislavleva_8_2,0.0001,128,0.01649445986000968,0.03412696257876491,0.004466619368589051,0.00046066672206990407,0.0033166047915556933,59,200,141
vladislavleva_8_2,0.0001,512,0.011498121347186361,0.024894426519776563,0.002102425082115545,0.001777983025170496,0.0014729560759121807,63,200,137
vladislavleva_8_2,0.0001,2048,0.01026017361498936,0.006299161939969684,0.002497701900272408,0.003580582294693089,0.0020391047996076686,57,200,143
vladislavleva_8_2,0.001,32,0.01559896227957079,0.0261451152562689,0.0038569368937314374,0.000260837422813444,0.002850553097189142,62,200,138
vladislavleva_8_2,0.001,128,0.015145415021009403,0.02808494175579541,0.004366265455486856,0.00040061571675976894,0.0030969473143371137,56,200,144
vladislavleva_8_2,0.001,512,0.01098106387755435,0.02435005518912241,0.0020807698894062,0.0021716140563364,0.0015285465227154375,62,200,138
vladislavleva_8_2,0.001,2048,0.010664122686205613,0.007642997029502275,0.0024589430083452007,0.004220629230976899,0.0019936908380093292,48,200,152
vladislavleva_8_2,0.01,32,0.01814205631493656,0.029118299628839703,0.003979670786512405,0.000779838688550464,0.0027560136043289886,64,200,136
vladislavleva_8_2,0.01,128,0.021100640306879182,0.045734360245723686,0.004508825695627006,0.000550937929252489,0.0036853288575196814,56,200,144
vladislavleva_8_2,0.01,512,0.012308774086879375,0.026499435557954747,0.0021048794324832996,0.002526544288326564,0.001480862687803851,61,200,139
vladislavleva_8_2,0.01,2048,0.010991194905880098,0.0061347119169198865,0.0021844895043059997,0.004268027192419599,0.0016415872999573713,67,200,133
vladislavleva_8_2,0.1,32,0.11639582202778322,0.19038469033159158,0.01893403098511955,0.0244423144185444,0.014497447548269926,75,200,125
vladislavleva_8_2,0.1,128,0.03145069797976153,0.02973057223842633,0.00532553442296775,0.011536658910145601,0.0035511447555800764,76,200,124
vladislavleva_8_2,0.1,512,0.029605823166193465,0.012729574864263795,0.0027491726336512003,0.021161125223449602,0.002168565389271708,56,200,144
vladislavleva_8_2,0.1,2048,0.03429175912849278,0.005226084881223087,0.0019586703359547493,0.0275191868632464,0.0013507005240232842,89,200,111
vladislavleva_8_3,0.0001,32,0.014249424698956332,0.026543255604671648,0.0040529058257726775,0.00046283627577689996,0.003214739612510339,58,200,142
vladislavleva_8_3,0.0001,128,0.01649445986000968,0.03412696257876491,0.004466619368589051,0.00046066672206990407,0.0033166047915556933,59,200,141
vladislavleva_8_3,0.0001,512,0.011498121347186361,0.024894426519776563,0.002102425082115545,0.001777983025170496,0.0014729560759121807,63,200,137
vladislavleva_8_3,0.0001,2048,0.010293137255932451,0.0063085949036666925,0.0025382554350980623,0.003580582294693089,0.0021493438118961746,52,200,148
vladislavleva_8_3,0.001,32,0.01559896227957079,0.0261451152562689,0.0038569368937314374,0.000260837422813444,0.002850553097189142,62,200,138
vladislavleva_8_3,0.001,128,0.020318938880991816,0.03783793684437758,0.005400708918234974,0.000583889375422809,0.004222866447876271,50,200,150
vladislavleva_8_3,0.001,512,0.01098106387755435,0.02435005518912241,0.0020807698894062,0.0021716140563364,0.0015285465227154375,62,200,138
vladislavleva_8_3,0.001,2048,0.010785659029530471,0.0076920821313356735,0.0020876139017503618,0.0036364120091289002,0.0016093241231590109,76,200,124
vladislavleva_8_3,0.01,32,0.01822174275621871,0.02929394784014077,0.004079536925093938,0.0006637398979224999,0.0027692849190699962,65,200,135
vladislavleva_8_3,0.01,128,0.024459446817317588,0.050172849123128097,0.00556972097171555,0.000550937929252489,0.004156417713566009,56,200,144
vladislavleva_8_3,0.01,512,0.012308774086879375,0.026499435557954747,0.0021048794324832996,0.002526544288326564,0.001480862687803851,61,200,139
vladislavleva_8_3,0.01,2048,0.011066072237643085,0.0062507954365861014,0.0020731769128501695,0.004780168825725226,0.0016295008485799614,64,200,136
vladislavleva_8_3,0.1,32,0.10784337612824522,0.12423506590248617,0.019161211404525202,0.025073591893744904,0.0152634636703818,72,200,128
vladislavleva_8_3,0.1,128,0.031194728949528096,0.029448635222322866,0.005556709242833149,0.010461895961228101,0.0037790406189128923,73,200,127
vladislavleva_8_3,0.1,512,0.029605823166193465,0.012729574864263796,0.0027491726336512003,0.021161125223449602,0.002168565389271708,56,200,144
vladislavleva_8_3,0.1,2048,0.03429175912849278,0.005226084881223087,0.0019586703359547493,0.0275191868632464,0.0013507005240232842,89,200,111
vladislavleva_8_4,0.0001,32,0.014171052118520305,0.0247924579612434,0.004185298522705181,0.00039509023927312905,0.003342699002390905,60,200,140
vladislavleva_8_4,0.0001,128,0.016045231883754507,0.030325178363448904,0.0046388593305978325,0.0004608817649766491,0.003524740869425861,56,200,144
vladislavleva_8_4,0.0001,512,0.011504280810576844,0.024910457956931628,0.002158811617541458,0.001777983025170496,0.0014858132215362916,66,200,134
vladislavleva_8_4,0.0001,2048,0.01026017361498936,0.006299161939969684,0.002497701900272408,0.003580582294693089,0.0020391047996076686,57,200,143
vladislavleva_8_4,0.001,32,0.01639339685593123,0.030229369644453163,0.0038492477962905995,0.00046158189258484894,0.0030168476002219056,58,200,142
vladislavleva_8_4,0.001,128,0.020318938880991816,0.03783793684437758,0.005400708918234974,0.000583889375422809,0.004222866447876271,50,200,150
vladislavleva_8_4,0.001,512,0.01110604859895574,0.02433574037256003,0.0022168364369252497,0.0021716140563364,0.0016095957180092455,59,200,141
vladislavleva_8_4,0.001,2048,0.010724890857868043,0.007667820869153172,0.0021893292596033604,0.0036364120091289002,0.0016191163449101938,72,200,128
vladislavleva_8_4,0.01,32,0.018221742756218705,0.029293947840140774,0.004079536925093938,0.0006637398979224999,0.0027692849190699962,65,200,135
vladislavleva_8_4,0.01,128,0.024459446817317588,0.050172849123128097,0.00556972097171555,0.000550937929252489,0.004156417713566009,56,200,144
vladislavleva_8_4,0.01,512,0.012410396824917682,0.02650975996613713,0.0021235252138157704,0.0028133349511744,0.0014427478974183155,62,200,138
vladislavleva_8_4,0.01,2048,0.010916317574117112,0.006015452388610575,0.0022433084727054003,0.004268027192419599,0.0016781778488804398,68,200,132
vladislavleva_8_4,0.1,32,0.10784337612824521,0.12454839569621569,0.019161211404525202,0.025073591893744904,0.015323913268019103,36,100,64
vladislavleva_8_4,0.1,128,0.031194728949528096,0.029448635222322866,0.005556709242833149,0.010461895961228101,0.0037790406189128923,73,200,127
vladislavleva_8_4,0.1,512,0.02940993682005375,0.012678109162706026,0.002757978941257049,0.021491020515385602,0.0022284183973688147,52,200,148
vladislavleva_8_4,0.1,2048,0.03433335623879965,0.005362734048548417,0.0020428555395467472,0.0275191868632464,0.001409847250718747,84,200,116
