problem,noise_level,sample_size,a0,a1,a2,a3,a4,b0,RMSE_obs_train,R2_obs_train,NRMSEr_obs_train,NRMSEm_obs_train,RMSE_obs_test,R2_obs_test,NRMSEr_obs_test,NRMSEm_obs_test,RMSE_clean_train,R2_clean_train,NRMSEr_clean_train,NRMSEm_clean_train,RMSE_clean_test,R2_clean_test,NRMSEr_clean_test,NRMSEm_clean_test,RMSE_obs_test_x0OOD,R2_obs_test_x0OOD,NRMSEr_obs_test_x0OOD,NRMSEm_obs_test_x0OOD,RMSE_obs_test_x1OOD,R2_obs_test_x1OOD,NRMSEr_obs_test_x1OOD,NRMSEm_obs_test_x1OOD,RMSE_obs_test_x0x1OOD,R2_obs_test_x0x1OOD,NRMSEr_obs_test_x0x1OOD,NRMSEm_obs_test_x0x1OOD,RMSE_clean_test_x0OOD,RMSE_clean_test_x1OOD,RMSE_clean_test_x0x1OOD,estimated_param_name,hessian_train_loss_autodiff,hessian_train_loss_finite_diff,estimated_param_mean,estimated_param_median,estimated_param_diameter,estimated_param_diameter_95,estimated_param_std,a5
new_1_1,0.0001,32,0.2601634239189825,,,,,4.42429934429804,54.36342,0.051511586,0.35428894,1.1524041,46.0196,0.18237633,0.19316217,1.3350686,54.364815,0.051516116,0.35427356,1.1524999,46.019627,0.18237281,0.19318074,1.3350797,327.45538,-7.348714,0.82398677,0.9776384,49.068714,0.18394089,0.2066647,1.4149095,318.4508,-7.3321095,0.8198006,0.9754624,327.45493,49.068806,318.4504,a0,1880.8770751953125,1988.8174106199585,0.2601616931418587,0.2601617291492072,2.6917047086238988e-06,9.88455788608622e-07,2.852665622535071e-07,
new_1_1,0.0001,128,0.0190156106091614,,,,,3.964871625459685,51.550724,0.05930513,0.2163614,1.2958912,52.15142,0.058096766,0.21087359,1.4395891,51.55038,0.059313416,0.2163665,1.2958711,52.151485,0.05809349,0.21087801,1.4396105,367.45288,-9.28993,0.9282189,1.1112354,55.28019,0.10384643,0.23450921,1.5052443,375.2557,-10.300714,0.96734804,1.1080844,367.45273,55.27971,375.25574,a0,1362.6175537109375,1364.8532080878795,0.01901430385729104,0.01901429555396585,5.9469683870022605e-06,1.1634107454985831e-06,5.311084864437633e-07,
new_1_1,0.0001,512,0.035034742208339,,,,,3.727864239235548,50.083683,0.05804789,0.20894578,1.3500164,51.181026,0.075149834,0.21331693,1.3815289,50.083572,0.05804819,0.20893946,1.3500322,51.180965,0.075149834,0.21331216,1.381524,368.86557,-10.347756,0.9307156,1.1038524,52.32877,0.08320671,0.21951096,1.4710035,367.26108,-9.520321,0.9445837,1.1099858,368.86584,52.3291,367.26126,a0,1259.2767333984375,1254.460612017283,0.03503379520504472,0.03503380095368125,2.348766196397234e-06,1.3783280343945825e-06,2.863428344679543e-07,
new_1_1,0.0001,2048,0.0482574348836379,,,,,3.746318495934553,51.5263,0.055855274,0.21150444,1.3645455,50.818142,0.09675896,0.21079837,1.3307017,51.52632,0.05585444,0.21151192,1.3645498,50.817913,0.09675914,0.21080154,1.3306929,368.1438,-9.924423,0.93279284,1.0986725,53.86849,0.0888769,0.2261715,1.3917753,365.55875,-10.006834,0.9375637,1.0992421,368.14398,53.868473,365.55884,a0,1313.9541015625,1322.6896753621986,0.04825574845216308,0.0482557269228843,3.930528950903123e-06,2.666713707397128e-06,5.825535655457078e-07,
new_1_1,0.001,32,0.2601633806591709,,,,,4.426739858138646,54.35085,0.051471353,0.35442758,1.1515418,46.026703,0.18215078,0.19302602,1.3351814,54.364826,0.0515157,0.35427362,1.1525002,46.02689,0.1821146,0.19321124,1.3352903,327.4367,-7.3471813,0.82379985,0.9775739,49.074818,0.18370616,0.20664646,1.4151359,318.43152,-7.3310804,0.81962407,0.975392,327.43204,49.075676,318.42755,a0,1880.8770751953125,1796.94795042451,0.26016169818517315,0.260161741784145,2.622199122392921e-06,1.1224068282023048e-06,2.812665485198142e-07,
new_1_1,0.001,128,0.0190156674835782,,,,,3.964555569913693,51.553814,0.059230804,0.21631555,1.2960718,52.150684,0.05813366,0.21083306,1.4393928,51.55038,0.059313416,0.2163665,1.2958711,52.151283,0.05810082,0.2108772,1.4396049,367.4572,-9.29018,0.92826766,1.1112435,55.284348,0.10383177,0.23434444,1.505283,375.25812,-10.300266,0.9676035,1.1080968,367.4557,55.27948,375.25873,a0,1362.6175537109375,1340.3103876044042,0.019014305259962495,0.01901429175816215,5.957625757599394e-06,1.2109103438989743e-06,5.283331270763814e-07,
new_1_1,0.001,512,0.0350348148822415,,,,,3.728328955206112,50.084717,0.058045864,0.20896724,1.349875,51.1817,0.07514769,0.21326382,1.3815765,50.083572,0.05804819,0.20893946,1.3500322,51.181038,0.07514721,0.21331246,1.3815259,368.8586,-10.347398,0.9309134,1.1038401,52.326023,0.083208084,0.21939467,1.4708724,367.25543,-9.520157,0.9446066,1.1099724,368.86148,52.329315,367.25687,a0,1259.2767333984375,1256.7331373247725,0.035033811098441815,0.03503378048244405,2.4857742872974598e-06,1.521232415500895e-06,3.113910049504435e-07,
new_1_1,0.001,2048,0.0482577440498124,,,,,3.746407880783998,51.52612,0.05586171,0.21139807,1.3645084,50.82023,0.09675789,0.21076992,1.330781,51.526318,0.05585462,0.21151191,1.3645496,50.81791,0.09675932,0.21080153,1.3306929,368.14133,-9.924195,0.9324906,1.0986711,53.86867,0.08887887,0.22598563,1.3917536,365.5571,-10.007019,0.9374474,1.0992383,368.14307,53.86846,365.55795,a0,1313.9541015625,1327.221286828717,0.04825568483919099,0.04825568729174495,4.404276865800638e-06,2.595942855697364e-06,5.772459209796886e-07,
new_1_1,0.01,32,0.2601626655987691,,,,,4.451148541648774,54.22794,0.051061988,0.35584182,1.1430268,46.103565,0.17984098,0.1912641,1.3364775,54.365513,0.051491857,0.3542781,1.1525148,46.10019,0.17950743,0.19351894,1.3374169,327.25095,-7.331587,0.819504,0.97693086,49.14133,0.18130517,0.20607759,1.4175587,318.23935,-7.3205156,0.815913,0.9746908,327.20337,49.144966,318.1989,a0,1880.8770751953125,1745.2686679462204,0.26016168842525955,0.26016173604405907,1.958175117999783e-06,9.8812043397567e-07,2.4642428163604146e-07,
new_1_1,0.01,128,0.0190157124922724,,,,,3.961397146663647,51.58859,0.05847937,0.21558948,1.2979765,52.147118,0.05849105,0.20987093,1.4375366,51.550392,0.05931306,0.21636654,1.2958715,52.1493,0.058172405,0.21086918,1.4395502,367.50125,-9.292421,0.928757,1.1113262,55.329544,0.10367173,0.23271951,1.5057695,375.2831,-10.295466,0.9664596,1.108223,367.4853,55.277256,375.2885,a0,1362.6175537109375,1378.1994612145354,0.019014308080287253,0.01901429200102155,6.118624496901509e-06,1.1277174873994267e-06,5.369812223224326e-07,
new_1_1,0.01,512,0.0350347835524527,,,,,3.732982345534807,50.099262,0.058015704,0.20850383,1.348576,51.1919,0.07511413,0.21261221,1.3821458,50.083603,0.058047116,0.20893958,1.350033,51.1818,0.075119674,0.21331565,1.3815465,368.78958,-10.343505,0.9309179,1.1037192,52.302086,0.08321142,0.21769013,1.469661,367.19943,-9.518244,0.9416694,1.1098385,368.81754,52.331463,367.21317,a0,1259.2767333984375,1245.531743279571,0.03503377990246741,0.0350337557553331,2.6441036001037532e-06,1.2974152961003904e-06,3.1380153404555144e-07,
new_1_1,0.01,2048,0.0482576127405681,,,,,3.747302679117976,51.52817,0.05591619,0.2097351,1.3642399,50.845192,0.09673071,0.20981431,1.3316809,51.52632,0.05585456,0.21151192,1.3645498,50.81793,0.096758604,0.2108016,1.3306934,368.11752,-9.921631,0.9294806,1.0986602,53.874012,0.08888465,0.22401497,1.3916274,365.54135,-10.008577,0.93628824,1.0992017,368.13467,53.868427,365.54953,a0,1313.9541015625,1305.622283325647,0.048255724965136526,0.0482556971598067,3.851167472895822e-06,1.9863149295987204e-06,5.221853593566721e-07,
new_1_1,0.1,32,0.2601629628329747,,,,,4.695218626741632,53.28368,0.0462386,0.3410892,1.0681702,47.440697,0.15197837,0.16940865,1.3657068,54.432426,0.049155533,0.35471416,1.1539333,46.89668,0.15091074,0.19686243,1.3605239,325.47003,-7.149867,0.7596049,0.97073656,50.34307,0.15234703,0.20028558,1.4574167,316.38885,-7.1886864,0.7705653,0.96790594,324.91693,49.898106,315.91284,a0,1880.8770751953125,1719.6690273522108,0.26016169743266576,0.2601617297664955,2.2002728191083953e-06,1.6727698602947427e-06,3.212759306415983e-07,
new_1_1,0.1,128,0.0190155949022639,,,,,3.929817475097012,52.31487,0.05030787,0.20408587,1.3267919,52.4886,0.061018825,0.19553672,1.4294915,51.551575,0.059269845,0.2163715,1.2959012,52.130547,0.058849752,0.21079335,1.4390324,367.99484,-9.287185,0.9011554,1.1123143,56.136703,0.10086149,0.21914162,1.5202274,375.58768,-10.21428,0.92529976,1.1096457,367.78143,55.255993,375.5865,a0,1362.6175537109375,1328.880494384066,0.019014296475064998,0.01901429376108795,6.2496160879998985e-06,1.1298879551979724e-06,5.556807157800921e-07,
new_1_1,0.1,512,0.0350350137915115,,,,,3.779505648836412,50.66175,0.05682385,0.20390186,1.3468498,51.635635,0.07376176,0.20539439,1.3970999,50.086235,0.057947993,0.20895056,1.350104,51.191765,0.07475954,0.21335717,1.3818154,368.1475,-10.274082,0.90392816,1.1026534,52.41679,0.08217764,0.19737655,1.4675092,366.68723,-9.473052,0.89004403,1.108643,368.37817,52.35521,366.77588,a0,1259.2767333984375,1252.573650162958,0.03503380249551531,0.03503378731307395,3.4809231558019516e-06,1.233535294700716e-06,3.4597563664602264e-07,
new_1_1,0.1,2048,0.0482579280682852,,,,,3.756233511592737,51.926765,0.05568856,0.19293164,1.3715489,51.488216,0.09512299,0.19466463,1.3510208,51.52641,0.05585134,0.2115123,1.364552,50.81818,0.096749544,0.21080264,1.3306999,367.93253,-9.865036,0.88389945,1.0987096,54.27061,0.087920785,0.20737636,1.3992171,365.43753,-9.991786,0.9037874,1.0989975,368.05045,53.868126,365.46524,a0,1313.9541015625,1314.2877169229905,0.04825579936836433,0.048255795973764795,4.998575841103081e-06,2.435281849094695e-06,6.261164878236792e-07,
new_1_2,0.0001,32,,-2.199102212954741,,,,0.2452045713045535,11.64664,0.95646685,0.075901695,0.24688727,8.970412,0.96893346,0.037652314,0.26023945,11.646618,0.9564695,0.07589631,0.24690099,8.970517,0.9689326,0.037656352,0.2602445,38.635815,0.8837761,0.09722058,0.11534963,11.375253,0.95614344,0.047909614,0.32800844,33.563198,0.9074456,0.08640308,0.10280909,38.63537,11.375178,33.56279,a1,263.5337829589844,281.47050887331363,-2.199102757327718,-2.1991027439109327,1.1017234426979883e-06,7.855389090316578e-07,2.0863117791523354e-07,
new_1_2,0.0001,128,,-0.1608677472757684,,,,0.0671498866490088,11.846033,0.95032644,0.04971849,0.29778767,11.353256,0.95536095,0.045906745,0.31339556,11.846958,0.95031846,0.04972388,0.2978083,11.352965,0.9553632,0.045906473,0.3133918,51.6017,0.7970742,0.13035052,0.15605168,12.583151,0.9535675,0.05338015,0.34263116,57.31778,0.7363487,0.14775589,0.16925243,51.601864,12.583382,57.317673,a1,198.40042114257812,190.3676958363576,-0.16086268536717072,-0.1608627632249279,1.0310186265211074e-05,3.504040267193753e-06,1.0416195429537844e-06,
new_1_2,0.0001,512,,-0.3005696631908401,,,,0.0274907492476089,10.098043,0.9617078,0.04212836,0.27219492,10.083408,0.9641022,0.042026546,0.27218133,10.09819,0.9617065,0.042127796,0.27220267,10.083327,0.9641027,0.042025317,0.2721785,45.13531,0.8300948,0.11388469,0.13507013,11.074977,0.9589346,0.046457786,0.31132644,49.855648,0.80613124,0.12822713,0.15068045,45.135033,11.075051,49.855515,a1,184.72787475585938,176.27121307839388,-0.30056866711522423,-0.30056865131969096,2.541311604598029e-06,1.6837261812008286e-06,4.234331164124664e-07,
new_1_2,0.0001,2048,,-0.4255622840128918,,,,0.0584966489469353,9.0072775,0.97114855,0.036972947,0.23853528,9.035744,0.97144425,0.037481103,0.23660605,9.007232,0.97114885,0.036974054,0.2385347,9.035722,0.97144413,0.037481744,0.23660497,39.90821,0.8716228,0.10111835,0.11910035,10.423263,0.9658874,0.043762967,0.26930103,44.58889,0.83624244,0.11435898,0.13407964,39.908012,10.423268,44.588814,a1,189.58067321777344,195.85506962016552,-0.4255569044796986,-0.4255571283178574,1.1630781280524971e-05,7.643542937918468e-06,1.9739219801659752e-06,
new_1_2,0.001,32,,-2.199102241016144,,,,0.2476453020070516,11.646984,0.9564423,0.0759512,0.2467669,8.975138,0.96890175,0.03763978,0.26035836,11.646648,0.95646924,0.0758965,0.24690163,8.975917,0.96889526,0.037679017,0.26040116,38.616344,0.8839013,0.09715508,0.11529046,11.391238,0.9560184,0.04796674,0.32848108,33.543518,0.9075544,0.08633905,0.10274761,38.61183,11.390288,33.539375,a1,263.5337829589844,276.5980124283143,-2.1991027911435044,-2.199102812236088,9.64320751695169e-07,8.829144886313145e-07,2.115046385978729e-07,
new_1_2,0.001,128,,-0.1608673091087683,,,,0.0668349710710265,11.83787,0.95039696,0.049670726,0.29760608,11.35595,0.95534027,0.04590946,0.31343162,11.846963,0.95031846,0.049723897,0.2978084,11.352865,0.955364,0.04590607,0.31338903,51.59724,0.7971092,0.13034455,0.15603748,12.580102,0.9535962,0.05332571,0.3425312,57.315693,0.73638165,0.14778858,0.16924708,51.598835,12.58225,57.314613,a1,198.40042114257812,202.56390126860424,-0.16086268387873853,-0.1608627339063735,1.0165767438508055e-05,3.003050037114763e-06,9.98155583876471e-07,
new_1_2,0.001,512,,-0.3005699253610393,,,,0.0279556232608988,10.096926,0.9617177,0.042127155,0.27213067,10.08398,0.964099,0.04201791,0.27220255,10.098189,0.9617065,0.04212779,0.27220264,10.083002,0.964105,0.042023964,0.2721697,45.14234,0.8300408,0.11392878,0.13509221,11.076419,0.95891964,0.046441656,0.31135556,49.861404,0.80608356,0.12824701,0.15069833,45.13953,11.076997,49.860043,a1,184.72787475585938,185.93490216289865,-0.3005686477165189,-0.30056868326420205,2.5195142983047703e-06,1.5837496895043657e-06,4.378381856417708e-07,
new_1_2,0.001,2048,,-0.4255617869755418,,,,0.0585917849014631,9.0079155,0.97114444,0.0369571,0.23854652,9.036151,0.97144395,0.037476197,0.23662108,9.0072365,0.9711488,0.036974072,0.23853482,9.035703,0.97144425,0.037481666,0.23660448,39.910973,0.871606,0.10109326,0.119109236,10.423853,0.96588385,0.04372933,0.26931116,44.590553,0.836226,0.11434958,0.13408478,39.90896,10.423723,44.589767,a1,189.58067321777344,190.3996856356116,-0.42555697600726355,-0.42555701249457356,1.0306293748929551e-05,7.490614099436854e-06,1.7191872332009418e-06,
new_1_2,0.01,32,,-2.199102354359785,,,,0.2720524745533995,11.664137,0.9560967,0.07653965,0.24585891,9.052291,0.96838117,0.037554108,0.26241317,11.6497755,0.9564459,0.07591688,0.24696793,9.033363,0.96849585,0.037920166,0.26206774,38.42821,0.88511425,0.09623218,0.11471841,11.573342,0.9545906,0.04853362,0.3338512,33.35351,0.9086043,0.085512884,0.10215381,38.37653,11.543134,33.3053,a1,263.5337829589844,278.4684821829904,-2.1991027806785457,-2.199102781145541,9.587280533907006e-07,7.505643702110376e-07,1.8371716642639596e-07,
new_1_2,0.01,128,,-0.1608675286193915,,,,0.0636763358499499,11.772712,0.95096844,0.049198337,0.29620317,11.400126,0.955003,0.04588087,0.31426662,11.8470125,0.95031804,0.049724106,0.29780966,11.351862,0.95537186,0.045902014,0.31336135,51.556114,0.79743695,0.13029371,0.15590604,12.565412,0.9537719,0.052850906,0.34196222,57.298176,0.7366898,0.14755891,0.16920333,51.568237,12.57089,57.283726,a1,198.40042114257812,191.8992803950914,-0.16086259321597843,-0.1608627478882152,1.2177851640482462e-05,4.873474398481292e-06,1.282233211130202e-06,
new_1_2,0.01,512,,-0.3005698321091105,,,,0.0326080579511206,10.106618,0.9616653,0.04206187,0.27205074,10.107144,0.9639469,0.04197739,0.2728859,10.098321,0.9617055,0.04212834,0.2722062,10.079893,0.9641271,0.042011004,0.2720858,45.216755,0.8294747,0.1141385,0.13532542,11.10756,0.95865065,0.046231546,0.3121166,49.922626,0.80558306,0.12802474,0.15088816,45.184643,11.096572,49.90547,a1,184.72787475585938,191.04255494539757,-0.3005686541484032,-0.3005686669945934,2.6013213866860063e-06,2.0163656077043512e-06,4.2465816755752737e-07,
new_1_2,0.01,2048,,-0.4255617731551529,,,,0.0594848491169014,9.035926,0.9709687,0.036778927,0.23923168,9.062526,0.97130436,0.037396803,0.23735562,9.007241,0.9711488,0.03697409,0.23853494,9.035491,0.97144556,0.037480786,0.23659894,39.942665,0.8714155,0.10085348,0.11921035,10.447215,0.96573776,0.04344084,0.26986355,44.610794,0.8360399,0.11426494,0.13414696,39.917606,10.427949,44.598507,a1,189.58067321777344,197.3793823140113,-0.42555661390337063,-0.42555647168021843,1.2759937761119833e-05,8.852140442661138e-06,2.1195137439632795e-06,
new_1_2,0.1,32,,-2.199102226898657,,,,0.5161266606689923,13.114957,0.942219,0.08395385,0.26291364,12.252953,0.94343,0.043754756,0.35273388,11.958189,0.95410925,0.07792669,0.2535061,9.924729,0.96197176,0.041661933,0.28792724,37.233704,0.8933401,0.08689864,0.11105206,15.165992,0.92307276,0.060336597,0.43905088,32.17242,0.9153281,0.07835595,0.098422796,36.029827,13.223078,30.972946,a1,263.5337829589844,275.58127788901095,-2.199102825728371,-2.1991028232185146,1.0411769970630758e-06,7.989890362658514e-07,1.8902386025842113e-07,
new_1_2,0.1,128,,-0.160867907027914,,,,0.0320962992542567,12.759765,0.943504,0.049777202,0.32360882,13.396542,0.9388337,0.049906377,0.36484572,11.852154,0.9502749,0.049745686,0.2979389,11.346684,0.95541257,0.045881078,0.3132184,51.52604,0.79831827,0.12617831,0.15574445,13.934452,0.9445996,0.05439611,0.37735626,57.481647,0.737332,0.1416121,0.16982523,51.262455,12.4611845,56.975067,a1,198.40042114257812,198.2179447566068,-0.16086263840133205,-0.16086272523672868,1.1769319566701242e-05,3.95374209460897e-06,1.1776286019574334e-06,
new_1_2,0.1,512,,-0.3005700657934119,,,,0.0791330912362496,12.091691,0.9462713,0.04866627,0.3214593,11.91723,0.95066285,0.04740393,0.3224432,10.11141,0.96160614,0.042182945,0.27255902,10.060577,0.96426445,0.0419305,0.2715644,46.346256,0.82132375,0.11379593,0.13881354,12.935971,0.9440995,0.048710678,0.36216745,50.881718,0.79834676,0.12350299,0.15383592,45.63591,11.300993,50.359818,a1,184.72787475585938,182.68620974026817,-0.30056864372466224,-0.30056872405213464,3.4593972212948465e-06,2.2365657311174125e-06,5.078660539268068e-07,
new_1_2,0.1,2048,,-0.4255610441171969,,,,0.0684187391723655,11.217213,0.9559341,0.041677065,0.2962818,11.284092,0.95653826,0.04266245,0.29608798,9.00779,0.9711453,0.036976345,0.23854947,9.033861,0.9714559,0.03747403,0.23655626,40.741047,0.86678314,0.09787389,0.12165975,12.294767,0.95318943,0.0469802,0.31698647,45.24909,0.83147603,0.11190847,0.13607971,40.00418,10.47056,44.68595,a1,189.58067321777344,181.96058017849737,-0.4255568419390088,-0.42555702076197266,1.051920807471074e-05,7.516217544190074e-06,1.7792696599438624e-06,
new_1_3,0.0001,32,,,0.000122105511496,,,4.717390447481218,55.820095,7.748604e-07,0.36378217,1.183283,52.455563,-0.062309027,0.22017641,1.5217814,55.821663,7.748604e-07,0.36376724,1.1833842,52.455544,-0.06231177,0.22019738,1.5217927,309.28287,-6.4477835,0.7782587,0.92338324,55.736412,-0.052907586,0.2347473,1.6071743,300.28766,-6.408755,0.7730425,0.9198259,309.2824,55.7365,300.28723,a2,0.8840364217758179,25.889203698170604,5.26868767140789e-06,2.8238632262675336e-06,0.00020092100588020172,0.00011477850905675301,3.376305514051242e-05,
new_1_3,0.0001,128,,,-3.7006228051299863e-06,,,3.9780133966689295,53.150867,5.9604645e-08,0.2230773,1.336116,53.853085,-0.004373312,0.21775424,1.4865619,53.150753,0.0,0.22308356,1.3361013,53.853085,-0.004374385,0.21775855,1.4865822,312.63235,-6.44864,0.78973734,0.94544953,58.475216,-0.0027372837,0.24806313,1.5922427,319.0386,-7.168414,0.82242954,0.9420822,312.6322,58.474796,319.03867,a2,0.9573293924331665,24.161521196219837,-4.804889963752027e-06,-5.299515479707884e-06,0.0001532065616782522,0.00012499751956121202,3.0083776421892582e-05,
new_1_3,0.0001,512,,,0.0002663439702123,,,3.7098543690995434,51.60381,4.7683716e-07,0.21528764,1.3909917,53.219814,-1.1920929e-07,0.22181438,1.4365618,51.6037,5.364418e-07,0.21528114,1.3910081,53.21975,-1.1920929e-07,0.22180942,1.4365567,316.6021,-7.359906,0.7988453,0.9474508,54.673107,-0.00077831745,0.2293451,1.5369048,314.83777,-6.7313037,0.80975264,0.95154506,316.60242,54.673428,314.8379,a2,0.8870574235916138,-8.187221737898653,-2.8930304747668086e-06,-5.440861646838036e-06,0.00043646108055,0.0002767898908666,7.630514871575749e-05,
new_1_3,0.0001,2048,,,0.0006539997500017,,,3.776067806610641,53.02847,2.6226044e-06,0.21767053,1.4043268,53.472485,-6.186962e-05,0.22180882,1.4002072,53.028473,2.503395e-06,0.21767816,1.4043306,53.472248,-6.175041e-05,0.22181219,1.4001981,317.49838,-7.125434,0.80446887,0.9475285,56.442616,-0.00028038025,0.23697919,1.4582818,314.7144,-7.1579533,0.8071611,0.9463521,317.49857,56.442593,314.71445,a2,0.900070071220398,-1.8345863281865604,-2.0309832000716425e-05,9.239973128365207e-07,0.0013285173419976,0.0011093734265247,0.0002680009654025171,
new_1_3,0.001,32,,,0.0001389227112913,,,4.719830840802608,55.806004,7.748604e-07,0.36391678,1.1823726,52.461704,-0.06252289,0.22001302,1.5218533,55.821667,7.1525574e-07,0.36376727,1.1833843,52.461456,-0.06255138,0.22022219,1.5219642,309.26443,-6.446377,0.7780801,0.9233199,55.741135,-0.05312693,0.2347173,1.6073678,300.26852,-6.407793,0.7728736,0.91975665,309.25967,55.741974,300.26456,a2,0.8840364217758179,30.932178560760804,1.2884765506947221e-06,-9.575691909309411e-08,0.0002444471557098,0.00013883650611590085,3.6300578601361465e-05,
new_1_3,0.001,128,,,-1.7124578340029754e-05,,,3.977697630498953,53.151955,5.9604645e-08,0.22302122,1.3362494,53.852875,-0.004354596,0.21771462,1.4863744,53.150753,0.0,0.22308356,1.3361013,53.85288,-0.0043666363,0.21775772,1.4865764,312.63666,-6.44885,0.7897804,0.94545823,58.47887,-0.0027278662,0.24788567,1.5922636,319.0411,-7.1681128,0.82264787,0.9420941,312.63513,58.474632,319.04163,a2,0.9573293924331665,-6.841985850769561,2.957554040847483e-06,2.4471072665950886e-06,0.00015976431220361074,0.00012256662216367166,3.3767900553625057e-05,
new_1_3,0.001,512,,,0.0001258263398916,,,3.7103210288810224,51.60482,2.9802322e-07,0.21530953,1.3908446,53.220467,-7.1525574e-07,0.22175895,1.4366101,51.603706,2.9802322e-07,0.21528117,1.3910084,53.21976,-7.1525574e-07,0.22180946,1.4365569,316.5952,-7.3595924,0.7990127,0.9474375,54.670376,-0.00078189373,0.22922416,1.5367717,314.832,-6.731138,0.80976987,0.9515307,316.59805,54.67356,314.83344,a2,0.8870574235916138,-16.231574591074605,-1.261765876383594e-05,-2.0647143076396306e-05,0.00032757217359450004,0.0002694584343625,7.211708510092666e-05,
new_1_3,0.001,2048,,,0.0006498369913414,,,3.7761571863596592,53.028465,2.503395e-06,0.2175618,1.4042933,53.47464,-6.1392784e-05,0.22177874,1.4002895,53.028477,2.4437904e-06,0.21767817,1.4043306,53.47224,-6.151199e-05,0.22181216,1.4001979,317.49597,-7.12525,0.8042075,0.94752645,56.442863,-0.00028014183,0.23678468,1.4582604,314.7127,-7.158078,0.8070603,0.946348,317.4977,56.442577,314.71362,a2,0.900070071220398,-4.121374786336673,-1.1208900402106612e-05,-1.5417072051614043e-05,0.0014213746002273001,0.0010014855173601,0.00023673977218519144,
new_1_3,0.01,32,,,7.794143952175405e-05,,,4.744238609121918,55.667805,4.172325e-07,0.36529016,1.1733766,52.528255,-0.064670086,0.2179174,1.5227202,55.822327,-2.3007393e-05,0.36377156,1.1833982,52.521214,-0.064973354,0.22047305,1.5236977,309.0808,-6.432074,0.77400225,0.9226882,55.793262,-0.055338383,0.23397294,1.609444,300.0778,-6.397928,0.7693498,0.9190663,309.03262,55.797306,300.03754,a2,0.8840364217758179,18.45233782660216,-2.15752582288461e-06,-3.549296275212879e-06,0.0001905831467291812,0.00015262775633497565,3.6189842136492826e-05,
new_1_3,0.01,128,,,-1.0457270126180156e-05,,,3.974539667925145,53.166573,1.7881393e-07,0.2221839,1.3376788,53.85444,-0.0041691065,0.2167422,1.4846022,53.150764,-4.7683716e-07,0.2230836,1.3361015,53.850807,-0.0042892694,0.21774934,1.4865192,312.68048,-6.450774,0.7902128,0.9455479,58.51876,-0.0026357174,0.24613357,1.5925627,319.06662,-7.1648626,0.82168627,0.94221383,312.66452,58.472992,319.0712,a2,0.9573293924331665,20.747851522173733,-1.1094130675113193e-06,-5.159813311335355e-07,0.00022247727858324047,0.00015042306337979068,3.543125849099383e-05,
new_1_3,0.01,512,,,0.0001016043700657,,,3.714973141699272,51.618984,1.7881393e-07,0.21482863,1.3894839,53.230198,-4.2915344e-06,0.22107776,1.4371785,51.603733,-7.1525574e-07,0.2152813,1.3910091,53.219837,-3.5762787e-06,0.22180977,1.4365591,316.52664,-7.3562326,0.7989931,0.94730586,54.646442,-0.0008175373,0.22744773,1.5355362,314.7762,-6.729352,0.807232,0.95139235,316.5544,54.67489,314.79,a2,0.8870574235916138,29.787138373649213,5.141877642342246e-07,-1.7335981007120694e-06,0.0003625231855328,0.0002793103143431,7.314563261045612e-05,
new_1_3,0.01,2048,,,0.0007106351787749,,,3.7770517153574654,53.032104,2.682209e-06,0.21585655,1.4040575,53.49997,-5.6385994e-05,0.22076933,1.4012119,53.02847,2.682209e-06,0.21767814,1.4043305,53.472164,-5.865097e-05,0.22181183,1.4001958,317.47247,-7.123191,0.8016041,0.9475082,56.44861,-0.00027918816,0.23472045,1.4581323,314.69693,-7.1591187,0.8060566,0.94630986,317.48935,56.44243,314.7053,a2,0.900070071220398,1.5388382053060923,2.644656639357465e-05,3.169848152852149e-05,0.001168461099643,0.0010033344427517,0.0002414977891926183,
new_1_3,0.1,32,,,8.401102174895083e-05,,,4.988312172204633,54.559982,5.9604645e-07,0.3492593,1.0937561,53.696987,-0.086437225,0.19174959,1.5458108,55.887505,-0.0023595095,0.3641963,1.18478,53.176704,-0.09172177,0.22322465,1.5427142,307.32733,-6.2665944,0.71726215,0.9166247,56.79137,-0.07870662,0.2259396,1.644093,298.24753,-6.276551,0.726382,0.91240746,306.76324,56.405636,297.76913,a2,0.8840364217758179,-58.14957239635987,6.104679497015549e-07,-3.5332119434541733e-06,0.00017866147357846154,0.00014770034895928487,3.61322266258141e-05,
new_1_3,0.1,128,,,-5.060451464352229e-05,,,3.942960215618308,53.68262,5.9604645e-08,0.20942162,1.3614804,54.235035,-0.0025055408,0.20204274,1.4770545,53.15191,-4.351139e-05,0.22308841,1.3361303,53.831097,-0.003554225,0.21766964,1.4859751,313.18097,-6.4508147,0.76692575,0.94663197,59.254517,-0.0017877817,0.23131268,1.6046603,319.38608,-7.109251,0.7868412,0.94360226,312.95837,58.457535,319.36703,a2,0.9573293924331665,-31.559843591821846,1.7916881663572037e-06,-9.743856888902893e-07,0.00015960852360334674,0.00013047859549062654,3.3581693003845684e-05,
new_1_3,0.1,512,,,0.0001162253210389,,,3.761498135232669,52.165546,1.7881393e-07,0.20995429,1.3868284,53.65628,-0.00014925003,0.21343204,1.4517722,51.606297,-0.0001001358,0.21529199,1.3910781,53.222767,-0.00011372566,0.221822,1.4366381,315.89734,-7.3009806,0.77563614,0.94615686,54.745937,-0.0012016296,0.206147,1.5327181,314.27487,-6.6930933,0.7628258,0.95017946,316.11792,54.690273,314.35596,a2,0.8870574235916138,-36.280584026826546,-1.7388566873160685e-06,2.3838533251043834e-06,0.00036664903503629996,0.00024755762875159997,6.27960470963297e-05,
new_1_3,0.1,2048,,,0.0006794821403879,,,3.785983795565744,53.435898,2.5629997e-06,0.19853875,1.4114099,54.127403,-1.9073486e-05,0.20464276,1.4202715,53.028564,-9.536743e-07,0.21767853,1.404333,53.471542,-3.540516e-05,0.22180925,1.4001796,317.2992,-7.0803976,0.7622609,0.9475098,56.833736,-0.00026619434,0.21717046,1.4653002,314.60114,-7.1463404,0.7780606,0.94611484,317.40573,56.441017,314.6216,a2,0.900070071220398,-6.1093260228517465,8.874085682563114e-06,-1.3125669624830842e-05,0.0012463454548957,0.0010655109055015002,0.00026747465220432014,
new_1_4,0.0001,32,,,,8.079410340569781,,4.737066551780462,54.92241,0.031905532,0.35793188,1.1642537,52.436176,-0.061523914,0.22009504,1.521219,54.92395,0.03190583,0.3579172,1.1643533,52.436157,-0.061526775,0.22011599,1.5212302,309.1554,-6.4416456,0.7779379,0.92300266,56.033207,-0.06415093,0.23599732,1.6157324,299.23413,-6.3568606,0.77033037,0.9165988,309.15494,56.0333,299.23373,a3,420.33966064453125,419.5413047094715,0.15136706930408736,0.01579845330440765,19.200047492641808,19.200036943474686,5.760953418396626,
new_1_4,0.0001,128,,,,-0.0131702192602838,,3.4781073538823395,53.150948,-2.9802322e-06,0.22307763,1.3361179,53.85287,-0.004365444,0.21775338,1.486556,53.15083,-2.9802322e-06,0.22308387,1.3361032,53.85288,-0.0043666363,0.21775772,1.4865764,312.6327,-6.4486566,0.7897382,0.94545054,58.47498,-0.002728939,0.24806212,1.5922363,319.04276,-7.1686277,0.8224402,0.94209445,312.63254,58.474556,319.04282,a3,95.435791015625,100.88573526445543,0.30190637000025067,0.0156034443730667,22.03056776531657,19.445766024079425,5.946299847312126,
new_1_4,0.0001,512,,,,-1.7721158983461496,,3.792508861516473,51.44127,0.006290078,0.21460953,1.3866104,53.081734,0.0051822066,0.22123888,1.4328346,51.441113,0.0062919855,0.21460287,1.3866255,53.081654,0.005182624,0.22123386,1.432829,316.52316,-7.355736,0.7986461,0.9472146,55.113647,-0.01697123,0.2311931,1.5492887,310.00595,-6.4958205,0.7973254,0.9369417,316.52344,55.11398,310.0061,a3,123.75984191894531,119.97529811336513,0.17703165725941652,-0.0012496836140491003,20.211891113872724,18.87494475430562,5.743059093224807,
new_1_4,0.0001,2048,,,,1.780954123699726,,3.8511141563309175,52.681347,0.013051689,0.21624567,1.3951341,53.182045,0.010772407,0.22060406,1.3926018,52.681343,0.013051927,0.2162532,1.3951377,53.18181,0.010772586,0.22060739,1.3925928,317.4471,-7.1228085,0.80433893,0.9473755,56.58351,-0.0052804947,0.23757075,1.461922,309.922,-6.911391,0.79486984,0.93194133,317.44727,56.583496,309.9221,a3,136.96876525878906,134.13862378590417,0.12566891655495305,0.0008249192173731996,20.01296572506294,20.01280684064858,5.787066723620129,
new_1_4,0.001,32,,,,8.079409429383269,,4.739507077791092,54.90863,0.03190273,0.35806492,1.1633596,52.442284,-0.061736465,0.21993157,1.52129,54.923954,0.03190565,0.35791722,1.1643534,52.442085,-0.061766624,0.22014087,1.5214022,309.13696,-6.4402394,0.77775943,0.92293936,56.038395,-0.06438911,0.235969,1.6159396,299.21497,-6.3559012,0.77016175,0.9165295,309.1322,56.039272,299.21106,a3,420.0958557128906,420.76237279088,0.1515456033131275,0.01657636129434035,19.200045259382932,19.2000378749905,5.760945530212575,
new_1_4,0.001,128,,,,-0.013501491733011,,3.477797880236353,53.15204,-3.0994415e-06,0.22302158,1.3362515,53.852654,-0.0043463707,0.21771373,1.4863683,53.150833,-3.0994415e-06,0.2230839,1.3361032,53.852657,-0.004358411,0.21775682,1.4865704,312.63702,-6.4488673,0.7897813,0.94545937,58.47862,-0.002719283,0.24788462,1.5922567,319.04544,-7.168336,0.822659,0.9421069,312.6355,58.47438,319.04596,a3,95.5313949584961,96.70847612142097,0.3169224584986935,0.0150003535888922,22.030567553525287,19.445769278282423,5.9569268816521435,
new_1_4,0.001,512,,,,1.7721650837330964,,3.792997188954269,51.44269,0.0062739253,0.21463308,1.386475,53.082508,0.005177021,0.2211841,1.4328861,51.441128,0.0062915087,0.21460293,1.3866259,53.08171,0.0051805973,0.2212341,1.4328306,316.51593,-7.355405,0.7988126,0.9472003,55.111275,-0.016988993,0.23107278,1.5491651,310.00006,-6.49565,0.7973418,0.9369269,316.51877,55.114586,310.0015,a3,123.70976257324219,122.36156476098174,0.17773812924782206,0.01484558597058075,20.211853792128448,18.87495447067291,5.728586383629057,
new_1_4,0.001,2048,,,,1.7809706569023924,,3.851201054820801,52.68143,0.013048291,0.216138,1.3951032,53.184254,0.010770559,0.2205744,1.3926854,52.68135,0.013051569,0.21625325,1.3951379,53.18181,0.010772526,0.22060739,1.3925928,317.44467,-7.1226244,0.8040775,0.9473734,56.58377,-0.005280733,0.23737581,1.461901,309.92038,-6.911513,0.7947707,0.9319374,317.44644,56.58356,309.92126,a3,136.9405517578125,137.24569446186237,0.1261972629287351,-0.0034574489382447,20.01317146730105,20.012967541054337,5.787787902590737,
new_1_4,0.01,32,,,,8.079410569211227,,4.763914296461861,54.77353,0.03187126,0.35942197,1.154527,52.50853,-0.06387055,0.21783556,1.5221485,54.924614,0.031882286,0.35792154,1.1643673,52.501934,-0.06419146,0.22039211,1.5231385,308.95328,-6.4259424,0.77368283,0.9223075,56.09503,-0.066785336,0.23523842,1.618149,299.02426,-6.346075,0.7666487,0.9158396,308.90512,56.09953,298.9842,a3,417.6540832519531,417.155461265638,0.1500652791170714,0.0165538626917449,19.200048138509594,19.200037295194978,5.772455814480828,
new_1_4,0.01,128,,,,-0.013158734717827,,3.474634786876076,53.166653,-2.861023e-06,0.22218423,1.3376808,53.854233,-0.004161358,0.21674138,1.4845965,53.15084,-3.33786e-06,0.22308393,1.3361034,53.850597,-0.004281521,0.2177485,1.4865135,312.6808,-6.45079,0.7902136,0.9455488,58.51853,-0.0026277304,0.2461326,1.5925564,319.07077,-7.1650743,0.821697,0.9422261,312.66486,58.472755,319.07535,a3,96.46096801757812,115.85234278754797,0.38172901743009674,0.0216797937772868,22.030578580692932,20.738164748534444,5.95945682949227,
new_1_4,0.01,512,,,,1.772167274178813,,3.797650192715172,51.460915,0.0061152577,0.21417077,1.385229,53.09326,0.0051342845,0.22050902,1.4334813,51.441154,0.006290376,0.21460304,1.3866266,53.081966,0.0051708817,0.22123516,1.4328375,316.4471,-7.3520346,0.79879236,0.94706786,55.090527,-0.017149925,0.22929609,1.5480148,309.9444,-6.493881,0.794841,0.9367885,316.47513,55.120277,309.9582,a3,123.19944763183594,123.34591193944696,0.17763059884192253,0.01468517161164065,20.211866188972643,18.874944199192228,5.72859194134812,
new_1_4,0.01,2048,,,,1.7808074464819583,,3.852105929262411,52.685802,0.013020098,0.214447,1.394889,53.209858,0.010760069,0.21957217,1.3936136,52.681248,0.013055384,0.21625282,1.3951352,53.1816,0.010780394,0.22060652,1.3925873,317.42123,-7.1205683,0.8014747,0.9473553,56.589664,-0.0052844286,0.235307,1.4617759,309.90442,-6.9125,0.7937812,0.93189853,317.43826,56.58424,309.91284,a3,136.75390625,135.95778675328074,0.12491091984336379,-0.0009253355697538494,20.012964072443634,20.012829981466368,5.786025298732268,
new_1_4,0.1,32,,,,8.079405870414648,,5.007981495076312,53.702076,0.031201422,0.34376752,1.0765578,53.674496,-0.0855273,0.19166927,1.5451633,54.990845,0.029546082,0.35835314,1.1657714,53.15835,-0.09096861,0.22314762,1.5421818,307.1993,-6.260541,0.71696335,0.9162429,57.135017,-0.09180081,0.22730677,1.6540415,297.19418,-6.2252417,0.72381663,0.90918505,306.63556,56.756336,296.7173,a3,393.24102783203125,392.3653321412253,0.16535827548052942,0.01575519348500685,21.023116104717847,19.200036315791134,5.83455559588129,
new_1_4,0.1,128,,,,-1.861623848963035,,3.986754060336202,53.681137,5.543232e-05,0.20941584,1.3614427,54.04915,0.0043546557,0.20135026,1.4719919,53.17241,-0.0008151531,0.22317445,1.3366456,53.673252,0.0023223162,0.21703137,1.4816179,313.15784,-6.449715,0.7668691,0.94656205,59.63831,-0.014806986,0.23281088,1.6150538,315.08755,-6.8924403,0.7762514,0.9309026,312.93793,58.857098,315.06604,a3,186.66741943359375,208.64463510691454,0.3033113561109841,0.01373155371996155,22.03056173608394,19.445767483438978,5.901460357335238,
new_1_4,0.1,512,,,,-1.7721283800954122,,3.844166665110044,52.048862,0.0044687986,0.20948467,1.3837264,53.530334,0.0045405626,0.21293107,1.4483645,51.443714,0.0061915517,0.21461372,1.3866956,53.086754,0.004991472,0.22125511,1.4329667,315.81567,-7.29669,0.7754356,0.94591224,55.21912,-0.018583655,0.20792878,1.5459657,309.44476,-6.458441,0.7511019,0.9355761,316.0388,55.179306,309.52527,a3,118.09676361083984,125.71524220980756,0.17751782470817062,0.0115362297918057,20.21186829147399,18.874940881431606,5.728621861929232,
new_1_4,0.1,2048,,,,-1.7815858559119728,,3.860987170955364,53.100704,0.01250875,0.19729336,1.4025563,53.843708,0.010436177,0.20357017,1.4128275,52.681828,0.013033688,0.2162552,1.3951505,53.181347,0.010789752,0.22060548,1.3925806,317.24548,-7.0776615,0.76213187,0.9473494,56.975174,-0.005250931,0.21771091,1.4689468,309.80948,-6.9000783,0.76621,0.93170464,317.35364,56.590797,309.82977,a3,134.19970703125,133.94954188954657,0.13240921248480603,0.0004890102542984996,20.012890343621343,20.012806587480576,5.79682970786158,
new_1_5,0.0001,32,,,,,0.0893345815003513,4.61476520838598,55.050034,0.027401268,0.35876364,1.166959,51.9459,-0.041766286,0.21803716,1.5069957,55.05159,0.02740091,0.35874897,1.1670592,51.945892,-0.041769385,0.21805796,1.5070071,309.964,-6.480623,0.7799726,0.92541677,54.785236,-0.01727724,0.2307412,1.5797468,305.23615,-6.6549473,0.78578156,0.9349839,309.96353,54.78534,305.23575,a4,103.23180389404297,44.125870317657245,-0.47609421810536007,0.0893857423721276,21.99115550304758,18.849578629856772,6.064355222112078,
new_1_5,0.0001,128,,,,,-3.27453503843788,4.0625677038122,53.114647,0.0013625026,0.22292528,1.3352054,54.55909,-0.030880213,0.22060896,1.5060505,53.11455,0.0013616681,0.22293161,1.3351912,54.559082,-0.030881047,0.2206133,1.5060707,312.06512,-6.4216356,0.78830445,0.9437341,59.01963,-0.021495342,0.25037265,1.6070669,313.8868,-6.9067388,0.809149,0.9268696,312.06497,59.01923,313.88684,a4,18.616634368896484,17.78976596265292,-0.38449754246805573,-0.1331793505861153,21.991305589371834,18.849609292932435,6.085584186954094,
new_1_5,0.0001,512,,,,,6.183255467499915,3.626040070004052,51.50057,0.003997743,0.21485692,1.3882087,52.95482,0.009933531,0.2207099,1.4294088,51.50043,0.003998935,0.21485034,1.3882245,52.954765,0.009933114,0.22070502,1.429404,317.11865,-7.387206,0.80014867,0.9489966,54.768547,-0.004275322,0.22974545,1.5395876,319.97003,-6.9854193,0.8229526,0.96705645,317.11893,54.76885,319.97015,a4,28.053775787353516,27.850298823800962,-0.38271830370858045,-0.0999729578222526,21.991180865237755,18.849576096190493,6.09234649074114,
new_1_5,0.0001,2048,,,,,-0.1283896176560594,3.6883652320512894,52.640038,0.014598787,0.2160761,1.3940401,53.099888,0.013826489,0.22026326,1.3904505,52.640038,0.014598906,0.21608366,1.3940438,53.09964,0.013826966,0.22026654,1.3904412,318.04163,-7.153262,0.8058453,0.9491497,56.810387,-0.013358116,0.2385233,1.4677837,319.91733,-7.429921,0.82050526,0.96199745,318.04178,56.810356,319.9174,a4,58.19244384765625,49.681835662340745,-0.379768041304075,-0.128444775752114,18.849643413138207,18.849611345812697,6.036485278457077,
new_1_5,0.001,32,,,,,-6.194439584092837,4.617191058482214,55.0359,0.027409613,0.35889485,1.1660562,51.951874,-0.041971684,0.2178749,1.5070637,55.05144,0.027406216,0.35874802,1.167056,51.951733,-0.04200375,0.21808249,1.5071765,309.94562,-6.4792166,0.7797939,0.9253536,54.787334,-0.017394543,0.23070098,1.5798637,305.21826,-6.6540318,0.7856139,0.9349183,309.94092,54.788357,305.21432,a4,103.21617126464844,103.53994505358077,-0.4761031857577011,0.08938848842542145,21.99116573152176,18.849565131117426,6.064356008053504,
new_1_5,0.001,128,,,,,-3.2745637644715435,4.06224961462653,53.115547,0.0013696551,0.22286846,1.3353341,54.558937,-0.030863285,0.22056906,1.5058622,53.11456,0.0013614893,0.22293164,1.3351914,54.558857,-0.030872345,0.22061238,1.5060645,312.06946,-6.4218464,0.7883475,0.943743,59.022804,-0.021468163,0.25019136,1.6070738,313.88928,-6.906449,0.8093639,0.9268813,312.06796,59.018772,313.8898,a4,18.6367130279541,13.462963004779597,-0.35308188710587274,-0.1331821877285725,18.849739271961862,18.849599089574056,6.029501222867594,
new_1_5,0.001,512,,,,,-0.0999065133607829,3.626499944574464,51.50185,0.0039870143,0.2148799,1.3880694,52.95537,0.00993675,0.22065435,1.4294542,51.500427,0.003999114,0.21485032,1.3882244,52.95477,0.009932935,0.22070503,1.4294041,317.1118,-7.386895,0.80031645,0.94898343,54.765503,-0.0042675734,0.22962302,1.5394456,319.96442,-6.98526,0.8229708,0.9670426,317.1146,54.768517,319.96585,a4,28.025867462158203,31.4711492137576,-0.38271963109508583,-0.09997500897232639,21.99119996144259,18.849630383092375,6.092351860251078,
new_1_5,0.001,2048,,,,,-0.1283776661146383,3.6884585873774975,52.64007,0.014597356,0.21596831,1.3940079,53.102142,0.013822675,0.22023384,1.3905352,52.640038,0.014598906,0.21608366,1.3940438,53.09963,0.0138273835,0.22026649,1.3904408,318.03915,-7.153075,0.80558336,0.9491475,56.810604,-0.013356805,0.2383274,1.4677614,319.91562,-7.430051,0.82040286,0.96199334,318.04092,56.810246,319.9165,a4,58.1883544921875,58.35789806951652,-0.3797600723152867,-0.12845043781441196,18.849660183937964,18.84961159138318,6.036487459839513,
new_1_5,0.01,32,,,,,0.0893515493766937,4.641613110944513,54.899006,0.027430594,0.36024532,1.1571717,52.01701,-0.04404652,0.21579646,1.5079,55.052265,0.027377129,0.35875338,1.1670735,52.011005,-0.04438269,0.21833129,1.5088961,309.76163,-6.4648514,0.7757071,0.92472064,54.815353,-0.018668056,0.229872,1.5812347,305.0257,-6.643905,0.7820354,0.93422055,309.71362,54.821182,304.9854,a4,102.85784149169922,124.06516816554358,-0.47609371721627874,0.08938696815013206,21.991158983653435,18.849567811739526,6.064356967632001,
new_1_5,0.01,128,,,,,-3.2746056402453654,4.059090302819058,53.128242,0.0014415383,0.22202371,1.3367144,54.561142,-0.030696392,0.2195864,1.5040839,53.114574,0.0013608932,0.22293171,1.3351917,54.556675,-0.030789971,0.22060356,1.5060043,312.11316,-6.423763,0.788779,0.9438323,59.057922,-0.021196246,0.24840131,1.6072357,313.9149,-6.9033275,0.8084191,0.9270006,312.09732,59.014214,313.91928,a4,18.84171485900879,15.196170477335365,-0.41591365176690004,-0.13317865607124646,21.99129229395649,18.84964593566432,6.0923488733635365,
new_1_5,0.01,512,,,,,-0.0998978509250889,3.631152468456912,51.51879,0.003878355,0.21441165,1.3867869,52.96423,0.0099641085,0.21997313,1.4299976,51.500454,0.0039981008,0.21485043,1.3882251,52.95491,0.00992763,0.22070561,1.429408,317.0433,-7.3835354,0.80029726,0.9488522,54.738438,-0.0041900873,0.22783063,1.5381212,319.90857,-6.983458,0.82039374,0.9669046,317.07095,54.765205,319.9223,a4,27.74245262145996,36.910284052282805,-0.38271829029342314,-0.09997643984346515,21.99121683358227,18.849613212708984,6.092351770178273,
new_1_5,0.01,2048,,,,,-6.411553217765419,3.689347090550801,52.644146,0.01458025,0.21427745,1.3937861,53.128498,0.013782978,0.21923645,1.3914827,52.640038,0.014598966,0.21608366,1.3940438,53.099533,0.013831019,0.2202661,1.3904383,318.01556,-7.1510077,0.80297536,0.9491291,56.816105,-0.013345718,0.23624855,1.4676251,319.89984,-7.431139,0.81938326,0.9619553,318.0326,56.809235,319.90817,a4,58.14621353149414,58.20430983529924,-0.34833976961495594,-0.1284402245619924,18.849624584142383,18.849596526102047,6.029493814537221,
new_1_5,0.1,32,,,,,-6.193923878688772,4.885676304741652,53.806877,0.027416408,0.34443837,1.0786587,53.176605,-0.06548166,0.18989132,1.5308301,55.118324,0.02504158,0.35918385,1.1684738,52.662067,-0.070693135,0.22106431,1.5277841,308.0054,-6.298694,0.7188447,0.9186471,55.58295,-0.033289194,0.221132,1.6091096,303.189,-6.519668,0.73841697,0.9275245,307.4435,55.205757,302.7115,a4,99.46602630615234,98.32460045106738,-0.47609200361016535,0.0893876031152552,21.991160059411293,18.84957460805731,6.113228213849091,
new_1_5,0.1,128,,,,,9.29172865090479,4.027498420448618,53.625492,0.0021273494,0.20919876,1.3600315,54.94345,-0.028865933,0.20468181,1.4963477,53.115726,0.0013175607,0.22293654,1.3352207,54.535934,-0.030006409,0.22051969,1.5054318,312.61282,-6.423807,0.76553446,0.94491464,59.743393,-0.018386364,0.23322111,1.6178994,314.23685,-6.8498793,0.77415556,0.92838925,312.3911,58.969437,314.21454,a4,20.89777183532715,21.355152060924922,-0.3844994537794379,-0.1331748265195007,21.991316921189547,18.849632405043792,6.134293089070067,
new_1_5,0.1,512,,,,,-0.0997395403090457,3.677687352307781,52.093605,0.0027564764,0.20966475,1.3849158,53.383335,0.0100002885,0.21234633,1.4443871,51.503,0.003899634,0.21486105,1.3882937,52.958565,0.009791017,0.22072084,1.4295065,316.41486,-7.3282003,0.7769068,0.9477069,54.80616,-0.003405571,0.20637377,1.5344042,319.40524,-6.9463162,0.7752785,0.9656906,316.63428,54.73425,319.48697,a4,24.909578323364258,34.33644496908528,-0.3827150384409423,-0.09997321120799149,21.991172263634617,18.849598666729193,6.0923480293552785,
new_1_5,0.1,2048,,,,,-0.1283423426643511,3.6982828392181473,53.054874,0.014212549,0.19712308,1.4013458,53.768593,0.013195276,0.20328619,1.4108565,52.640125,0.014595687,0.21608402,1.3940461,53.098637,0.013864219,0.22026238,1.3904148,317.84076,-7.1080055,0.7635619,0.949127,57.196617,-0.013080239,0.21855707,1.4746561,319.80316,-7.4179716,0.79092604,0.9617591,317.94888,56.799137,319.82425,a4,57.722537994384766,52.323533964226954,-0.37975818247155824,-0.12844990287075894,18.84968712969006,18.84961361826927,6.036490603816659,
new_2_1,0.0001,32,2.4199983724063447e-06,,,,,0.5450387325033825,6.3162336,2.682209e-06,0.21496768,1.1588583,6.865182,-0.005523324,0.21135505,1.1520038,6.3160944,2.682209e-06,0.21497689,1.1588808,6.865163,-0.005523324,0.21133907,1.1520016,49.989975,-9.585621,0.8028271,0.94283944,6.9884443,-0.0018935204,0.22618496,1.3579471,48.587452,-9.283953,0.9261979,0.9413394,49.98995,6.9884357,48.587433,a0,46.00849533081055,46.38150726066215,3.385070302940133e-08,6.538492047869524e-10,3.463771721175811e-06,1.0731851963553094e-06,3.1866375658779935e-07,
new_2_1,0.0001,128,1.9237107310778745e-06,,,,,0.5511523793188244,6.597952,2.2649765e-06,0.20487094,1.1971182,6.3236313,-0.0018107891,0.18253855,1.0939513,6.5979643,2.2053719e-06,0.20486024,1.1971087,6.3235993,-0.0018105507,0.18253905,1.0939492,50.58479,-9.879711,0.84989935,0.9417145,6.699001,-0.0073649883,0.21945974,1.3564494,48.687065,-9.609472,0.9242026,0.93904597,50.584816,6.699007,48.68707,a0,54.179901123046875,54.47620080190063,2.8032510149212774e-08,-2.0770046706764134e-09,2.7974844606694032e-06,8.178270974152159e-07,2.790049004747587e-07,
new_2_1,0.0001,512,2.03922120213478e-06,,,,,0.5718341275482086,6.6590204,2.3841858e-06,0.21177621,1.164501,7.0224767,-0.0068027973,0.22139084,1.1154394,6.6589985,2.3841858e-06,0.21178319,1.1645144,7.0224695,-0.0068022013,0.22138208,1.115443,49.44641,-10.534898,0.82735425,0.93342835,7.341566,-0.0012409687,0.23434126,1.3447065,48.93607,-9.911625,0.9370453,0.9346394,49.446377,7.3415523,48.936085,a0,54.64493179321289,54.488047048550925,3.274108324851167e-08,-1.6333822617165393e-09,2.898258344854601e-06,8.834712064043244e-07,2.8193124787661235e-07,
new_2_1,0.0001,2048,1.1764255935977074e-06,,,,,0.5978359160783178,6.7465253,1.4305115e-06,0.19765992,1.1284904,6.5642347,-0.00041222572,0.19884275,1.1230689,6.7465262,1.3113022e-06,0.1976571,1.1284878,6.564211,-0.0004119873,0.19884618,1.1230627,50.11318,-9.831564,0.84824187,0.93281937,6.774549,-0.03063345,0.2191213,1.40832,47.752098,-9.098699,0.9097368,0.9307565,50.11318,6.77455,47.752125,a0,59.97069549560547,60.27612849379693,-2.476213061304421e-08,-1.3922836151133704e-08,2.7949058815535476e-06,1.582670198884192e-06,3.129540393130642e-07,
new_2_1,0.001,32,2.408531913743176e-06,,,,,0.5452426443512658,6.3174953,2.8014183e-06,0.21488498,1.1586562,6.865208,-0.0054798126,0.21136293,1.1519992,6.316095,2.5629997e-06,0.2149769,1.158881,6.8650117,-0.0054790974,0.21133442,1.1519762,49.988262,-9.584735,0.8028387,0.94280356,6.9886174,-0.0019239187,0.22621518,1.3580842,48.58566,-9.283291,0.9262352,0.9413015,49.98801,6.988525,48.5855,a0,46.00849533081055,46.914452404678286,3.509985909198973e-08,4.284940243144099e-09,3.43980783236811e-06,1.0709882428286565e-06,3.196786702082188e-07,
new_2_1,0.001,128,1.941535000652924e-06,,,,,0.5511040372804672,6.597846,2.3841858e-06,0.20496768,1.197204,6.323942,-0.0018191338,0.18253487,1.0939751,6.597964,2.2649765e-06,0.20486023,1.1971087,6.32362,-0.0018168688,0.18253963,1.0939528,50.585022,-9.8793955,0.8499658,0.9417247,6.6989074,-0.007350564,0.21951619,1.356408,48.687458,-9.609628,0.9239802,0.9390547,50.585278,6.698966,48.687527,a0,54.179901123046875,54.728849299579,3.4573517651338324e-08,3.3072315667041197e-09,2.82622049952395e-06,8.332381771993346e-07,2.819445239398701e-07,
new_2_1,0.001,512,2.081489325607339e-06,,,,,0.5719109376887885,6.6592264,2.503395e-06,0.21171376,1.1643806,7.0224833,-0.0067902803,0.22146799,1.1153982,6.6589985,2.503395e-06,0.21178319,1.1645144,7.0224066,-0.0067840815,0.2213801,1.115433,49.445972,-10.534323,0.82714957,0.9334159,7.3417144,-0.0012508631,0.2343204,1.344801,48.93526,-9.910931,0.93719965,0.93462676,49.44564,7.34158,48.93535,a0,54.64493179321289,54.613540925174675,3.2900368399393566e-08,1.4352817769308854e-09,3.0106926320309262e-06,7.913718681606197e-07,2.832720117470555e-07,
new_2_1,0.001,2048,1.3312927114063604e-06,,,,,0.5978222178283236,6.746522,1.66893e-06,0.1976854,1.1285157,6.564453,-0.00041162968,0.19881181,1.1231248,6.7465253,1.4901161e-06,0.19765706,1.1284876,6.5642076,-0.00041103363,0.19884607,1.1230621,50.113297,-9.83136,0.848368,0.93282264,6.7745247,-0.030617476,0.21915805,1.4082685,47.751953,-9.098984,0.90962404,0.9307572,50.1133,6.7745256,47.752247,a0,59.97069549560547,60.322961964232036,-2.279761260908113e-08,-1.8091487593575933e-09,2.8143570341880255e-06,1.8045123381774457e-06,3.1455721112260074e-07,
new_2_1,0.01,32,2.4081134415189905e-06,,,,,0.5472817410197027,6.3306823,2.682209e-06,0.21408255,1.1567488,6.865974,-0.005053997,0.21058464,1.1520381,6.316135,-1.013279e-05,0.21497828,1.1588883,6.863536,-0.0050468445,0.21128899,1.1517286,49.971172,-9.575622,0.80295455,0.9424458,6.9908423,-0.0022408962,0.22567181,1.3595524,48.567772,-9.276414,0.9259175,0.94092333,49.968605,6.9894476,48.566128,a0,46.00849533081055,46.90025530607045,3.191616345627366e-08,-2.017690888397271e-09,3.4377761328202046e-06,1.0838049455099589e-06,3.183029269310421e-07,
new_2_1,0.01,128,1.938640578654974e-06,,,,,0.5506206070379405,6.5972314,2.2649765e-06,0.20534536,1.1981434,6.3275495,-0.0019050837,0.18189739,1.0942974,6.597966,1.5497208e-06,0.2048603,1.1971091,6.3238277,-0.0018829107,0.18254563,1.0939887,50.58743,-9.875968,0.85063285,0.9418274,6.698493,-0.007205963,0.21984066,1.3560996,48.69152,-9.61092,0.9217639,0.9391453,50.58988,6.698555,48.69213,a0,54.179901123046875,54.61113117632976,2.9715029152459112e-08,-1.1256413778567666e-09,2.790870259044026e-06,8.276166701903055e-07,2.808562195265315e-07,
new_2_1,0.01,512,2.066714145666116e-06,,,,,0.572679068329573,6.6618867,2.3245811e-06,0.21111049,1.1632832,7.023,-0.0066643953,0.22197229,1.1150575,6.6590037,8.34465e-07,0.21178335,1.1645154,7.02178,-0.006604433,0.22136034,1.1153334,49.441673,-10.528245,0.8242868,0.9332926,7.343683,-0.0013529062,0.23411115,1.3458352,48.927223,-9.90367,0.93871313,0.9345009,49.4383,7.341855,48.92803,a0,54.64493179321289,54.919478841952696,2.7102067135285986e-08,-5.151047581645689e-09,2.937748579980273e-06,8.574094141435197e-07,2.8183869383312325e-07,
new_2_1,0.01,2048,1.106568953478893e-06,,,,,0.5976857372750102,6.747036,1.4305115e-06,0.19783261,1.1288594,6.567189,-0.0004092455,0.1982433,1.1237788,6.7465267,1.1920929e-06,0.19765711,1.1284878,6.564181,-0.0004028082,0.19884527,1.1230576,50.11464,-9.829006,0.84597903,0.9328584,6.7748694,-0.03045547,0.21847582,1.4078753,47.75067,-9.101573,0.9085013,0.93076766,50.11461,6.774291,47.75355,a0,59.97069549560547,60.09492823011442,-9.454353665279383e-09,2.2611633411355287e-08,2.6397186356934534e-06,1.6478182014618538e-06,3.0482400567227927e-07,
new_2_1,0.1,32,2.4581657874277543e-06,,,,,0.5676726859976899,6.518162,2.682209e-06,0.20832026,1.148224,6.9239554,-0.0017272234,0.19422181,1.1608633,6.3201566,-0.001283884,0.21511516,1.1596261,6.852102,-0.0017009974,0.210937,1.14981,49.80663,-9.459871,0.80422246,0.93898934,7.062361,-0.006644726,0.2037403,1.3840134,48.39568,-9.181659,0.88983136,0.9372745,49.774612,7.0019345,48.372433,a0,46.00849533081055,48.354148113105566,3.614574226264708e-08,-4.36660532109436e-09,3.473676521064645e-06,1.1379526014330103e-06,3.313699432976093e-07,
new_2_1,0.1,128,1.900759278501128e-06,,,,,0.5457864051697956,6.6351438,2.1457672e-06,0.20482229,1.2157022,6.4126964,-0.002822876,0.17331508,1.1059749,6.598183,-6.41346e-05,0.20486704,1.1971486,6.326109,-0.002605915,0.18261148,1.0943834,50.61839,-9.813018,0.83397263,0.94298434,6.746509,-0.0057486296,0.20411962,1.3635633,48.739002,-9.595163,0.899149,0.9401835,50.635952,6.694632,48.73814,a0,54.179901123046875,53.94343844500327,2.66906476879852e-08,2.184365020459858e-10,2.7814127675698656e-06,7.944237239659176e-07,2.793819796382253e-07,
new_2_1,0.1,512,2.126520985552591e-06,,,,,0.5803604546490087,6.748198,2.3245811e-06,0.20254213,1.1627586,7.073334,-0.0054017305,0.21157363,1.118809,6.659545,-0.000161767,0.21180056,1.16461,7.015974,-0.00494051,0.22117731,1.1144112,49.4056,-10.434227,0.78502166,0.932191,7.4109435,-0.0025552511,0.22198196,1.3649983,48.85388,-9.800741,0.89310443,0.93337613,49.3649,7.3450513,48.854824,a0,54.64493179321289,54.63806876093713,2.8878512545067098e-08,-2.2971452593594574e-09,2.9609045538285064e-06,8.641571349655793e-07,2.8416791279666777e-07,
new_2_1,0.1,2048,1.1347435608549976e-06,,,,,0.5963204551715698,6.8058047,1.3113022e-06,0.18671514,1.1412992,6.6485,-0.00037550926,0.19037797,1.1395786,6.7465434,-3.8146973e-06,0.1976576,1.1284907,6.5639205,-0.000323534,0.19883738,1.123013,50.13598,-9.771799,0.82148576,0.9333638,6.835493,-0.028361678,0.20056675,1.4158014,47.745277,-9.098495,0.876356,0.931017,50.127617,6.7719536,47.76651,a0,59.97069549560547,60.0662611560665,-3.1062145027236504e-08,-5.0546635850704156e-09,2.7425752176007463e-06,1.8486477837747306e-06,3.170647237069194e-07,
new_2_2,0.0001,32,,8.38049750841316e-06,,,,0.3950438595884458,6.3162284,4.4107437e-06,0.2149675,1.1588572,6.865174,-0.005521059,0.21135479,1.1520025,6.316089,4.4107437e-06,0.21497671,1.1588799,6.8651543,-0.00552094,0.2113388,1.1520002,49.98997,-9.585619,0.80282706,0.9428394,6.98844,-0.0018920898,0.22618482,1.3579463,48.58745,-9.283952,0.92619777,0.9413393,49.989944,6.988431,48.58743,a1,-5.176414489746094,-6.159983989562079,-2.1178988118319503e-07,-1.3330636279212214e-08,1.7120093494040152e-05,1.1326065465179616e-05,1.9817103162771333e-06,
new_2_2,0.0001,128,,1.6080318259251484e-05,,,,0.4011568426101816,6.5979314,8.404255e-06,0.2048703,1.1971145,6.323611,-0.0018043518,0.18253796,1.0939479,6.597944,8.404255e-06,0.2048596,1.197105,6.3235793,-0.0018041134,0.18253846,1.0939457,50.584732,-9.879686,0.84989834,0.94171345,6.6989794,-0.007358551,0.21945903,1.356445,48.687008,-9.6094475,0.92420155,0.9390449,50.58476,6.6989856,48.68701,a1,-11.470293998718262,-10.74646753096431,-4.946060875909109e-08,-1.0024935549768681e-08,2.666399799088653e-05,1.2785269487134492e-05,2.546912832973227e-06,
new_2_2,0.0001,512,,4.421745794830536e-06,,,,0.4218317516157215,6.6590214,2.1457672e-06,0.21177624,1.1645011,7.02248,-0.006803632,0.22139095,1.1154399,6.658999,2.2649765e-06,0.2117832,1.1645145,7.022473,-0.006803155,0.22138219,1.1154435,49.446484,-10.53493,0.8273555,0.9334297,7.341565,-0.0012407303,0.23434123,1.3447063,48.936146,-9.911658,0.93704677,0.9346409,49.44645,7.341552,48.936153,a1,-15.726680755615234,-15.68746594671211,-1.6029803171118025e-07,-6.550209363505228e-09,1.4122478942669407e-05,6.770005385600755e-06,1.5689175201540276e-06,
new_2_2,0.0001,2048,,1.3545208486553223e-05,,,,0.4478326445036275,6.7465057,7.212162e-06,0.19765934,1.1284872,6.5642157,-0.00040626526,0.19884217,1.1230656,6.7465067,7.033348e-06,0.19765653,1.1284845,6.564192,-0.00040614605,0.1988456,1.1230595,50.11318,-9.831565,0.84824187,0.93281937,6.77452,-0.030624628,0.21912037,1.408314,47.752098,-9.0987,0.9097368,0.9307565,50.113182,6.7745204,47.75213,a1,-13.464017868041992,-13.29599592025943,-1.7144466609915658e-07,-1.2070191794484453e-07,2.3536497642214e-05,1.3815796584557483e-05,2.5364426748981094e-06,
new_2_2,0.001,32,,8.340380479729393e-06,,,,0.3952477689113978,6.31749,4.4703484e-06,0.2148848,1.1586553,6.8651996,-0.0054774284,0.21136266,1.1519978,6.3160896,4.2915344e-06,0.21497673,1.15888,6.8650036,-0.005476713,0.21133417,1.1519749,49.988255,-9.584733,0.80283856,0.94280344,6.9886127,-0.0019224882,0.22621503,1.3580832,48.58565,-9.283288,0.9262351,0.94130135,49.988003,6.9885197,48.58549,a1,-5.185535430908203,-5.916866037125601,-2.0750083775532053e-07,-2.1567755969607465e-08,1.703929558052285e-05,1.1367103380863249e-05,1.9703701333190157e-06,
new_2_2,0.001,128,,1.6189623521397973e-05,,,,0.4011085208356119,6.5978255,8.523464e-06,0.20496704,1.1972003,6.3239217,-0.0018125772,0.18253428,1.0939715,6.597944,8.404255e-06,0.2048596,1.197105,6.3235993,-0.0018105507,0.18253905,1.0939492,50.584965,-9.879372,0.84996486,0.94172364,6.6988854,-0.0073440075,0.21951547,1.3564036,48.68741,-9.609605,0.9239792,0.9390538,50.585217,6.698944,48.687473,a1,-11.472841262817383,-11.976820275094724,-5.344717240765742e-08,-1.2822751308581043e-08,2.676158167775166e-05,1.274402302752343e-05,2.552815120469207e-06,
new_2_2,0.001,512,,4.448774399423686e-06,,,,0.4219085694178147,6.6592274,2.1457672e-06,0.21171379,1.1643807,7.022486,-0.006791115,0.22146808,1.1153986,6.6589994,2.1457672e-06,0.21178322,1.1645147,7.0224094,-0.006784916,0.22138019,1.1154335,49.44605,-10.534358,0.8271509,0.9334174,7.341714,-0.0012507439,0.23432039,1.344801,48.935333,-9.910963,0.937201,0.9346281,49.445713,7.341579,48.93542,a1,-15.730825424194336,-15.493669415889144,-6.114323230250536e-08,-3.714202092657482e-10,1.157708789553022e-05,6.109073933945604e-06,1.234394429462017e-06,
new_2_2,0.001,2048,,1.3603332355500783e-05,,,,0.4478190276254769,6.7465034,7.212162e-06,0.19768485,1.1285126,6.5644345,-0.00040590763,0.19881126,1.1231216,6.7465067,7.1525574e-06,0.19765653,1.1284845,6.5641885,-0.00040519238,0.1988455,1.1230589,50.113304,-9.831363,0.8483681,0.93282276,6.7744966,-0.030608892,0.21915714,1.4082626,47.751957,-9.098987,0.90962416,0.9307573,50.113316,6.774497,47.75226,a1,-13.464879989624023,-13.584679088296525,-1.2895804456227766e-07,-3.314824572569372e-08,2.2998841206060503e-05,1.3590465159991285e-05,2.5290862357571604e-06,
new_2_2,0.01,32,,8.419459086048784e-06,,,,0.3972868835151429,6.330677,4.351139e-06,0.21408238,1.1567478,6.865966,-0.005051613,0.21058439,1.1520367,6.3161297,-8.46386e-06,0.2149781,1.1588874,6.8635283,-0.0050445795,0.21128875,1.1517273,49.97117,-9.57562,0.8029545,0.9424457,6.990838,-0.0022397041,0.22567168,1.3595515,48.56777,-9.276412,0.92591745,0.9409232,49.9686,6.9894423,48.566124,a1,-5.276882171630859,-4.639272589201937,-1.6271466343095282e-07,-9.75699585731006e-09,1.7478130052242448e-05,1.22872470785128e-05,2.048965668493219e-06,
new_2_2,0.01,128,,1.762532998639592e-05,,,,0.4006253299243087,6.597208,9.298325e-06,0.20534463,1.1981392,6.327527,-0.0018979311,0.18189673,1.0942935,6.5979433,8.523464e-06,0.20485958,1.1971049,6.323805,-0.001875639,0.18254498,1.0939847,50.587364,-9.87594,0.8506318,0.9418262,6.6984687,-0.007198572,0.21983986,1.3560946,48.69146,-9.610891,0.92176276,0.93914413,50.589813,6.69853,48.69206,a1,-11.498329162597656,-11.611807998690438,-6.642861814798016e-08,-2.4454584823083133e-08,2.8210045362334954e-05,1.276124857642259e-05,2.6597951640648876e-06,
new_2_2,0.01,512,,0.0007904844957573,,,,0.4227003414244571,6.6606297,0.0003797412,0.21107066,1.1630638,7.0215287,-0.006242752,0.2219258,1.1148239,6.6577473,0.00037819147,0.21174338,1.1642957,7.0203094,-0.006182909,0.22131398,1.1150999,49.43748,-10.52629,0.82421696,0.9332135,7.34203,-0.0009022951,0.23405845,1.3455323,48.923023,-9.901798,0.93863255,0.93442065,49.43411,7.340203,48.923824,a1,-15.877264976501465,-15.380555538513363,7.99310284139968e-06,-2.2001346040516045e-08,0.0007976735105187067,7.1004897761992546e-06,7.886036000298493e-05,
new_2_2,0.01,2048,,1.3569198969682966e-05,,,,0.4476825018088665,6.7470164,7.2717667e-06,0.19783205,1.1288562,6.567169,-0.00040316582,0.19824271,1.1237754,6.7465067,7.1525574e-06,0.19765653,1.1284845,6.564161,-0.00039672852,0.19884466,1.1230541,50.11464,-9.829006,0.84597903,0.9328584,6.77484,-0.03044653,0.21847486,1.4078691,47.75067,-9.101573,0.9085013,0.93076766,50.114613,6.7742615,47.75355,a1,-13.47346305847168,-13.357268116465093,-1.758106450496194e-07,-4.294054982196656e-08,2.3808999200538766e-05,1.27532751557313e-05,2.483729059334459e-06,
new_2_2,0.1,32,,8.855410620200584e-06,,,,0.4176779733633145,6.518156,4.4703484e-06,0.20832007,1.148223,6.9239483,-0.0017251968,0.19422162,1.1608621,6.320152,-0.0012824535,0.215115,1.1596253,6.8520947,-0.0016987324,0.21093677,1.1498088,49.80662,-9.459868,0.80422235,0.9389892,7.062357,-0.006643653,0.2037402,1.3840127,48.39567,-9.181656,0.8898312,0.9372744,49.77461,7.00193,48.372425,a1,-6.190303802490234,-7.047918430203026,-8.156645011050285e-08,-7.686403045404102e-09,2.073651199264148e-05,8.493383288701737e-06,1.9798648074202175e-06,
new_2_2,0.1,128,,2.9841166074920795e-05,,,,0.3957924290963003,6.6351004,1.5258789e-05,0.20482095,1.2156942,6.4126525,-0.002809167,0.1733139,1.1059674,6.5981383,-5.0663948e-05,0.20486563,1.1971403,6.3260655,-0.0025919676,0.18261023,1.0943758,50.618248,-9.812958,0.8339703,0.9429817,6.74646,-0.005733967,0.20411813,1.3635533,48.738857,-9.595101,0.8991464,0.9401807,50.63581,6.6945825,48.738,a1,-11.753008842468262,-11.931870950832035,-3.138931372259869e-08,-1.28729175649187e-08,4.050567027225833e-05,1.4891623737608631e-05,3.725229084309016e-06,
new_2_2,0.1,512,,1.566267525590863e-05,,,,0.4303599173176345,6.7481813,7.2717667e-06,0.20254162,1.1627557,7.073315,-0.005396247,0.21157306,1.1188059,6.6595283,-0.00015676022,0.21180002,1.1646072,7.0159554,-0.0049351454,0.22117673,1.1144083,49.4056,-10.434227,0.78502166,0.932191,7.41092,-0.002548933,0.22198126,1.364994,48.853886,-9.800743,0.8931045,0.9333762,49.3649,7.345028,48.854824,a1,-16.187793731689453,-16.235069310255312,2.0296570992727793e-07,5.4258941508741416e-09,2.3599323681743845e-05,1.0166422764357028e-05,2.3084156170168937e-06,
new_2_2,0.1,2048,,1.773030589869645e-05,,,,0.4463286830313895,6.8057775,9.23872e-06,0.1867144,1.1412946,6.648476,-0.0003682375,0.19037728,1.1395745,6.746516,4.2915344e-06,0.1976568,1.128486,6.5638957,-0.00031602383,0.19883662,1.1230088,50.13585,-9.771744,0.8214836,0.9333614,6.835475,-0.028356194,0.20056623,1.4157976,47.745148,-9.098439,0.8763536,0.9310145,50.127487,6.7719355,47.76638,a1,-13.559003829956055,-13.735257368807652,3.358341739048088e-08,-6.904526124179737e-08,2.8803309051546844e-05,1.6939810067463454e-05,3.1736948997370487e-06,
new_2_3,0.0001,32,,,-5.997073641550511,,,0.5440555205974857,6.3031363,0.0041456223,0.21452193,1.1564553,6.8496866,-0.0009894371,0.210878,1.1494037,6.3029966,0.004145801,0.2145311,1.1564777,6.8496675,-0.0009894371,0.21086206,1.1494014,49.866287,-9.533303,0.80084074,0.94050664,6.971266,0.0030261278,0.22562897,1.3546091,48.4638,-9.231675,0.9238407,0.9389437,49.866264,6.9712567,48.46378,a2,-0.16453254222869873,-0.19139756556074747,-9.39044036362222,-9.431571387999494,6.962465482831696,4.60867155869635,1.1377582604761844,
new_2_3,0.0001,128,,,-5.996265594036935,,,0.5500845944448147,6.5834665,0.004388213,0.20442116,1.19449,6.309693,0.002600789,0.18213621,1.0915401,6.583479,0.004388094,0.20441048,1.1944807,6.309661,0.002600968,0.18213668,1.091538,50.460068,-9.826128,0.84780383,0.9393926,6.6826396,-0.0024504662,0.21892375,1.3531364,48.56363,-9.555745,0.9218595,0.93666524,50.460094,6.6826463,48.563633,a2,-0.1900162696838379,-0.18523296104427575,-9.398306337643023,-9.632585232573561,5.686587100588098,4.06751784460352,1.0140043973121762,
new_2_3,0.0001,512,,,-5.996217621737403,,,0.5707628783327077,6.6444745,0.004366398,0.2113136,1.1619571,7.0064535,-0.002213478,0.2208857,1.1128943,6.6444526,0.0043664575,0.21132056,1.1619707,7.006446,-0.002212882,0.22087693,1.1128978,49.324368,-10.478027,0.8253122,0.93112445,7.3235426,0.003668964,0.23376594,1.3414053,48.811634,-9.856202,0.9346625,0.9322628,49.324333,7.3235292,48.811638,a2,-0.19259242713451385,-0.19247266430188878,-9.248230657488772,-9.317200436491976,6.8624343091900535,5.277173680646054,1.1003980497257915,
new_2_3,0.0001,2048,,,-5.9952601541124215,,,0.5966668308441597,6.731373,0.0044882894,0.19721597,1.1259559,6.549825,0.003975153,0.19840625,1.1206036,6.731374,0.0044882298,0.19721316,1.1259532,6.5498013,0.003975332,0.19840968,1.1205974,49.98959,-9.778204,0.8461499,0.93051887,6.7582245,-0.025672555,0.21859328,1.4049264,47.630733,-9.047433,0.9074247,0.928391,49.98959,6.758225,47.630768,a2,-0.20317046344280243,-0.19897904654468662,-8.894229786614662,-8.833210436964963,6.974000773768153,4.366884400153175,0.9424589290379546,
new_2_3,0.001,32,,,-5.997087701718382,,,0.5442594485444413,6.3043976,0.004145026,0.21443947,1.156254,6.8497133,-0.00094628334,0.21088588,1.1493992,6.302997,0.0041457415,0.21453111,1.1564778,6.849518,-0.0009455681,0.21085745,1.1493763,49.864574,-9.53242,0.8008522,0.94047076,6.97144,0.0029953718,0.22565916,1.3547461,48.462006,-9.231015,0.9238779,0.93890584,49.864326,6.971347,48.461845,a2,-0.164568692445755,-0.1726619624482339,-9.373915755738194,-9.432282146584864,6.44668414564998,4.911846229352247,1.1430051098890448,
new_2_3,0.001,128,,,-5.996272499475428,,,0.550036256823212,6.5833607,0.0043884516,0.20451768,1.1945755,6.310004,0.0025921464,0.18213256,1.0915639,6.583479,0.004388094,0.20441048,1.1944807,6.309682,0.0025943518,0.1821373,1.0915415,50.460304,-9.825815,0.84787023,0.9394029,6.682546,-0.0024359226,0.21898004,1.3530952,48.56403,-9.555903,0.9216378,0.9366741,50.460556,6.682605,48.5641,a2,-0.190017968416214,-0.18965283714827505,-9.458483974715064,-9.555687332601197,6.17920317543414,5.46005427617128,1.1802849301733227,
new_2_3,0.001,512,,,-5.99619141410097,,,0.5708396541326202,6.6446795,0.004366696,0.21125127,1.161837,7.006459,-0.002200842,0.22096263,1.112853,6.644452,0.004366517,0.21132055,1.1619706,7.006383,-0.0021947622,0.22087495,1.1128879,49.32393,-10.477455,0.825108,0.93111205,7.3236914,0.00365901,0.23374517,1.3414997,48.810818,-9.855507,0.9348163,0.93224996,49.323597,7.3235564,48.810905,a2,-0.1926116794347763,-0.19540800478547965,-9.29150920580549,-9.275698280174753,8.54669165061124,6.250262650795406,1.2752624367329621,
new_2_3,0.001,2048,,,-5.995262252439668,,,0.5966531951135869,6.73137,0.0044884086,0.19724143,1.1259811,6.550045,0.003975153,0.19837545,1.1206597,6.731374,0.0044882298,0.19721316,1.1259532,6.5497985,0.0039761662,0.19840959,1.1205969,49.989716,-9.778004,0.84627587,0.93052226,6.758201,-0.02565682,0.21862997,1.4048752,47.630596,-9.047719,0.90731233,0.9283918,49.98972,6.7582016,47.630894,a2,-0.2031732201576233,-0.19373821107536457,-9.140843719726547,-8.901382213691472,8.655813070951137,6.690859414635582,1.2881638646819924,
new_2_3,0.01,32,,,-5.997067813012267,,,0.5462985221067567,6.3175807,0.004137516,0.2136395,1.1543549,6.8504815,-0.000523448,0.21010947,1.1494386,6.303037,0.004132986,0.21453248,1.1564851,6.8480444,-0.00051498413,0.21081209,1.149129,49.84749,-9.523334,0.80096716,0.9401131,6.9736767,0.0026749372,0.2251177,1.356214,48.44412,-9.224153,0.92356014,0.9385277,49.84492,6.9722786,48.44247,a2,-0.16495618224143982,-0.16209849806984822,-9.270652251674571,-9.484057220929873,6.4465830969750595,5.014024017748331,1.168265769740322,
new_2_3,0.01,128,,,-5.996276374068379,,,0.5495528404361476,6.582742,0.0043899417,0.20489438,1.195512,6.313612,0.002503872,0.18149672,1.091887,6.5834813,0.004387498,0.20441055,1.194481,6.3098903,0.0025285482,0.18214332,1.0915776,50.46271,-9.822408,0.8485357,0.93950546,6.6821303,-0.0022913218,0.21930364,1.352787,48.568092,-9.557192,0.91942734,0.9367647,50.465164,6.6821914,48.5687,a2,-0.19004765152931213,-0.16371881965306076,-9.617972658754077,-9.642028314603625,15.196105666609672,6.250964762209612,1.6985815649609595,
new_2_3,0.01,512,,,-5.996200996309405,,,0.5716078030620956,6.647335,0.004366219,0.21064936,1.1607423,7.006975,-0.002075553,0.22146581,1.1125132,6.644458,0.0043649077,0.21132073,1.1619716,7.005757,-0.0020157099,0.22085522,1.1127883,49.31963,-10.471403,0.82225215,0.93098885,7.325666,0.0035545826,0.23353678,1.3425333,48.80278,-9.848275,0.93632555,0.9321241,49.316257,7.3238354,48.803585,a2,-0.19275224208831787,-0.1908917165319524,-9.177283676721856,-9.284045250262578,6.7413390569811895,4.4930261054511025,1.076052870543176,
new_2_3,0.01,2048,,,-5.420085299974716,,,0.5956006677376804,6.7201023,0.007969379,0.19704288,1.1243532,6.541586,0.007376075,0.19747043,1.1193976,6.719595,0.007969022,0.19686808,1.123983,6.538569,0.0073885918,0.19806942,1.1186757,49.895004,-9.734294,0.8422714,0.92877,6.74584,-0.02164352,0.21753968,1.4018427,47.534996,-9.010527,0.9043979,0.9265637,49.894974,6.745259,47.537876,a2,-0.3592526912689209,-0.36105471139266104,-8.935277460012308,-8.863283066910087,7.745715573003239,4.503731626297842,0.9990688542261873,
new_2_3,0.1,32,,,-5.997047471910748,,,0.566689467590292,6.5051427,0.003993392,0.20790416,1.1459306,6.9086003,0.0027109385,0.19379109,1.1582888,6.307067,0.0028592348,0.21466963,1.1572245,6.8366456,0.0028129816,0.21046118,1.1472163,49.682953,-9.407991,0.8022255,0.9366577,7.0454364,-0.0018258095,0.20325205,1.3806968,48.272045,-9.129703,0.88755816,0.93488014,49.65093,6.984866,48.24878,a2,-0.16880249977111816,-0.1854422056251291,-9.2465321009234,-9.35160334257051,5.757964842110211,4.608939913779644,1.0439229238778394,
new_2_3,0.1,128,,,-5.996263983035411,,,0.5447186150917633,6.6207147,0.004346788,0.20437686,1.2130585,6.398869,0.0014971495,0.17294137,1.1035903,6.5836983,0.004321873,0.20441729,1.1945205,6.312174,0.001806438,0.18220922,1.0919726,50.493683,-9.759805,0.831918,0.94066113,6.730261,-0.0009099245,0.20362802,1.3602792,48.615585,-9.5415745,0.8968722,0.9378028,50.511227,6.6782503,48.614708,a2,-0.19035397469997406,-0.19097616064014505,-9.37078295165031,-9.602432861227364,5.465866054356115,4.534969930182076,1.0380790869619159,
new_2_3,0.1,512,,,-5.9962022009827285,,,0.5792891969748722,6.7337275,0.004286468,0.2021078,1.1602652,7.0574,-0.00087714195,0.21109702,1.1162887,6.6450005,0.0042023063,0.21133798,1.1620665,6.999957,-0.00035738945,0.22067238,1.1118672,49.28359,-10.377819,0.78308296,0.92988884,7.393099,0.002267003,0.22144745,1.3617116,48.72946,-9.745798,0.89082986,0.93099904,49.24286,7.3270645,48.730385,a2,-0.19417589902877808,-0.19629341832422362,-9.126676148770105,-9.307447541854966,7.377546016241902,4.110464714443139,1.0496429827462148,
new_2_3,0.1,2048,,,-5.995229001672433,,,0.5951513198805842,6.790758,0.0044181347,0.18630233,1.138776,6.6342583,0.0039058328,0.18997015,1.1371375,6.7313905,0.0044832826,0.19721365,1.125956,6.5495105,0.004063785,0.19840087,1.1205477,50.012417,-9.718769,0.81946117,0.9310635,6.8193173,-0.023500204,0.20009214,1.4124509,47.62393,-9.047229,0.8741287,0.9286508,50.004025,6.7556224,47.645145,a2,-0.20352575182914734,-0.19828277730759425,-8.901286584752068,-8.778663017370281,8.390657387227419,4.425283062441276,1.0618927766174526,
new_2_4,0.0001,32,,,,-0.2959429941532649,,0.5769082281806175,5.716772,0.18081093,0.1945655,1.0488732,7.0865126,-0.07140386,0.21816905,1.1891439,5.716686,0.18079948,0.1945752,1.048901,7.086489,-0.07140267,0.21815245,1.189141,50.51367,-9.808574,0.8112376,0.9527167,11.460356,-1.6943667,0.3709209,2.2268987,57.545975,-13.42586,1.0969696,1.1149029,50.513645,11.460386,57.545956,a3,21.060148239135742,20.5933891450627,-0.2959429737435148,-0.2959429887478874,3.8178370961872155e-06,2.2799106159654414e-06,4.7147473238947653e-07,
new_2_4,0.0001,128,,,,-0.0390411022789326,,0.566149366902446,6.7086134,-0.03382325,0.20830706,1.2171963,6.420979,-0.032892466,0.1853486,1.1107919,6.7086024,-0.0338161,0.20829543,1.2171825,6.4209533,-0.032894373,0.18534929,1.110791,50.44047,-9.817719,0.8474746,0.93902785,8.809226,-0.7419765,0.28859085,1.783739,54.70666,-12.395133,1.0384697,1.0551482,50.44049,8.809226,54.70667,a3,25.547147750854492,25.031364486949315,-0.039041179750495314,-0.03904113283559195,2.217964534201311e-06,1.2591374480216966e-06,2.8886402020821963e-07,
new_2_4,0.0001,512,,,,-0.0205399387263683,,0.5677988458056163,6.6672463,-0.0024696589,0.21203782,1.1659395,7.1135364,-0.033082247,0.22426158,1.1299032,6.6672034,-0.0024633408,0.21204413,1.1659493,7.113524,-0.0330801,0.22425255,1.129906,49.339085,-10.484877,0.8255584,0.9314023,9.515279,-0.681916,0.30372572,1.7428513,54.954838,-12.76078,1.0522949,1.049593,49.33905,9.515289,54.954845,a3,26.722558975219727,26.48043655995025,-0.020540575257049744,-0.020540536435621252,2.8435828061008916e-06,1.81560316748694e-06,4.0476778069101343e-07,
new_2_4,0.0001,2048,,,,0.0284442060942849,,0.5901271692019303,6.8445144,-0.029258251,0.20053081,1.1448811,6.5303636,0.009885371,0.19781671,1.1172739,6.844513,-0.029257655,0.20052788,1.1448779,6.530351,0.0098820925,0.19782048,1.1172698,49.96862,-9.769164,0.845795,0.9301285,8.094206,-0.47126853,0.26180533,1.6826555,53.189377,-11.529402,1.0133238,1.0367368,49.96862,8.0941925,53.189404,a3,25.76934814453125,25.666360158993484,0.0284435322884685,0.0284435428284914,5.061279561499599e-06,1.9097667517016526e-06,5.97346696229381e-07,
new_2_4,0.001,32,,,,-0.2959429610363628,,0.5771121302842414,5.7175527,0.18091434,0.19447836,1.0486242,7.086429,-0.07132411,0.21817379,1.1891207,5.7166862,0.1807993,0.19457522,1.0489011,7.086187,-0.071311235,0.21814314,1.1890904,50.511967,-9.80768,0.8112497,0.9526809,11.458487,-1.6934366,0.37090078,2.226705,57.544155,-13.425085,1.0970197,1.114864,50.511703,11.458785,57.543987,a3,21.060148239135742,20.460600978822185,-0.2959430024844755,-0.29594302058955013,3.8075195585851596e-06,2.3133131230035353e-06,4.82918840223593e-07,
new_2_4,0.001,128,,,,-0.0390411017897706,,0.5661010209520924,6.7087164,-0.0338881,0.20841196,1.2173218,6.4212255,-0.032878757,0.18534286,1.110804,6.7086024,-0.0338161,0.20829543,1.2171825,6.420966,-0.032898426,0.18534966,1.1107931,50.44072,-9.817413,0.84754115,0.9390383,8.80954,-0.7421243,0.28867942,1.7837731,54.707066,-12.39531,1.038219,1.0551573,50.440952,8.809538,54.707134,a3,25.547147750854492,24.921485206164107,-0.03904118332201886,-0.039041147703632095,2.241943883998787e-06,1.275367244320258e-06,2.913526260055015e-07,
new_2_4,0.001,512,,,,-0.0205396729241135,,0.5678757126320377,6.6676397,-0.0025259256,0.21198124,1.1658516,7.1135902,-0.03308308,0.22434121,1.129869,6.6672034,-0.0024633408,0.21204413,1.1659493,7.11346,-0.033061504,0.22425054,1.1298958,49.33863,-10.484299,0.8253539,0.9313896,9.514712,-0.6816642,0.30367446,1.7428347,54.954006,-12.759945,1.0524696,1.0495803,49.338314,9.514804,54.9541,a3,26.722558975219727,27.079912030103515,-0.02054055951211319,-0.02054051027682005,2.8751953682001896e-06,1.6977687611018089e-06,4.1257716744413516e-07,
new_2_4,0.001,2048,,,,0.0284442183862619,,0.5901134994703368,6.8445377,-0.029266119,0.20055744,1.1449112,6.5304804,0.009916365,0.19778292,1.1173123,6.844513,-0.029257655,0.20052788,1.1448779,6.5303483,0.009882987,0.1978204,1.1172692,49.96873,-9.768957,0.8459206,0.9301316,8.094411,-0.47133088,0.2618568,1.6826426,53.189247,-11.529769,1.0131987,1.0367383,49.968754,8.094269,53.189537,a3,25.76934814453125,25.666383038469576,0.0284435284826269,0.028443634660684752,4.756316439199354e-06,2.2480160357003787e-06,5.957007713646723e-07,
new_2_4,0.01,32,,,,-0.2959429838513347,,0.5791512383506163,5.7260036,0.1819101,0.19363433,1.0462613,7.086082,-0.0705266,0.21733552,1.1889699,5.7167306,0.18078655,0.19457673,1.0489092,7.0831914,-0.07040572,0.21805093,1.1885877,50.49495,-9.798482,0.8113708,0.9523241,11.440085,-1.6839328,0.3692981,2.2248242,57.52602,-13.416966,1.0967015,1.1144751,50.492268,11.442788,57.52433,a3,21.060148239135742,20.874492577149795,-0.2959429945096807,-0.2959430051772375,3.833313808210281e-06,2.314789725621491e-06,4.850860236160598e-07,
new_2_4,0.01,128,,,,-0.0390405022237828,,0.565617708880745,6.7101827,-0.034532785,0.20886108,1.2186569,6.42418,-0.03273964,0.1846752,1.1110089,6.7086043,-0.033816576,0.2082955,1.2171829,6.421097,-0.032940507,0.18535343,1.1108158,50.44329,-9.814077,0.84820914,0.9391439,8.813069,-0.74348617,0.28923982,1.7841923,54.71118,-12.39672,1.0357202,1.0552505,50.44556,8.81265,54.711773,a3,25.547147750854492,25.253346471743043,-0.03904118241515478,-0.03904114341572395,2.346847995396417e-06,1.2694285980718867e-06,3.013607022731813e-07,
new_2_4,0.01,512,,,,-0.0205395925487045,,0.568643836841616,6.672175,-0.0030887127,0.21143651,1.1650798,7.114581,-0.033089638,0.22486685,1.129598,6.6672087,-0.0024650097,0.2120443,1.1659503,7.1128283,-0.032877922,0.22423062,1.1297956,49.33417,-10.478168,0.82249457,0.9312633,9.509438,-0.6790707,0.30315378,1.7427409,54.94582,-12.751209,1.0541854,1.0494549,49.330967,9.509984,54.946705,a3,26.722558975219727,26.85367282850848,-0.02054056546254857,-0.020540534371133,3.0944012019001876e-06,1.7236938000923796e-06,4.0997943969713834e-07,
new_2_4,0.01,2048,,,,0.0284440251882711,,0.5899770172457883,6.8453016,-0.029339194,0.2007139,1.1453005,6.5321975,0.01022321,0.19718702,1.117791,6.844513,-0.029257655,0.20052788,1.1448779,6.53032,0.00989145,0.19781955,1.1172644,49.969917,-9.766552,0.84353596,0.9301645,8.096951,-0.47187293,0.26111025,1.6826149,53.188023,-11.533077,1.011952,1.0367539,49.97006,8.095031,53.190845,a3,25.76934814453125,25.618053179243816,0.02844357206136074,0.028443645261435897,3.827111370698771e-06,2.1226136698998532e-06,5.481754189783593e-07,
new_2_4,0.1,32,,,,-0.2959430757958404,,0.5995422139055072,5.873261,0.18809146,0.18770924,1.0346198,7.131461,-0.06266892,0.2000425,1.1956534,5.721174,0.17951268,0.19472796,1.0497245,7.056413,-0.062327504,0.21722658,1.1840942,50.33104,-9.681294,0.8126901,0.9488759,11.285202,-1.5703666,0.325564,2.2115653,57.350376,-13.298085,1.0544777,1.1106993,50.297943,11.283595,57.32776,a3,21.060148239135742,20.875343381021594,-0.29594301505950615,-0.2959430179898121,4.070434225900144e-06,2.390272417607253e-06,5.13136955217589e-07,
new_2_4,0.1,128,,,,-0.0390410390886434,,0.5607833877748254,6.768023,-0.040452003,0.20892417,1.2400485,6.502155,-0.030997276,0.17573287,1.1214036,6.7088175,-0.03388226,0.20830213,1.2172216,6.4226055,-0.033425927,0.18539698,1.1110767,50.475906,-9.75223,0.83162516,0.94032997,8.887882,-0.74553204,0.26890814,1.7963645,54.758507,-12.373886,1.0101984,1.0563008,50.49166,8.843908,54.75828,a3,25.547147750854492,25.475130357222042,-0.03904117785255487,-0.0390411380248358,2.3378589103992264e-06,1.3966602056408872e-06,3.191870398809075e-07,
new_2_4,0.1,512,,,,-0.0205396081462976,,0.5763242769521041,6.7768726,-0.008514166,0.20340277,1.1676995,7.1690416,-0.032793522,0.21443638,1.1339473,6.6677494,-0.0026276112,0.2120615,1.1660448,7.10696,-0.031174421,0.22404562,1.1288633,49.296547,-10.383803,0.7832889,0.93013334,9.49365,-0.6452346,0.28436583,1.7486055,54.870262,-12.62478,1.0030906,1.0483218,49.257473,9.462003,54.872765,a3,26.722558975219727,26.740948307235612,-0.02054058814933987,-0.0205405447744011,2.9501088674027676e-06,1.8008630620278132e-06,4.0692468774966514e-07,
new_2_4,0.1,2048,,,,0.0284442151397297,,0.5886116908849394,6.9057903,-0.029596925,0.1894582,1.1580663,6.603732,0.013051271,0.18909605,1.1319052,6.8445296,-0.029262662,0.20052837,1.1448808,6.5300574,0.009971142,0.19781159,1.1172194,49.989773,-9.709067,0.8190901,0.93064195,8.1700735,-0.46912265,0.23972596,1.6922263,53.182507,-11.5294895,0.97615534,1.0370412,49.983086,8.102655,53.20394,a3,25.76934814453125,25.724921314917992,0.028443598754234786,0.02844364795331515,3.411896519901758e-06,1.6781628964998574e-06,4.75854341031508e-07,
new_2_5,0.0001,32,,,,,0.2086694928077628,0.4356091975553202,6.539981,-0.07210028,0.22258273,1.1999098,6.8832016,-0.010808945,0.21190982,1.1550276,6.539806,-0.07209015,0.22259122,1.1999276,6.8831835,-0.010809183,0.21189383,1.1550256,49.587425,-9.415823,0.7963623,0.9352471,9.320457,-0.782112,0.30166188,1.8110881,43.064583,-7.0789013,0.8209182,0.8343386,49.5874,9.320423,43.064568,a4,4.551403999328613,4.486163561523426,0.2086709502781399,0.20867098049316402,3.6087403285922637e-06,2.3769873276069386e-06,4.3969762305802626e-07,
new_2_5,0.0001,128,,,,,0.0286836433183757,0.4242033232684587,6.4188375,0.053559005,0.19930932,1.16462,6.2587566,0.018639028,0.18066588,1.0827285,6.418852,0.05355829,0.19929898,1.1646113,6.2587175,0.01864165,0.18066615,1.0827249,50.417534,-9.807883,0.8470892,0.93860084,8.673185,-0.68858945,0.28413415,1.7561927,43.95995,-7.6493015,0.8344701,0.8478723,50.417557,8.673192,43.959957,a4,5.074548244476318,4.931226612825412,0.028683558192519002,0.028683526157229848,6.113015378800962e-06,1.7645824270003108e-06,5.810368868884579e-07,
new_2_5,0.0001,512,,,,,0.014779535030971,0.44030647407778,6.54753,0.033207536,0.2082305,1.145004,6.9602885,0.01094991,0.2194303,1.1055615,6.547503,0.033209145,0.20823717,1.1450163,6.9602757,0.010952175,0.21942143,1.1055641,49.294548,-10.464153,0.82481325,0.93056154,8.931213,-0.4817748,0.28508246,1.6358718,44.234245,-7.915556,0.84701306,0.8448384,49.294514,8.931188,44.234253,a4,5.264410972595215,5.2262851184536885,0.014781573523656815,0.01478161071907725,4.050849648199253e-06,2.285237042400773e-06,4.967581298196189e-07,
new_2_5,0.0001,2048,,,,,-0.0207640375658829,0.4699737049959164,6.634711,0.03287399,0.19438398,1.1097873,6.4866056,0.023109972,0.19649121,1.1097875,6.6347027,0.03287649,0.19438094,1.109783,6.486588,0.023108244,0.19649479,1.1097823,49.872932,-9.727958,0.84417534,0.92834735,8.976787,-0.8096111,0.2903522,1.8661299,43.18143,-7.2579956,0.8226599,0.8416677,49.872932,8.976801,43.18146,a4,5.114287376403809,5.150273089782331,-0.020760231489424782,-0.020760192788048,5.385016657800251e-06,3.458915095698456e-06,9.3946831319344e-07,
new_2_5,0.001,32,,,,,0.2086697933633856,0.4358130711007892,6.541559,-0.07218945,0.22250634,1.1997505,6.8832784,-0.010780096,0.21191926,1.1550314,6.5398064,-0.07209039,0.22259124,1.1999277,6.88309,-0.010781765,0.21189095,1.1550099,49.585705,-9.414944,0.79637337,0.9352111,9.322107,-0.78270864,0.30174813,1.8115466,43.06281,-7.078314,0.8209478,0.8343015,49.58546,9.321764,43.062656,a4,4.551403999328613,3.4910223405404395,0.20867102362356885,0.208670973910451,3.0823471535990077e-06,2.0457628674974693e-06,4.022972054244913e-07,
new_2_5,0.001,128,,,,,0.0286834203699811,0.4241549741158626,6.4187183,0.053563893,0.19940293,1.1647006,6.259127,0.018611252,0.18066405,1.0827627,6.418852,0.05355841,0.19929898,1.1646113,6.258735,0.018636167,0.18066666,1.082728,50.417763,-9.8075695,0.8471554,0.93861085,8.672822,-0.6884707,0.2841993,1.7560902,43.96034,-7.64944,0.83426994,0.8478809,50.418022,8.672885,43.96041,a4,5.074548244476318,5.199768082775336,0.028683553135648146,0.02868351010633775,6.6589457519000694e-06,1.6518591117002657e-06,6.228232994637524e-07,
new_2_5,0.001,512,,,,,0.0147799430365511,0.4403832041254208,6.547779,0.033193827,0.20817056,1.1448938,6.960337,0.010950327,0.21950808,1.1055274,6.5475035,0.033209085,0.20823719,1.1450164,6.9602003,0.010973692,0.21941905,1.1055522,49.294113,-10.463582,0.8246092,0.9305492,8.931898,-0.48195648,0.2850732,1.6360791,44.233444,-7.914962,0.8471513,0.84482557,49.29378,8.93163,44.23353,a4,5.264410972595215,5.146754759266514,0.014781598314755427,0.01478160949737485,4.022020743201654e-06,1.6948417889007389e-06,4.36233171131562e-07,
new_2_5,0.001,2048,,,,,-0.0207633048661699,0.469960047950636,6.6347904,0.032849967,0.19441147,1.109826,6.486766,0.023127079,0.19645897,1.1098331,6.634703,0.032876372,0.19438095,1.1097832,6.486585,0.023109019,0.1964947,1.1097819,49.873043,-9.727754,0.84430075,0.9283505,8.976573,-0.8095099,0.29039502,1.8660239,43.181286,-7.2582226,0.8225577,0.84166807,49.873062,8.976711,43.181587,a4,5.114287376403809,5.171183673269297,-0.020760076108935033,-0.02076010895568875,5.487160983801143e-06,3.551013341100001e-06,8.605005241893475e-07,
new_2_5,0.01,32,,,,,0.2086688908120102,0.437852177176109,6.557888,-0.07306445,0.22176589,1.1982641,6.884553,-0.0105006695,0.21115448,1.1551554,6.539845,-0.07210302,0.22259255,1.1999347,6.8821926,-0.010518074,0.21186332,1.1548593,49.568542,-9.405888,0.79648495,0.93485224,9.338952,-0.7885845,0.3014713,1.8162037,43.04518,-7.0722437,0.8206324,0.8339319,49.56607,9.335176,43.043564,a4,4.551403999328613,4.183886737507692,0.2086709995062482,0.20867101105120564,3.809490614986588e-06,2.150172478704304e-06,4.4622355274033666e-07,
new_2_5,0.01,128,,,,,0.0286834668831514,0.4236715586641148,6.417979,0.053605616,0.19976595,1.1655889,6.2633333,0.018327773,0.18005137,1.0831918,6.418854,0.053557694,0.19929905,1.1646118,6.258909,0.018581688,0.18067168,1.0827582,50.420124,-9.804147,0.8478196,0.9387126,8.669588,-0.6871785,0.28453085,1.7551447,43.9643,-7.650608,0.8322743,0.8479683,50.422626,8.66981,43.96496,a4,5.074548244476318,5.992564950929591,0.028683536311847363,0.0286835248032731,3.3441332920984557e-06,1.9002735003013915e-06,3.884603028555906e-07,
new_2_5,0.01,512,,,,,0.0147798709952222,0.4411513428736681,6.550882,0.03304994,0.20759283,1.1438999,6.961276,0.010952771,0.22002141,1.1052575,6.5475087,0.033207417,0.20823735,1.1450173,6.959449,0.011187255,0.21939537,1.1054329,49.289818,-10.457538,0.8217551,0.9304261,8.939126,-0.48371148,0.2849727,1.638223,44.22552,-7.908764,0.8485067,0.84469926,49.28644,8.936051,44.22629,a4,5.264410972595215,4.7884521379160105,0.014781564322976441,0.014781592580672149,3.7437995993004625e-06,1.7433246639001615e-06,4.305420562838434e-07,
new_2_5,0.01,2048,,,,,-0.0207635451224058,0.4698235517985817,6.6361337,0.03260559,0.19458081,1.1103041,6.4889193,0.023295045,0.19588058,1.1103853,6.634703,0.032876372,0.19438095,1.1097832,6.4865565,0.023117661,0.19649383,1.109777,49.87428,-9.725378,0.8419215,0.92838424,8.974855,-0.80834925,0.2894209,1.865051,43.17993,-7.2602654,0.8215387,0.84167373,49.874363,8.975799,43.18287,a4,5.114287376403809,5.069870347540473,-0.020760008712273473,-0.020759958770070447,6.097669167197395e-06,3.244181886099401e-06,9.031209057887539e-07,
new_2_5,0.1,32,,,,,0.2086683904248066,0.4582431049735787,6.773915,-0.08001053,0.21649411,1.1932769,6.9474387,-0.008533716,0.19488055,1.1648004,6.543729,-0.073376775,0.22272475,1.2006474,6.876537,-0.0088579655,0.21168922,1.1539103,49.403316,-9.291159,0.79771024,0.9313858,9.542215,-0.8377011,0.275281,1.8699914,42.87649,-6.9917855,0.7883523,0.83038497,49.37221,9.470687,42.852707,a4,4.551403999328613,5.860748863995013,0.20867101326504053,0.2086710005803643,4.5433277864048716e-06,1.9267298270175814e-06,4.7022299978895927e-07,
new_2_5,0.1,128,,,,,0.0286828291037082,0.4188373417583383,6.4558764,0.05330783,0.19928843,1.1828564,6.3548756,0.015179694,0.17175236,1.0960028,6.4190764,0.05349213,0.19930595,1.1646521,6.2608514,0.01797247,0.18072774,1.0830941,50.450596,-9.741448,0.8312081,0.9398585,8.677677,-0.66394234,0.26254824,1.7538792,44.0115,-7.6394644,0.81193495,0.84898925,50.468693,8.6391535,44.01043,a4,5.074548244476318,4.527979520219105,0.02868351206218656,0.02868348984234495,5.030343990398284e-06,1.95263343629945e-06,4.91502658427013e-07,
new_2_5,0.1,512,,,,,0.0147797871797654,0.4488327496515034,6.642554,0.03106749,0.1993713,1.1445554,7.0161934,0.010776579,0.20986447,1.1097708,6.5480595,0.033044815,0.20825487,1.1451136,6.952395,0.013190687,0.21917298,1.1043124,49.253803,-10.364071,0.7826097,0.9293269,9.050031,-0.49506974,0.27107796,1.6668966,44.15409,-7.8226156,0.8071869,0.8435844,49.213036,8.980508,44.153908,a4,5.264410972595215,5.374613863295963,0.01478163215596068,0.01478165814552395,3.5621235351009084e-06,2.204633420498786e-06,4.581786781408208e-07,
new_2_5,0.1,2048,,,,,-0.0207645300727548,0.4684582533641097,6.70401,0.029691696,0.18392244,1.1242287,6.5651317,0.024555504,0.18799074,1.125289,6.63472,0.032871425,0.19438143,1.1097859,6.486287,0.023198724,0.19648567,1.1097308,49.894615,-9.668334,0.81753093,0.92887044,9.001027,-0.78316,0.26410776,1.8643376,43.17472,-7.257618,0.79246426,0.84189266,49.887363,8.966679,43.195663,a4,5.114287376403809,5.057822846765703,-0.02076010180429569,-0.020760078253039653,7.502381110999906e-06,3.688811767901118e-06,1.017526626362158e-06,
new_3_1,0.0001,32,1.8857165477493849e-06,,,,,0.5203501037263774,5.541506,2.503395e-06,0.29108372,1.0649558,7.228487,-0.014865279,0.2338763,1.189204,5.5416527,2.503395e-06,0.29107243,1.0649855,7.228446,-0.014865041,0.23387279,1.1892002,49.66954,-10.316717,0.94676787,0.9437883,7.6533093,-0.020909071,0.25497097,1.2150327,49.1747,-10.492941,0.9543522,0.94222015,49.66953,7.6533246,49.17473,a0,45.49945831298828,46.05072031793611,2.1592349133289576e-08,5.303540397156221e-10,2.7400097104334673e-06,9.394103716391824e-07,2.607856560381404e-07,
new_3_1,0.0001,128,1.540468075560952e-06,,,,,0.5387541484450419,6.467535,2.026558e-06,0.22684239,1.2004604,7.163843,-0.003591776,0.23622382,1.2316979,6.4675055,2.026558e-06,0.22683369,1.2004364,7.163849,-0.0035916567,0.23619562,1.2316998,49.40836,-10.544439,0.9426913,0.93918717,7.2063713,-0.013442516,0.24088195,1.1590328,50.274166,-10.352274,0.97230494,0.9415265,49.408314,7.2063947,50.274143,a0,55.722450256347656,56.04403505543587,2.1066482262300606e-08,-3.808083670471722e-09,2.819504512310043e-06,1.1721519287463932e-06,2.7939909932522803e-07,
new_3_1,0.0001,512,2.032935002644167e-06,,,,,0.513146854292177,6.6195726,2.682209e-06,0.21416833,1.2899944,7.1268153,-0.012004495,0.23137498,1.2063466,6.6195564,2.8014183e-06,0.21416558,1.2900009,7.126814,-0.012005568,0.23137052,1.2063385,49.911842,-10.186737,0.94882524,0.94601095,7.144122,-0.012269139,0.23822352,1.2071694,49.76808,-10.573431,0.9632794,0.9443487,49.911816,7.1441193,49.768032,a0,55.79718017578125,55.46469738249016,2.121568124588694e-08,1.511747787366308e-09,4.125433906486972e-06,1.5684789692337097e-06,3.9055984782786687e-07,
new_3_1,0.0001,2048,1.798610572422793e-06,,,,,0.5784768349930616,7.059518,2.4437904e-06,0.22815514,1.2203618,7.164231,-4.684925e-05,0.23229274,1.227791,7.059499,2.4437904e-06,0.22816122,1.220354,7.1642747,-4.684925e-05,0.23228842,1.2277993,48.87752,-9.943909,0.92839116,0.9332084,6.888312,-1.9550323e-05,0.22952062,1.1974458,50.02181,-10.637811,0.9689172,0.93308127,48.87753,6.8882856,50.021812,a0,66.42523193359375,66.50499081217731,-1.4214872835030364e-08,1.61624150222347e-09,4.047483366671627e-06,9.982156286646663e-07,4.17446540027649e-07,
new_3_1,0.001,32,1.8627979282568984e-06,,,,,0.520356930199634,5.540192,2.503395e-06,0.291186,1.0646894,7.228852,-0.014865994,0.23389976,1.1892382,5.5416527,2.503395e-06,0.29107243,1.0649855,7.228438,-0.014862657,0.23387252,1.1891987,49.66954,-10.317007,0.9468941,0.943786,7.653169,-0.020897865,0.25487667,1.215057,49.174347,-10.492862,0.95439863,0.94221854,49.669468,7.653315,49.174667,a0,45.49945831298828,46.17957812769191,1.805907291080736e-08,4.375062989199034e-09,2.720274882952752e-06,9.13732636177741e-07,2.5945393768701524e-07,
new_3_1,0.001,128,1.5410439532848706e-06,,,,,0.5386787596889063,6.4678087,2.026558e-06,0.22692114,1.2006793,7.1638436,-0.0036051273,0.23638813,1.231689,6.4675055,2.026558e-06,0.22683369,1.2004364,7.163894,-0.0036042929,0.23619711,1.2317077,49.40949,-10.544548,0.94297385,0.9392024,7.206255,-0.013476849,0.24107748,1.1589625,50.275024,-10.352341,0.9726019,0.941541,49.40904,7.2064815,50.274864,a0,55.722450256347656,56.0437938830205,2.2164280642068556e-08,-7.476093857100701e-10,2.806041262381661e-06,1.2147659493291992e-06,2.807911097545059e-07,
new_3_1,0.001,512,2.0090007041794115e-06,,,,,0.5131819767787008,6.619722,2.6226044e-06,0.21419306,1.2899351,7.1267886,-0.011982679,0.23141384,1.2064137,6.619557,2.682209e-06,0.2141656,1.290001,7.126776,-0.011994839,0.2313693,1.2063322,49.911774,-10.186433,0.9486621,0.94600564,7.144115,-0.012251496,0.23813306,1.2072103,49.768173,-10.574198,0.96324784,0.9443399,49.911476,7.14408,49.7677,a0,55.79718017578125,55.84862954322034,1.4823565440629955e-08,-1.7094167199104006e-09,4.08762643415231e-06,1.584778173327263e-06,3.9058452970672513e-07,
new_3_1,0.001,2048,1.8903036465405868e-06,,,,,0.5784569404642133,7.059696,2.6226044e-06,0.22805032,1.2204347,7.163845,-4.720688e-05,0.23233086,1.2277163,7.0594983,2.503395e-06,0.2281612,1.2203538,7.1642756,-4.720688e-05,0.23228845,1.2277995,48.877647,-9.944344,0.92830515,0.93321055,6.8885503,-1.8835068e-05,0.22941883,1.197441,50.021957,-10.6381235,0.9691601,0.9330839,48.877716,6.888284,50.022003,a0,66.42523193359375,66.70434841282713,-2.418429071436266e-08,-1.0608870071297679e-08,4.254463705420477e-06,1.292417228834778e-06,4.385988943214138e-07,
new_3_1,0.01,32,1.8732866083217248e-06,,,,,0.5204251355945202,5.5277195,2.503395e-06,0.29225045,1.0621532,7.2328315,-0.014871359,0.2333452,1.1896355,5.5416527,2.503395e-06,0.29107243,1.0649855,7.2283554,-0.01483953,0.23386985,1.1891853,49.66959,-10.3196535,0.948159,0.9437642,7.652068,-0.020783186,0.25338474,1.2153491,49.170853,-10.491807,0.9530252,0.9422032,49.668816,7.653217,49.17401,a0,45.49945831298828,47.029439990353694,2.141882092755829e-08,4.068535137430608e-09,2.733693535562806e-06,9.37784786949132e-07,2.610026546832782e-07,
new_3_1,0.01,128,1.520820876627542e-06,,,,,0.5379249365098625,6.4709406,1.9073486e-06,0.22599168,1.2029442,7.1643124,-0.0037400723,0.23693767,1.2316794,6.4675107,3.5762787e-07,0.22683387,1.2004373,7.1643496,-0.003731966,0.23621213,1.2317859,49.420834,-10.545318,0.94385016,0.93935645,7.2055407,-0.013820648,0.24088143,1.1583326,50.28371,-10.352749,0.9721417,0.9416889,49.41624,7.2073545,50.282066,a0,55.722450256347656,56.50988265415435,2.4643267587996928e-08,-6.71150758988539e-12,2.8087823901565655e-06,1.1655347546088204e-06,2.8024760984173247e-07,
new_3_1,0.01,512,1.976783530766279e-06,,,,,0.513533266215559,6.62175,2.8014183e-06,0.21380085,1.2894477,7.126969,-0.011763573,0.23092498,1.2071602,6.6195583,2.2649765e-06,0.21416564,1.2900013,7.1263947,-0.011886358,0.23135692,1.2062676,49.91114,-10.18309,0.9470348,0.94595414,7.144485,-0.012074947,0.23597687,1.2076937,49.769184,-10.581549,0.96293443,0.94425327,49.908127,7.143695,49.76434,a0,55.79718017578125,55.48487985151951,1.6993482690071667e-08,-2.7883826760318126e-09,4.081111393619261e-06,1.6274355082157413e-06,3.9190904105788066e-07,
new_3_1,0.01,2048,1.7780706534828292e-06,,,,,0.5782582282691966,7.061983,2.2649765e-06,0.22606948,1.2212496,7.1605625,-5.221367e-05,0.23153998,1.2270697,7.0594993,2.3245811e-06,0.22816123,1.220354,7.1642904,-5.1259995e-05,0.23228893,1.227802,48.87901,-9.948347,0.9274475,0.9332336,6.891448,-1.3709068e-05,0.22792403,1.1974828,50.02358,-10.640914,0.9687809,0.93311244,48.879612,6.8882756,50.023903,a0,66.42523193359375,66.63287321373446,-2.1804716502475632e-08,-1.3772176158934214e-09,4.1947529681027795e-06,1.0736525053552435e-06,4.24544209399925e-07,
new_3_1,0.1,32,1.880620860736116e-06,,,,,0.5211071886800666,5.4707484,2.5629997e-06,0.29274046,1.0498303,7.305645,-0.014786482,0.21939068,1.1990184,5.541658,5.9604645e-07,0.2910727,1.0649866,7.2275333,-0.014608741,0.23384325,1.18905,49.675507,-10.320763,0.9317893,0.943649,7.671788,-0.019493937,0.23964334,1.2231812,49.141323,-10.454786,0.9035324,0.94215417,49.662304,7.6522446,49.1675,a0,45.49945831298828,46.42175693092554,1.512856441522232e-08,2.995970256425632e-09,2.734907006640778e-06,9.646752172800304e-07,2.601156568604483e-07,
new_3_1,0.1,128,2.378833393022219e-06,,,,,0.5303862465557634,6.541376,3.0994415e-06,0.21753895,1.2333213,7.215332,-0.005159259,0.22359674,1.2395447,6.468044,-0.00016450882,0.22685257,1.2005363,7.169338,-0.005130172,0.23637661,1.2326436,49.540764,-10.520941,0.9139486,0.9410187,7.2432218,-0.017290354,0.22050548,1.1592377,50.376472,-10.329223,0.9303601,0.94327766,49.488266,7.216507,50.35403,a0,55.722450256347656,55.323668533446835,4.141456957018855e-08,-4.8944386951893135e-09,3.662124834040762e-06,1.3169519234285466e-06,3.6017417875023004e-07,
new_3_1,0.1,512,2.029984471821105e-06,,,,,0.5170460075057343,6.6955657,2.7418137e-06,0.201444,1.2949637,7.1732035,-0.009567618,0.21491231,1.2222453,6.619672,-3.20673e-05,0.21416932,1.2900234,7.1226726,-0.010829687,0.23123607,1.2056376,49.91131,-10.120284,0.9242728,0.94556165,7.1922693,-0.010254741,0.21196271,1.2200243,49.785767,-10.623102,0.9252321,0.9435114,49.874607,7.1399307,49.730766,a0,55.79718017578125,55.72994691505073,1.3593488403729871e-08,-7.290661552322151e-10,4.375156182845687e-06,1.7963013834045994e-06,4.1470976460742853e-07,
new_3_1,0.1,2048,1.8627127443557808e-06,,,,,0.5762705603058194,7.134354,2.3841858e-06,0.20452975,1.2380203,7.185002,-0.000111699104,0.21364252,1.2304146,7.0595326,-7.1525574e-06,0.22816232,1.2203598,7.164463,-9.953976e-05,0.23229453,1.2278316,48.900547,-9.952963,0.8822684,0.93361557,6.970744,-1.7881393e-06,0.21491177,1.2066095,50.04716,-10.632059,0.92611456,0.9335356,48.89856,6.888217,50.042908,a0,66.42523193359375,66.74250278138061,-1.6515651256850755e-08,-2.4541793218362327e-08,5.215941538300044e-06,8.535677593808169e-07,4.383134103457245e-07,
new_3_2,0.0001,32,,1.0524558556565837e-05,,,,0.3703506078226014,5.541489,8.583069e-06,0.29108283,1.0649526,7.228473,-0.014861345,0.23387586,1.1892017,5.5416355,8.6426735e-06,0.2910715,1.0649823,7.228432,-0.014861107,0.23387234,1.1891978,49.669548,-10.316721,0.94676805,0.9437884,7.6532965,-0.020905614,0.25497055,1.2150307,49.17471,-10.492945,0.9543523,0.9422203,49.66954,7.6533117,49.17474,a1,3.7881369590759277,3.712341420936127,3.130763311218748e-07,3.957378772828687e-09,1.630647352945762e-05,6.7009633521496715e-06,1.6914662345497474e-06,
new_3_2,0.0001,128,,3.0593074871405933e-06,,,,0.3887539538474558,6.4675355,1.9073486e-06,0.22684242,1.2004606,7.1638446,-0.0035920143,0.23622386,1.2316982,6.4675055,1.9073486e-06,0.22683369,1.2004364,7.16385,-0.003591895,0.23619565,1.2317001,49.4084,-10.544458,0.94269216,0.939188,7.206373,-0.013442993,0.24088201,1.1590331,50.274204,-10.352292,0.97230566,0.9415271,49.408356,7.206396,50.27419,a1,-11.757579803466797,-11.960411057998499,-5.164116546004311e-08,-1.9409165510756554e-08,8.52969586147857e-06,5.041540004548681e-06,1.0485844480030893e-06,
new_3_2,0.0001,512,,9.000206011013487e-06,,,,0.3631475872975893,6.619564,5.3048134e-06,0.21416804,1.2899927,7.126806,-0.012001872,0.23137467,1.2063451,6.619548,5.4240227e-06,0.21416532,1.2899992,7.126805,-0.012002945,0.23137023,1.206337,49.91186,-10.186747,0.9488256,0.9460113,7.1441126,-0.0122663975,0.23822321,1.2071679,49.7681,-10.573441,0.9632798,0.94434905,49.91183,7.1441092,49.768055,a1,-15.298648834228516,-15.002362104610256,2.2606769173861972e-07,1.8938941139257622e-08,2.090266065375187e-05,9.674779526250369e-06,2.1531224287667213e-06,
new_3_2,0.0001,2048,,1.2163171867491767e-05,,,,0.4284745827829397,7.059501,7.212162e-06,0.2281546,1.220359,7.164214,-4.220009e-05,0.2322922,1.2277881,7.059482,7.212162e-06,0.22816068,1.220351,7.1642575,-4.220009e-05,0.23228787,1.2277964,48.87755,-9.94392,0.92839164,0.93320894,6.888294,-1.4543533e-05,0.22952004,1.1974427,50.02183,-10.637821,0.9689176,0.9330817,48.877552,6.888268,50.021835,a1,-17.92010498046875,-17.654126423849448,2.4465212236128115e-08,-1.0534228802442248e-07,1.844268858641694e-05,1.1213837074454994e-05,2.1625686363698967e-06,
new_3_2,0.001,32,,1.0561973925327886e-05,,,,0.3703574311812121,5.5401754,8.583069e-06,0.2911851,1.0646862,7.228838,-0.014862061,0.23389931,1.1892359,5.5416355,8.6426735e-06,0.2910715,1.0649823,7.2284236,-0.014858842,0.23387206,1.1891965,49.66955,-10.317012,0.9468943,0.94378626,7.653156,-0.020894289,0.25487623,1.215055,49.17435,-10.492865,0.95439875,0.9422186,49.669476,7.6533017,49.174675,a1,3.7989425659179688,3.807682027456849,3.1889974644015073e-07,-1.9063510705232155e-09,1.629586924658429e-05,6.6540526541398485e-06,1.6924035506013047e-06,
new_3_2,0.001,128,,2.9897097900370023e-06,,,,0.3886785671834823,6.467809,1.9073486e-06,0.22692116,1.2006794,7.163845,-0.0036056042,0.23638819,1.2316892,6.4675055,1.9073486e-06,0.22683369,1.2004364,7.163895,-0.0036045313,0.23619714,1.2317078,49.409527,-10.544567,0.94297457,0.93920314,7.2062564,-0.013477325,0.24107753,1.1589627,50.275066,-10.35236,0.97260267,0.94154185,49.40908,7.2064834,50.27491,a1,-11.7691650390625,-11.461073256668897,-7.993780720258707e-08,-2.1955703053793682e-08,8.441805664055221e-06,5.007943904532797e-06,1.0340625578485877e-06,
new_3_2,0.001,512,,8.970034914124587e-06,,,,0.3631827094005003,6.6197124,5.4240227e-06,0.21419276,1.2899333,7.126779,-0.011979938,0.23141353,1.2064121,6.619548,5.4240227e-06,0.21416532,1.2899992,7.1267667,-0.011992097,0.23136899,1.2063305,49.911793,-10.186441,0.94866246,0.94600606,7.1441054,-0.012248874,0.23813275,1.2072088,49.768192,-10.574206,0.9632482,0.9443402,49.9115,7.1440706,49.767715,a1,-15.302703857421875,-15.373450423794566,2.2788570557602078e-07,3.1641989063316136e-08,2.0798202215317705e-05,9.80055367084937e-06,2.143703001575666e-06,
new_3_2,0.001,2048,,1.162853427151393e-05,,,,0.4284546996730276,7.059681,6.914139e-06,0.22804983,1.220432,7.1638303,-4.3034554e-05,0.23233038,1.2277138,7.059483,6.914139e-06,0.22816071,1.2203512,7.1642604,-4.2915344e-05,0.23228796,1.2277969,48.877674,-9.944356,0.9283057,0.9332111,6.8885345,-1.4305115e-05,0.22941831,1.1974382,50.021988,-10.638138,0.9691607,0.9330844,48.877747,6.888269,50.02203,a1,-17.919811248779297,-17.84213872468854,1.3776062101923137e-08,-5.862238921593832e-08,1.767073449201285e-05,1.1439792484264043e-05,2.0452471596910027e-06,
new_3_2,0.01,32,,1.054536956764562e-05,,,,0.3704256342869152,5.5277023,8.761883e-06,0.29224953,1.06215,7.2328176,-0.014867425,0.23334475,1.1896333,5.5416355,8.6426735e-06,0.2910715,1.0649823,7.228341,-0.014835596,0.23386939,1.1891829,49.669598,-10.319658,0.94815916,0.9437643,7.6520553,-0.020779729,0.25338432,1.215347,49.17086,-10.491812,0.95302534,0.94220334,49.668823,7.653204,49.174026,a1,3.907048225402832,4.375575073822802,3.158459078510165e-07,5.176269538294033e-09,1.6303331288832375e-05,6.707432654586976e-06,1.6927462427795864e-06,
new_3_2,0.01,128,,3.0291643633969986e-06,,,,0.3879247414325132,6.4709406,1.9073486e-06,0.22599168,1.2029442,7.164314,-0.0037404299,0.23693772,1.2316797,6.4675107,2.9802322e-07,0.22683387,1.2004373,7.164351,-0.0037323236,0.23621218,1.2317861,49.42087,-10.545337,0.9438509,0.93935716,7.205542,-0.013821125,0.24088147,1.1583328,50.283752,-10.352768,0.97214246,0.94168967,49.416283,7.2073565,50.282104,a1,-11.885138511657715,-12.359305017639599,-3.6761868405223414e-08,-5.783511031738027e-09,8.510464580395633e-06,4.347586458043455e-06,9.672700455286598e-07,
new_3_2,0.01,512,,9.014539420366295e-06,,,,0.3635339724470718,6.6217413,5.364418e-06,0.21380058,1.289446,7.126959,-0.01176095,0.23092467,1.2071586,6.619549,5.066395e-06,0.21416534,1.2899995,7.1263847,-0.011883736,0.23135659,1.2062659,49.911156,-10.183098,0.9470351,0.94595444,7.144475,-0.012072206,0.23597653,1.207692,49.7692,-10.581557,0.96293473,0.94425356,49.908146,7.1436853,49.764362,a1,-15.34330940246582,-15.512691973640358,2.7013924129122164e-07,7.274687687570359e-09,2.0869073964607388e-05,9.410607515023754e-06,2.1973931450230337e-06,
new_3_2,0.01,2048,,1.1339954510127074e-05,,,,0.428255922127194,7.061968,6.556511e-06,0.22606899,1.221247,7.1605477,-4.8041344e-05,0.2315395,1.2270671,7.059484,6.67572e-06,0.22816074,1.2203513,7.164275,-4.708767e-05,0.23228844,1.2277994,48.87904,-9.9483595,0.92744803,0.9332342,6.8914323,-9.179115e-06,0.22792351,1.1974801,50.02361,-10.640927,0.9687815,0.93311304,48.879642,6.8882604,50.023933,a1,-17.9177303314209,-18.199059411472263,3.0870562217699126e-08,1.2588470548895658e-08,1.7266060511464363e-05,1.1153785321742826e-05,2.0663351959530903e-06,
new_3_2,0.1,32,,1.0557204726163796e-05,,,,0.3711076967144483,5.4707313,8.821487e-06,0.29273957,1.049827,7.305631,-0.014782667,0.21939026,1.1990161,5.5416408,6.854534e-06,0.2910718,1.0649832,7.2275195,-0.014604926,0.2338428,1.1890477,49.675518,-10.320766,0.93178946,0.9436492,7.6717753,-0.01949048,0.23964293,1.2231791,49.141335,-10.454791,0.90353256,0.94215435,49.66231,7.652231,49.167507,a1,4.988097190856934,5.194374203654206,3.149306415279181e-07,-1.708508273043527e-10,1.6560167708898612e-05,6.666684465587297e-06,1.6912918044975395e-06,
new_3_2,0.1,128,,4.881384630128789e-06,,,,0.3803868308179496,6.541377,2.9206276e-06,0.217539,1.2333214,7.2153335,-0.0051596165,0.22359678,1.239545,6.468044,-0.00016450882,0.22685257,1.2005363,7.1693397,-0.0051306486,0.23637666,1.232644,49.540817,-10.520967,0.9139496,0.9410197,7.243223,-0.01729083,0.22050552,1.159238,50.37653,-10.329248,0.93036115,0.94327873,49.48832,7.216508,50.354088,a1,-13.045032501220703,-12.806176151514137,-3.8543757425577645e-08,-2.0056870114681548e-08,1.0353663917241642e-05,5.805708723732726e-06,1.1311770963888214e-06,
new_3_2,0.1,512,,9.58447308225399e-06,,,,0.367046741589418,6.695556,5.543232e-06,0.20144372,1.2949618,7.173193,-0.009564638,0.214912,1.2222435,6.619662,-2.9087067e-05,0.214169,1.2900214,7.1226616,-0.010826588,0.23123571,1.2056357,49.911324,-10.120291,0.9242731,0.94556195,7.192259,-0.0102517605,0.2119624,1.2200226,49.78578,-10.623109,0.9252324,0.9435117,49.874622,7.1399198,49.73078,a1,-15.74936580657959,-15.611764794698502,2.244760001992201e-07,2.4848760972865216e-08,2.1681176450679952e-05,8.795288159861586e-06,2.1831006955697923e-06,
new_3_2,0.1,2048,,1.1869533410182007e-05,,,,0.4262682538643989,7.1343384,6.7949295e-06,0.20452929,1.2380176,7.1849866,-0.00010740757,0.21364206,1.230412,7.059517,-2.7418137e-06,0.2281618,1.2203571,7.1644473,-9.512901e-05,0.23229402,1.2278289,48.900574,-9.952975,0.8822689,0.93361604,6.9707284,2.8014183e-06,0.2149113,1.2066067,50.047188,-10.632072,0.92611504,0.9335361,48.898582,6.8882008,50.042934,a1,-17.89754867553711,-17.956851088740677,-1.6224172037826672e-07,-9.029371949963974e-08,2.1213507796116708e-05,1.2742703508194707e-05,2.336433851587104e-06,
new_3_3,0.0001,32,,,-5.995671704130977,,,0.5192178110982231,5.527802,0.004942298,0.29036388,1.0623223,7.2105684,-0.009840012,0.23329654,1.186256,5.527949,0.0049422383,0.29035264,1.062352,7.2105274,-0.009839654,0.23329303,1.1862522,49.546284,-10.260622,0.94441843,0.94144624,7.6343894,-0.01586759,0.25434065,1.212029,49.05316,-10.436199,0.9519934,0.93989134,49.546276,7.634404,49.053192,a2,-0.15094691514968872,-0.1114663036760759,-9.354319973685051,-9.492140896403257,8.521802877760999,4.564604869523427,1.1667958182277567,
new_3_3,0.0001,128,,,-5.995468829863094,,,0.5376019846008614,6.4515715,0.004932523,0.22628249,1.1974975,7.1460385,0.0013905764,0.23563671,1.2286366,6.451541,0.004932642,0.22627376,1.1974732,7.1460443,0.0013906956,0.2356086,1.2286386,49.285427,-10.487062,0.9403458,0.93685037,7.1885037,-0.008423209,0.2402847,1.156159,50.1496,-10.296089,0.96989584,0.9391936,49.285385,7.1885266,50.14959,a2,-0.20528960227966309,-0.19949257094307019,-9.330028514247394,-9.584794747729234,5.717902645408899,4.394133460049332,1.0744203197449702,
new_3_3,0.0001,512,,,-5.996162284532935,,,0.5120638925529584,6.603133,0.004963398,0.21363644,1.2867907,7.1091123,-0.006983161,0.23080024,1.2033501,6.6031175,0.0049634576,0.21363373,1.2867974,7.1091113,-0.006984353,0.23079582,1.2033421,49.787697,-10.131156,0.9464652,0.94365793,7.126416,-0.0072577,0.23763311,1.2041776,49.64484,-10.516183,0.96089405,0.9420102,49.787663,7.126413,49.644794,a2,-0.21644127368927002,-0.21660698604500112,-9.232842179082425,-9.288688985041944,5.93511088875425,4.195911347251761,0.9995282223146991,
new_3_3,0.0001,2048,,,-6.072441760269473,,,0.57732070019175,7.043315,0.0045874715,0.22763148,1.2175609,7.1477475,0.004549563,0.2317583,1.224966,7.0432963,0.004587412,0.22763756,1.217553,7.147791,0.0045496225,0.23175396,1.2249744,48.76492,-9.893542,0.92625237,0.9310585,6.872436,0.0045846105,0.22899164,1.1946859,49.90705,-10.584474,0.9666943,0.9309407,48.764923,6.8724103,49.907055,a2,-0.22756344079971313,-0.22608750975938366,-9.034680146164284,-8.974135913057694,7.086639169765211,3.8066049688343933,0.9154083347705804,
new_3_3,0.001,32,,,-5.995669156714037,,,0.5192246330478707,5.5264883,0.004943371,0.29046574,1.0620558,7.210933,-0.009840965,0.23331997,1.1862904,5.527949,0.0049422383,0.29035264,1.062352,7.210519,-0.009837389,0.23329276,1.1862508,49.546284,-10.26091,0.9445443,0.941444,7.6342487,-0.015856385,0.25424656,1.2120532,49.05281,-10.436122,0.95203984,0.9398898,49.54621,7.634394,49.05313,a2,-0.15090703964233398,-0.1345087262590903,-9.372134773804717,-9.567247721983708,6.217703613862101,5.241857048445412,1.1096135809579424,
new_3_3,0.001,128,,,-5.995473083502715,,,0.5375266123072885,6.451845,0.0049322844,0.22636107,1.1977159,7.146039,0.0013771653,0.23580064,1.2286278,6.4515414,0.004932523,0.22627378,1.1974732,7.1460896,0.0013780594,0.2356101,1.2286464,49.286556,-10.487173,0.9406277,0.9368657,7.1883874,-0.008457422,0.24047974,1.156089,50.150463,-10.296159,0.97019213,0.93920827,49.286106,7.188614,50.15031,a2,-0.2052965760231018,-0.19894592441944592,-9.319378369558168,-9.55294099194716,6.216479477871657,4.058352605381797,1.0277431449411436,
new_3_3,0.001,512,,,-5.996144205071924,,,0.512098991415077,6.603282,0.0049633384,0.21366112,1.2867316,7.1090856,-0.0069613457,0.230839,1.203417,6.603117,0.004963517,0.21363372,1.2867973,7.1090727,-0.006973386,0.23079456,1.2033355,49.787624,-10.130853,0.9463024,0.94365263,7.1264086,-0.007240057,0.23754285,1.2042183,49.64493,-10.516946,0.9608625,0.94200134,49.787327,7.126374,49.64445,a2,-0.21644988656044006,-0.22089450834200605,-9.58692999233262,-9.310999001188655,33.05663050425328,5.255045688483498,3.241097058697359,
new_3_3,0.001,2048,,,-5.994594946703604,,,0.5772002959772192,7.0421815,0.004958272,0.22748454,1.2174067,7.1460276,0.0049211383,0.23175302,1.2246629,7.0419836,0.004958391,0.22759514,1.2173262,7.146458,0.0049209,0.23171075,1.224746,48.755993,-9.88993,0.92599463,0.9308878,6.871389,0.0049575567,0.22884728,1.1944578,49.897976,-10.5805025,0.966758,0.9307712,48.756058,6.871123,49.898018,a2,-0.24587853252887726,-0.24235961751268625,-8.989164687838718,-8.759455784056325,10.89424962708819,6.2587645059464645,1.3389978096067727,
new_3_3,0.01,32,,,-5.99568992748041,,,0.5192928605841465,5.5140214,0.0049524903,0.29152623,1.0595212,7.214914,-0.009849429,0.23276713,1.1866885,5.527949,0.004942119,0.29035264,1.062352,7.210437,-0.009814382,0.2332901,1.1862373,49.546337,-10.263546,0.9458062,0.9414223,7.6331496,-0.015741944,0.2527583,1.2123444,49.04932,-10.435069,0.95066965,0.9398744,49.545563,7.6342974,49.05248,a2,-0.15050166845321655,-0.19280335306324886,-9.391971490402131,-9.533280640844684,8.17391164691983,5.912515954310627,1.3073160511866884,
new_3_3,0.01,128,,,-5.995469704939853,,,0.5367727673761625,6.4549785,0.004929304,0.22543421,1.1999768,7.1465096,0.0012422204,0.2363489,1.2286189,6.4515467,0.0049309134,0.22627395,1.1974742,7.1465454,0.0012506247,0.23562512,1.2287248,49.297897,-10.487951,0.9415023,0.93701977,7.187675,-0.008799553,0.24028417,1.1554606,50.159153,-10.296575,0.9697336,0.93935627,49.29331,7.189487,50.157505,a2,-0.20537596940994263,-0.20036403630257707,-9.27511635060049,-9.46292756679019,6.432846973010768,5.224528342853252,1.0532141759241598,
new_3_3,0.01,512,,,-5.996151470867243,,,0.5124502852609273,6.605312,0.004961431,0.21327011,1.2862467,7.109267,-0.006744027,0.23035142,1.2041619,6.6031184,0.0049631,0.21363376,1.2867975,7.108691,-0.006865263,0.23078218,1.2032709,49.78699,-10.127525,0.94467914,0.9436012,7.1267796,-0.0070649385,0.23539208,1.2047008,49.645943,-10.5242605,0.96054995,0.9419151,49.783978,7.125988,49.641098,a2,-0.2164955884218216,-0.21524076379890808,-9.42514510137637,-9.336781001487838,21.642100856689694,5.5100091133582625,2.1246606566417965,
new_3_3,0.01,2048,,,-6.072445855916348,,,0.5771046239870963,7.0457816,0.0045853853,0.22555083,1.2184478,7.1440806,0.004546225,0.23100702,1.2242453,7.0432963,0.0045873523,0.22763756,1.217553,7.147807,0.004545212,0.2317545,1.2249771,48.766384,-9.897951,0.9253105,0.9310833,6.875574,0.004587829,0.22739902,1.1947244,49.9088,-10.587554,0.966558,0.9309714,48.766983,6.8724008,49.909122,a2,-0.22762496769428253,-0.22840281428679135,-9.33651620542309,-8.899499715433215,16.742272182736578,10.689516217370041,2.216488795730949,
new_3_3,0.1,32,,,-5.995679421965395,,,0.5199749078224016,5.457276,0.0049218535,0.29201955,1.0472449,7.287819,-0.00984025,0.21885535,1.1960927,5.5279536,0.004940331,0.29035288,1.0623529,7.2096148,-0.009584069,0.23326351,1.186102,49.55227,-10.264662,0.92947763,0.9413079,7.65295,-0.014493346,0.23905489,1.2201777,49.019806,-10.398206,0.9012981,0.9398244,49.53905,7.6333237,49.045963,a2,-0.14648038148880005,-0.15526116134409326,-9.469681411493516,-9.704011026373584,5.627617495460651,4.797067381812777,1.105073112337547,
new_3_3,0.1,128,,,-5.995503433855513,,,0.5292366947391819,6.525531,0.0048419833,0.21701202,1.2303338,7.1976604,-0.00024163723,0.2230491,1.2365088,6.4520855,0.0047647357,0.22629286,1.1975741,7.151538,-0.00014531612,0.23578973,1.2295831,49.417854,-10.463848,0.9116811,0.93868405,7.22549,-0.01231575,0.21996567,1.1564,50.251938,-10.273279,0.9280602,0.9409458,49.36534,7.1986485,50.229485,a2,-0.20615556836128235,-0.2033129708560377,-9.39108905125592,-9.56294100237977,6.55086352729886,4.995029297668808,1.2030988420270294,
new_3_3,0.1,512,,,-5.996161010031286,,,0.5159630445151117,6.679274,0.0048630238,0.20095386,1.2918128,7.1556253,-0.0046257973,0.21438566,1.2192502,6.603233,0.004928589,0.21363747,1.2868198,7.10497,-0.005811453,0.23066136,1.202641,49.787178,-10.065041,0.9219741,0.94321,7.174681,-0.0053197145,0.21144438,1.2170409,49.662544,-10.565637,0.9229421,0.94117624,49.750458,7.122222,49.60753,a2,-0.2169659286737442,-0.2184023460317452,-9.239514259231905,-9.371876975881278,8.319191565169863,4.0188324992911255,1.0861711687036892,
new_3_3,0.1,2048,,,-5.419648157080725,,,0.5740406312466074,7.103465,0.008642852,0.2036442,1.2326602,7.1536207,0.008605361,0.21270941,1.2250407,7.0284023,0.008792818,0.22715619,1.2149783,7.1327934,0.008722544,0.2312677,1.2224041,48.684315,-9.856313,0.8783671,0.9294872,6.9404974,0.008657634,0.21397926,1.2013739,49.826794,-10.529847,0.9220367,0.92942506,48.682285,6.857718,49.822495,a2,-0.43601587414741516,-0.4372687815604067,-9.095867610237585,-8.893629113129307,9.841149563035604,7.157521451168158,1.36049642607381,
new_3_4,0.0001,32,,,,1.8623514026927523e-05,,0.520349553255073,5.541512,1.7881393e-07,0.29108405,1.064957,7.228495,-0.014867663,0.23387657,1.1892053,5.541659,2.3841858e-07,0.29107276,1.0649867,7.228454,-0.014867306,0.23387304,1.1892015,49.669598,-10.316744,0.946769,0.94378936,7.653318,-0.020911336,0.25497127,1.215034,49.17475,-10.492966,0.95435315,0.9422211,49.66959,7.6533327,49.174786,a3,1.1390936374664307,-0.13438003776400365,-1.6772641550458743e-08,-3.2942747899160613e-08,4.944480120232253e-05,3.627596925781518e-05,6.4241055832164225e-06,
new_3_4,0.0001,128,,,,3.067996273653506e-05,,0.5387521579810439,6.46754,5.364418e-07,0.22684257,1.2004614,7.1638503,-0.0035938025,0.23622404,1.2316991,6.46751,5.364418e-07,0.22683385,1.2004372,7.163856,-0.003593564,0.23619586,1.2317011,49.408413,-10.544463,0.9426924,0.9391882,7.206378,-0.013444424,0.24088217,1.1590339,50.274208,-10.352294,0.9723057,0.94152725,49.408367,7.206401,50.274193,a3,1.4118455648422241,1.8451260004326286,1.018829560237448e-06,3.2253258182801135e-07,5.120385897594559e-05,3.2922075216379465e-05,6.6412438084313e-06,
new_3_4,0.0001,512,,,,2.886962177184316e-05,,0.5131451909778959,6.619581,5.9604645e-08,0.2141686,1.289996,7.1268244,-0.0120072365,0.23137528,1.2063482,6.6195655,5.9604645e-08,0.21416588,1.2900027,7.1268234,-0.012008309,0.23137084,1.2063402,49.91191,-10.186768,0.9488265,0.94601226,7.1441307,-0.0122715235,0.2382238,1.2071708,49.768143,-10.573459,0.9632806,0.9443499,49.91188,7.1441283,49.768093,a3,1.4357620477676392,1.263832245967933,-5.058999630916879e-07,-1.1047623774201942e-07,6.186959780202228e-05,2.898707390943387e-05,7.625122037051102e-06,
new_3_4,0.0001,2048,,,,6.095756377312892e-05,,0.5784727113202871,7.0595245,5.9604645e-07,0.22815536,1.220363,7.1642394,-4.9114227e-05,0.23229302,1.2277924,7.059505,5.9604645e-07,0.22816142,1.220355,7.1642823,-4.9114227e-05,0.23228867,1.2278006,48.87758,-9.943935,0.92839223,0.93320954,6.8883204,-2.2053719e-05,0.2295209,1.1974472,50.021854,-10.637832,0.968918,0.93308216,48.877586,6.888294,50.02186,a3,1.4136295318603516,1.5173910128396528,1.597710648405462e-06,1.4343140570737669e-06,0.00011345663200973725,7.633524077043066e-05,1.9542037311656332e-05,
new_3_4,0.001,32,,,,2.255480151891476e-05,,0.5203561737028451,5.540198,3.5762787e-07,0.2911863,1.0646905,7.22886,-0.014868259,0.23390001,1.1892395,5.541659,2.9802322e-07,0.29107276,1.0649867,7.228446,-0.014865041,0.23387279,1.1892002,49.669594,-10.317033,0.9468951,0.94378704,7.653177,-0.020900011,0.25487694,1.2150583,49.174397,-10.492887,0.9543996,0.94221944,49.66952,7.6533227,49.17472,a3,1.1390936374664307,0.8206908574948102,1.0284400669391993e-06,2.058904580869002e-07,4.645550687154554e-05,3.170762152683582e-05,5.8333053988999446e-06,
new_3_4,0.001,128,,,,3.303886203154249e-05,,0.5386766552364187,6.4678135,5.364418e-07,0.2269213,1.2006801,7.163851,-0.003607273,0.23638837,1.2316902,6.46751,5.364418e-07,0.22683385,1.2004372,7.163901,-0.0036062002,0.23619734,1.2317088,49.409542,-10.544572,0.94297487,0.93920344,7.2062616,-0.013478756,0.2410777,1.1589636,50.27507,-10.352362,0.9726027,0.9415419,49.40909,7.206488,50.27491,a3,1.4118455648422241,1.9974736957806272,-4.0428155858624225e-07,3.666625961816298e-07,7.22404848869651e-05,5.898349278485315e-05,9.919530736113755e-06,
new_3_4,0.001,512,,,,8.642489141896803e-06,,0.5131818731217905,6.61973,5.9604645e-08,0.21419333,1.2899367,7.126798,-0.011985421,0.23141415,1.2064153,6.6195655,0.0,0.21416588,1.2900027,7.1267858,-0.011997461,0.23136961,1.2063338,49.91184,-10.186461,0.94866335,0.9460069,7.144124,-0.012254119,0.23813337,1.2072119,49.768238,-10.574227,0.9632491,0.94434106,49.911545,7.1440897,49.76776,a3,1.4357620477676392,1.5164330093853096,-3.4854236113434076e-07,2.861488040478452e-07,3.272458757924701e-05,2.4298127223376653e-05,5.514602091690081e-06,
new_3_4,0.001,2048,,,,3.747028815537416e-05,,0.5784546594952871,7.059704,3.5762787e-07,0.22805057,1.220436,7.1638536,-4.9591064e-05,0.23233113,1.2277179,7.059506,3.5762787e-07,0.22816145,1.2203552,7.164284,-4.9591064e-05,0.23228873,1.227801,48.87771,-9.944372,0.92830634,0.93321174,6.888559,-2.1457672e-05,0.22941913,1.1974424,50.022015,-10.638149,0.9691612,0.9330849,48.877777,6.8882933,50.022057,a3,1.4136295318603516,1.367943276875394,-3.5117141861089418e-06,-4.169485420181925e-06,8.515181353164412e-05,7.082919818394377e-05,1.7105792906176392e-05,
new_3_4,0.01,32,,,,2.663118394696795e-05,,0.5204240969842662,5.527725,3.5762787e-07,0.29225075,1.0621543,7.23284,-0.014873624,0.23334548,1.189637,5.5416584,3.5762787e-07,0.29107273,1.0649867,7.2283635,-0.014841795,0.23387012,1.1891866,49.669647,-10.31968,0.9481601,0.9437653,7.6520767,-0.020785451,0.25338504,1.2153505,49.170902,-10.491831,0.9530262,0.9422042,49.66887,7.653225,49.174065,a3,1.1390936374664307,0.7980072851410114,6.025432631384473e-07,1.809088149480495e-07,4.320123885204197e-05,3.358000645102828e-05,6.57430875136216e-06,
new_3_4,0.01,128,,,,3.377881718957809e-05,,0.5379227624270673,6.4709454,4.7683716e-07,0.22599185,1.202945,7.1643195,-0.0037419796,0.23693791,1.2316808,6.4675155,-1.0728836e-06,0.22683403,1.2004381,7.164357,-0.0037339926,0.23621239,1.2317872,49.420883,-10.5453415,0.9438511,0.9393574,7.2055473,-0.013822556,0.24088165,1.1583337,50.283756,-10.35277,0.9721425,0.9416898,49.416294,7.207361,50.28211,a3,1.4118455648422241,1.2280378882678633,2.559491196609048e-07,5.063865055258474e-07,6.160255981321262e-05,4.4161645086290835e-05,7.4438507606350715e-06,
new_3_4,0.01,512,,,,5.292841991367504e-06,,0.5135334086501966,6.6217585,1.7881393e-07,0.21380113,1.2894493,7.126978,-0.0117663145,0.23092528,1.2071618,6.6195664,-2.3841858e-07,0.21416591,1.2900028,7.126404,-0.0118891,0.23135722,1.2062691,49.911205,-10.18312,0.947036,0.9459554,7.1444945,-0.012077689,0.23597719,1.2076954,49.76925,-10.581579,0.9629357,0.9442545,49.908195,7.1437035,49.764404,a3,1.4357620477676392,1.6442062573673866,-6.892983087464048e-07,-4.1349075617378773e-07,3.6996198793938406e-05,2.4356434328783342e-05,5.941751894042755e-06,
new_3_4,0.01,2048,,,,4.971752962021033e-05,,0.5782549284561623,7.0619903,2.9802322e-07,0.2260697,1.2212508,7.160571,-5.4478645e-05,0.23154025,1.2270712,7.059506,3.5762787e-07,0.22816145,1.2203552,7.1642985,-5.352497e-05,0.2322892,1.2278035,48.87907,-9.948373,0.92744863,0.9332348,6.891456,-1.6093254e-05,0.2279243,1.1974843,50.023624,-10.640936,0.96878177,0.9331133,48.879673,6.888284,50.02395,a3,1.4136295318603516,1.6585952806735804,-6.606624790309928e-07,7.933380178692183e-07,0.0001117112607940503,6.883537468072286e-05,1.819444574588158e-05,
new_3_4,0.1,32,,,,2.0970618933802143e-05,,0.5211065226775626,5.470754,4.172325e-07,0.2927408,1.0498314,7.305653,-0.014788747,0.21939093,1.1990197,5.541664,-1.66893e-06,0.29107302,1.0649878,7.2275414,-0.014611125,0.23384352,1.1890513,49.675564,-10.320788,0.93179035,0.94365007,7.671797,-0.019496202,0.2396436,1.2231826,49.141376,-10.454813,0.90353334,0.9421552,49.66236,7.6522527,49.16755,a3,1.1390936374664307,0.3308704386029149,-5.174389366629954e-07,2.3884962490930486e-07,4.8347094853795625e-05,2.7982879667667156e-05,6.08679594947856e-06,
new_3_4,0.1,128,,,,2.1517506470836167e-05,,0.5303853191168559,6.541385,4.172325e-07,0.21753927,1.233323,7.215343,-0.005162239,0.22359708,1.2395467,6.468053,-0.00016736984,0.22685288,1.2005379,7.1693497,-0.0051333904,0.23637699,1.2326456,49.540844,-10.520979,0.9139501,0.94102025,7.2432327,-0.017293453,0.2205058,1.1592395,50.37655,-10.329257,0.9303615,0.9432791,49.488342,7.2165174,50.354107,a3,1.4118455648422241,1.2158741711232324,4.170445580459275e-07,3.1202278103341554e-07,6.98666479376775e-05,4.0634840426045926e-05,8.29362841644118e-06,
new_3_4,0.1,512,,,,1.9152030911406825e-05,,0.5170451228612639,6.6955743,5.9604645e-08,0.20144427,1.2949654,7.173213,-0.00957036,0.2149126,1.222247,6.6196804,-3.4689903e-05,0.2141696,1.2900251,7.122682,-0.01083231,0.23123638,1.2056391,49.911373,-10.120314,0.92427397,0.94556284,7.192279,-0.010257363,0.211963,1.220026,49.785828,-10.62313,0.92523324,0.9435126,49.874676,7.1399403,49.730827,a3,1.4357620477676392,1.253351712193762,6.686856142363399e-07,6.000259294664946e-08,6.0242634164264786e-05,2.411616901071732e-05,6.874946947470166e-06,
new_3_4,0.1,2048,,,,4.339816346400104e-05,,0.5762678057492135,7.1343613,3.5762787e-07,0.20452994,1.2380216,7.1850104,-0.00011408329,0.21364278,1.230416,7.0595407,-9.417534e-06,0.22816257,1.2203612,7.1644716,-0.00010180473,0.23229481,1.227833,48.900608,-9.9529915,0.8822695,0.9336167,6.9707527,-4.172325e-06,0.21491204,1.206611,50.047215,-10.632084,0.9261156,0.9335366,48.89862,6.8882256,50.042957,a3,1.4136295318603516,1.5085663775948888,1.3749398854224874e-06,1.0019789971361265e-06,0.00011267290124497055,6.713234642759236e-05,1.749077922961865e-05,
new_3_5,0.0001,32,,,,,5.403598025358835,0.5060854478482083,5.537453,0.0014646649,0.29087085,1.0641769,7.2252927,-0.013968587,0.23377295,1.1886784,5.537602,0.0014638901,0.29085967,1.0642071,7.225252,-0.0139683485,0.23376945,1.1886747,49.651432,-10.308468,0.9464227,0.9434442,7.647369,-0.01932478,0.25477308,1.2140896,49.134266,-10.474049,0.95356745,0.94144535,49.651424,7.6473837,49.134296,a4,-0.0035046334378421307,-0.01386026771846263,27.56043970716327,-1.814774460207507,138.7343654668907,128.72148242822217,43.47929499995362,
new_3_5,0.0001,128,,,,,4.556159416859512,0.520701784561882,6.4559846,0.0035706162,0.22643727,1.1983166,7.161017,-0.0027999878,0.23613061,1.2312119,6.455955,0.0035706162,0.22642857,1.1982924,7.161022,-0.0027998686,0.23610243,1.2312138,49.40227,-10.541593,0.9425752,0.9390715,7.2020016,-0.012213707,0.24073587,1.15833,50.237057,-10.335521,0.97158724,0.9408315,49.40222,7.2020245,50.237038,a4,-0.01090947724878788,0.025555204483696987,25.41074074525751,-1.5044047466284023,151.52589552430794,132.44287407657964,45.237036250925726,
new_3_5,0.0001,512,,,,,-9.284000492590089,0.5240348897679789,6.6142545,0.0016089082,0.21399626,1.288958,7.2332287,-0.0424515,0.23482974,1.2243592,6.6142383,0.0016089082,0.21399353,1.2889645,7.233231,-0.042453527,0.23482533,1.2243515,49.889797,-10.176856,0.94840616,0.9455931,7.144005,-0.01223588,0.23821962,1.2071496,49.767048,-10.57295,0.9632594,0.9443291,49.889763,7.1440015,49.767,a4,-0.16367773711681366,-0.16331407657446398,16.20839649459998,-0.8512770835590564,96.58815947275502,90.34021457221053,29.51115888200373,
new_3_5,0.0001,2048,,,,,4.217586040956915,0.5585053213851054,7.0529313,0.0018675327,0.22794227,1.2192233,7.162785,0.0003567338,0.23224586,1.2275431,7.052912,0.0018675923,0.22794834,1.2192153,7.1628284,0.0003567338,0.23224153,1.2275515,48.877026,-9.9436865,0.92838174,0.933199,6.888596,-0.00010228157,0.2295301,1.1974951,49.986176,-10.621235,0.96822697,0.9324166,48.877033,6.8885703,49.98618,a4,-0.0050840796902775764,0.007027238632345882,8.930432674268914,-0.6742931313087338,79.29025921323132,65.10028917367616,20.01660508536858,
new_3_5,0.001,32,,,,,4.544251763877657,0.503638434514127,5.535022,0.0018681288,0.29091424,1.0636958,7.224919,-0.013762116,0.2337725,1.1885912,5.536511,0.0018573403,0.29080236,1.0639974,7.2245054,-0.013758898,0.23374529,1.1885518,49.64703,-10.306752,0.94646496,0.9433583,7.6457987,-0.018932581,0.25463122,1.2138869,49.12393,-10.469309,0.95342016,0.9412525,49.646954,7.645943,49.124252,a4,-0.005397597327828407,-0.019822462774002257,25.866233231539983,-1.8147726136656375,148.92362857294776,132.26414635860803,44.82622020663623,
new_3_5,0.001,128,,,,,5.400751400141833,0.523349987000545,6.4580894,0.0030052662,0.22658014,1.198875,7.1613774,-0.0029141903,0.23630676,1.231265,6.457787,0.0030049682,0.22649282,1.1986325,7.161428,-0.002913475,0.23611581,1.2312837,49.40411,-10.542035,0.9428712,0.9391002,7.202661,-0.012466073,0.24095725,1.1583846,50.24467,-10.338638,0.97201467,0.94097257,49.40366,7.2028885,50.24452,a4,-0.007039396092295647,-0.012811766983888357,23.760265486602012,-1.5044047623734569,138.40795475781343,108.55775721792496,41.22841110851868,
new_3_5,0.001,512,,,,,-9.283986740056738,0.5240699721423425,6.614401,0.0016096234,0.2140209,1.2888982,7.2330847,-0.042395234,0.23486538,1.2244073,6.6142387,0.001608789,0.21399355,1.2889646,7.233102,-0.042416334,0.23482114,1.2243296,49.88973,-10.176554,0.9482431,0.9455878,7.1439977,-0.012218356,0.23812915,1.2071905,49.76714,-10.573717,0.9632278,0.9443202,49.889435,7.143963,49.766666,a4,-0.16406311094760895,-0.16698224649623833,16.42822205456289,-0.8512770835544695,122.46033306684697,99.89400245933176,30.99988648033666,
new_3_5,0.001,2048,,,,,4.217591610010201,0.5584855215431278,7.0531106,0.0018673539,0.22783759,1.2192961,7.1623993,0.00035637617,0.23228396,1.2274686,7.052912,0.0018675923,0.22794834,1.2192153,7.1628304,0.00035631657,0.23224159,1.2275518,48.87715,-9.944122,0.92829573,0.9332011,6.8888326,-0.00010097027,0.22942823,1.19749,49.98633,-10.62155,0.9684698,0.93241924,48.877224,6.8885684,49.98637,a4,-0.005082456395030022,-0.011621223159448942,8.341212672618083,-0.6742931283981072,92.72587964734487,70.88641086037273,20.1450868624603,
new_3_5,0.01,32,,,,,4.552159811256131,0.5037332385101146,5.5223055,0.0019603968,0.2919642,1.061113,7.2289033,-0.013769269,0.23321846,1.1889894,5.536523,0.0018529296,0.290803,1.0639998,7.2244325,-0.013738394,0.23374292,1.1885399,49.647125,-10.309418,0.9477302,0.9433373,7.644735,-0.018827558,0.2531419,1.2141844,49.12055,-10.468305,0.9520502,0.9412393,49.646355,7.645866,49.123714,a4,-0.005722098983824253,0.002306496369462307,22.104814075431886,-1.8147730537116704,178.82194423700523,113.16982293472522,40.072113962721296,
new_3_5,0.01,128,,,,,4.556152075169669,0.5198725380304412,6.45937,0.003574729,0.22558759,1.2007931,7.161474,-0.0029449463,0.23684381,1.2311915,6.4559603,0.0035689473,0.22642876,1.1982934,7.16152,-0.0029392242,0.23611884,1.2312994,49.41474,-10.542472,0.9437338,0.93924063,7.2011085,-0.012573838,0.24073325,1.1576201,50.246605,-10.3359995,0.9714243,0.940994,49.410145,7.20294,50.244957,a4,-0.010985687375068665,-0.03916519850203871,21.903373993267646,-1.5043990758746295,133.96795344692242,117.63170900638512,41.52566370244798,
new_3_5,0.01,512,,,,,-3.167101401985926,0.5402399635423951,6.616153,0.0016926527,0.21362014,1.2883577,7.522434,-0.12716162,0.24373868,1.2741438,6.614377,0.0015670061,0.21399802,1.2889916,7.5224395,-0.12748158,0.24421443,1.273305,49.889526,-10.173407,0.9466247,0.9455445,7.149986,-0.013633966,0.23615855,1.2086235,49.81587,-10.603286,0.9638377,0.945139,49.886448,7.1492114,49.811024,a4,40.8542366027832,40.89097647459137,14.188929106894312,-0.8512770835567057,104.98914142275692,87.98643479813016,27.474602997196737,
new_3_5,0.01,2048,,,,,4.217576219934744,0.5582866512638202,7.0554037,0.0018646717,0.22585885,1.2201117,7.159114,0.00035244226,0.23149313,1.2268214,7.052912,0.0018675327,0.22794834,1.2192153,7.1628447,0.00035220385,0.23224205,1.2275542,48.878513,-9.948124,0.9274381,0.9332242,6.8917074,-8.904934e-05,0.22793262,1.1975279,49.987946,-10.624335,0.9680908,0.9324478,48.87912,6.888549,49.98827,a4,-0.005066397599875927,-0.0014288788413208727,9.098968218015173,-0.6669705332921351,98.9915567998195,72.54542422016515,21.096521397422055,
new_3_5,0.1,32,,,,,5.403599397846741,0.5068425366160735,5.4644403,0.0023073554,0.29240292,1.0486199,7.3024354,-0.013895035,0.2192943,1.1984916,5.537607,0.0014619827,0.29085994,1.0642081,7.2243514,-0.013715506,0.2337403,1.1885265,49.65735,-10.312488,0.93144864,0.94330406,7.666052,-0.017969966,0.23946415,1.2222666,49.1009,-10.435949,0.9027891,0.94137913,49.6442,7.6463447,49.127064,a4,-0.005778813734650612,-0.019885107710133985,22.999781924296506,-1.8147748360380502,121.21729535641904,113.4477684492928,39.07333265283302,
new_3_5,0.1,128,,,,,4.5561839629460446,0.512334357021026,6.5297036,0.0035687685,0.21715078,1.2311206,7.2124095,-0.0043451786,0.22350617,1.2390426,6.456498,0.0034028888,0.22644763,1.1983932,7.1664834,-0.00432992,0.23628248,1.2321528,49.53472,-10.518131,0.91383713,0.94090396,7.2382627,-0.01589787,0.2203545,1.158444,50.339394,-10.312552,0.9296753,0.9425834,49.482193,7.211695,50.316944,a4,-0.01167774572968483,-0.014705514331603359,24.11457560401917,-1.504402453922569,153.59813072780676,131.5552953218809,44.594604398998946,
new_3_5,0.1,512,,,,,-3.1671014510080027,0.5437526846416659,6.686303,0.0027675033,0.20116533,1.2931722,7.561553,-0.12184048,0.22654743,1.2884164,6.614491,0.0015326142,0.2140017,1.2890137,7.5191293,-0.12648952,0.24410696,1.2727448,49.89033,-10.110939,0.92388433,0.9451642,7.197356,-0.011684179,0.21211264,1.2208873,49.83246,-10.644914,0.92609984,0.9443963,49.852932,7.145211,49.777447,a4,38.85532760620117,38.92143010768976,17.25308449769455,-0.8512770849486173,135.2559190740019,110.38485846850607,31.808212421735934,
new_3_5,0.1,2048,,,,,4.547883844899715,0.5576714562821006,7.128345,0.0016862154,0.20435748,1.2369776,7.183675,0.00025773048,0.21360306,1.2301873,7.053416,0.001725018,0.22796461,1.2193024,7.163146,0.0002681613,0.23225182,1.2276059,48.900227,-9.952819,0.88226265,0.9336094,6.970765,-7.748604e-06,0.21491243,1.2066132,50.014862,-10.617051,0.92551684,0.93293315,48.898247,6.8883595,50.01061,a4,-0.004319574683904648,-0.0017938878393750344,8.76659002940924,-0.9413274323530101,78.1912047176798,71.75837620006445,20.02629965097286,
new_4_1,0.0001,32,0.0193581243768433,,,,,2.9795164762870257,39.12912,0.022162199,0.25564283,1.3222618,55.493767,0.00043934584,0.23286326,1.3959877,39.127758,0.022161484,0.25565502,1.3221929,55.49392,0.00044077635,0.23286465,1.3959974,324.32767,-7.300626,0.8338996,0.9749888,54.527046,-0.0040494204,0.23108989,1.3424076,326.75125,-7.6634245,0.8411385,0.9730399,324.32782,54.52698,326.7509,a0,832.209716796875,819.3122953343845,0.01935725153158596,0.019357288531937952,2.5631609197988847e-06,1.1959797433999664e-06,3.0835380010800353e-07,
new_4_1,0.0001,128,-0.0096229646313889,,,,,4.191948336842958,56.569515,0.014661193,0.24096784,1.3460408,53.49103,0.007840514,0.22449897,1.3813064,56.568787,0.014660418,0.24097677,1.3460542,53.490967,0.007841051,0.22451563,1.381297,321.8467,-7.0435066,0.82820106,0.9558916,56.93425,0.0035806894,0.24039897,1.3004439,317.25815,-7.250473,0.8169671,0.95280486,321.8467,56.93409,317.25842,a0,1425.2332763671875,1440.8589995582588,-0.009625904024338439,-0.00962595014243315,4.837240790599856e-06,3.3105637174991875e-06,6.296712756324354e-07,
new_4_1,0.0001,512,0.0066269922767835,,,,,3.559209517081757,50.640217,0.01650697,0.2146651,1.424006,54.86013,0.019482553,0.23081747,1.3543775,50.640377,0.016507268,0.21466273,1.4240123,54.85982,0.019484222,0.23082109,1.3543819,326.71762,-7.1735535,0.8384745,0.9662133,56.13204,0.012758255,0.23885661,1.357961,318.62186,-7.1817284,0.81866336,0.9638277,326.71747,56.13195,318.622,a0,1220.23779296875,1227.6444344934134,0.006624792416833023,0.0066246788280597,2.7496492369999057e-06,1.4170796855004705e-06,4.276268718301907e-07,
new_4_1,0.0001,2048,0.0007931002077156,,,,,3.868100769720281,52.93504,0.016297817,0.22232096,1.3672725,53.747883,0.01403141,0.23130777,1.4123176,52.93512,0.016297877,0.2223152,1.3672705,53.74823,0.01403147,0.23129801,1.4123204,318.1637,-7.63095,0.81625926,0.9545774,54.14378,0.02125752,0.22803684,1.3754897,319.49066,-6.9513507,0.82061404,0.9598381,318.16348,54.14398,319.49084,a0,1322.37158203125,1325.16229950852,0.000791627590109852,0.0007916894746738,6.789948084899968e-06,2.6072797935000657e-06,7.593156789920023e-07,
new_4_1,0.001,32,0.0193581638373067,,,,,2.979055575906894,39.141445,0.022167504,0.25553367,1.3228842,55.493206,0.00039744377,0.23284124,1.3959216,39.127758,0.022161365,0.25565502,1.3221929,55.494724,0.0004117489,0.23286802,1.3960176,324.33072,-7.300482,0.8337709,0.97500414,54.528553,-0.004095912,0.23108047,1.3423845,326.75903,-7.663368,0.84094125,0.9730556,324.33215,54.527855,326.75522,a0,832.209716796875,850.4385402829939,0.01935725091646517,0.0193572855399189,2.5172951727998882e-06,1.1323111293003174e-06,3.009116991346874e-07,
new_4_1,0.001,128,-0.0096229496633178,,,,,4.192811925375379,56.576103,0.01466769,0.24081323,1.345921,53.492153,0.007817447,0.22431335,1.3814049,56.568794,0.014660299,0.2409768,1.3460543,53.491455,0.007822931,0.22451769,1.3813096,321.83856,-7.043071,0.8279159,0.9558679,56.93545,0.0035914183,0.24028654,1.3005204,317.2477,-7.250123,0.8169917,0.9527794,321.83862,56.9338,317.2503,a0,1425.2332763671875,1411.5016629148158,-0.009625909086491491,-0.009625957866067951,4.910327645199497e-06,3.138151931600733e-06,6.251142369208587e-07,
new_4_1,0.001,512,0.0066273175951598,,,,,3.559249102194989,50.638786,0.016505897,0.21468453,1.4239492,54.86293,0.019470394,0.23078497,1.354338,50.640373,0.016507447,0.21466272,1.4240122,54.85978,0.019485712,0.23082091,1.354381,326.7184,-7.17362,0.83889073,0.9662118,56.13285,0.012767553,0.23866643,1.3580519,318.61996,-7.1820965,0.8184556,0.96382314,326.71707,56.1319,318.62158,a0,1220.23779296875,1212.7906852583692,0.006624819780901032,0.006624680110833151,3.102498039999485e-06,1.469855145800128e-06,4.549215696764331e-07,
new_4_1,0.001,2048,0.0007933090088214,,,,,3.8679959101090526,52.93432,0.016298354,0.2222916,1.3672901,53.74478,0.014030755,0.23135205,1.412294,52.93512,0.016297877,0.2223152,1.3672705,53.748215,0.014032006,0.23129795,1.41232,318.1666,-7.6314144,0.8163973,0.9545782,54.14206,0.021259487,0.22796685,1.375429,319.4901,-6.9510283,0.82056123,0.9598433,318.16443,54.143986,319.4918,a0,1322.37158203125,1328.5895429362427,0.0007916725393953869,0.00079171262873265,7.926766733499938e-06,2.4506535061000157e-06,8.391346973307414e-07,
new_4_1,0.01,32,0.0193588684490438,,,,,2.974448335876501,39.268612,0.022217989,0.25325826,1.329252,55.489666,-2.3961067e-05,0.2321533,1.3953115,39.12778,0.022160351,0.25565517,1.3221936,55.50282,0.000120162964,0.23290199,1.3962213,324.3614,-7.298932,0.83248615,0.9751581,54.545555,-0.004560709,0.23077215,1.3422021,326.83722,-7.662671,0.838975,0.97321314,324.37527,54.53667,326.79843,a0,832.209716796875,839.8198688155389,0.01935726371931296,0.01935729494530235,3.2634728782988953e-06,1.2659015376018101e-06,3.3671059758024165e-07,
new_4_1,0.01,128,-0.0096230144354289,,,,,4.201444806620758,56.646675,0.014730334,0.23856805,1.3448374,53.507504,0.007581651,0.22224809,1.3824978,56.568874,0.014657497,0.24097714,1.3460562,53.49643,0.007638335,0.22453856,1.381438,321.75772,-7.038479,0.8249973,0.9556323,56.951458,0.0036932826,0.23878603,1.301377,317.14417,-7.2463408,0.81516224,0.9525263,321.75797,56.930992,317.1695,a0,1425.2332763671875,1472.3673275511828,-0.009625905982707034,-0.0096259452409078,4.936457336299563e-06,3.0970444341010123e-06,6.270317319419754e-07,
new_4_1,0.01,512,0.0066271465509448,,,,,3.559663296166509,50.628136,0.016489029,0.21449083,1.4234843,54.89403,0.019343078,0.23032084,1.3540207,50.640373,0.016507328,0.21466272,1.4240122,54.859425,0.019498408,0.23081942,1.3543721,326.7271,-7.1741343,0.83992594,0.9661986,56.14393,0.012856543,0.23672715,1.359033,318.602,-7.1855717,0.8157771,0.96378,326.71323,56.13149,318.61774,a0,1220.23779296875,1238.904342699243,0.0066248015418683545,0.0066246877080160995,3.2844182482998086e-06,1.3864699845000245e-06,4.5077400345805665e-07,
new_4_1,0.01,2048,0.0007930779102753,,,,,3.8669675498081832,52.93078,0.016299725,0.2220138,1.3675624,53.717346,0.01402086,0.23113005,1.4121511,52.935123,0.016297698,0.22231524,1.3672706,53.74811,0.014035761,0.23129751,1.4123173,318.19617,-7.635824,0.81486595,0.95458806,54.128197,0.021275878,0.22712909,1.3749064,319.48553,-6.947622,0.8184739,0.95989835,318.17416,54.14411,319.50143,a0,1322.37158203125,1330.1722292453633,0.000791762423941959,0.00079171689849895,3.2475617769000143e-06,2.041933132699951e-06,5.071021843070663e-07,
new_4_1,0.1,32,0.0193583047137853,,,,,2.928374299546427,40.920746,0.022248983,0.23226179,1.4071226,55.655777,-0.0043706894,0.21807519,1.3942856,39.131104,0.021994174,0.25567687,1.3223059,55.585953,-0.0028774738,0.23325084,1.3983126,324.70047,-7.271985,0.81050676,0.976796,54.909027,-0.009295344,0.21574596,1.3451263,327.65305,-7.6425543,0.8177854,0.97488844,324.80783,54.62702,327.2322,a0,832.209716796875,841.0119146446959,0.01935722775900653,0.019357286532391202,2.705448098900415e-06,1.8454067182011036e-06,3.446914272882216e-07,
new_4_1,0.1,128,-0.0096227359485019,,,,,4.287793817773905,57.812523,0.015097797,0.21036327,1.3449446,54.070343,0.0047373176,0.20268053,1.404117,56.57692,0.014377177,0.24101141,1.3462477,53.553795,0.00550884,0.22477934,1.3829194,321.01685,-6.969275,0.77872485,0.9534776,57.506535,0.004294753,0.21457139,1.319039,316.18192,-7.1810865,0.7714589,0.950214,320.95093,56.910084,316.361,a0,1425.2332763671875,1393.2380084042961,-0.009625920109180817,-0.0096259733268013,5.989805772399839e-06,4.369892882698928e-06,7.526816443866821e-07,
new_4_1,0.1,512,0.0066270585791472,,,,,3.5637945494069774,50.87786,0.016096711,0.19686148,1.4288461,55.50732,0.017864108,0.2183994,1.358272,50.640396,0.016506493,0.2146628,1.4240128,54.85589,0.01962483,0.23080453,1.3542849,326.8633,-7.161598,0.81462103,0.9662125,56.54498,0.013582587,0.22000208,1.3759637,318.48273,-7.198098,0.770334,0.963532,326.67453,56.12736,318.57904,a0,1220.23779296875,1241.421819486277,0.006624803115625606,0.0066246895430260005,2.9026335157996547e-06,1.4157711462001177e-06,4.510855543115683e-07,
new_4_1,0.1,2048,0.0007962050129224,,,,,3.856653762331849,53.254227,0.01610136,0.19877535,1.3795888,53.798454,0.013743937,0.21546064,1.420099,52.93518,0.016295552,0.22231548,1.3672721,53.747086,0.014073372,0.2312931,1.4122903,318.55005,-7.655673,0.780904,0.9548606,54.321827,0.021178901,0.20857725,1.3781161,319.49792,-6.8934813,0.78453434,0.9606248,318.27057,54.14537,319.59732,a0,1322.37158203125,1318.2074017095147,0.000791791165895908,0.0007917800996321499,7.589761573100059e-06,2.579148255799947e-06,7.715035142566293e-07,
new_4_2,0.0001,32,,-3.876817073289191,,,,-0.0021423674397796,5.646265,0.9796395,0.036888823,0.19080012,7.535466,0.98156935,0.031620365,0.18956037,5.645958,0.97964025,0.03688986,0.19078644,7.5357833,0.9815679,0.0316218,0.18956912,44.200695,0.8458296,0.11364724,0.13287544,7.439343,0.98131037,0.031528518,0.18315002,44.27066,0.84096706,0.11396363,0.1318346,44.20054,7.4395123,44.271027,a1,5.282341003417969,5.5675560036443805,-3.8768020845473496,-3.8768024354531185,4.103273653432993e-05,2.387157849881305e-05,6.269371936859224e-06,
new_4_2,0.0001,128,,2.8613918600303707,,,,0.2631744504900922,17.699957,0.903536,0.07539609,0.42116085,17.369452,0.8953855,0.07289865,0.4485338,17.69918,0.9035419,0.075396545,0.42115197,17.36937,0.89538634,0.072903804,0.44852915,70.607605,0.6128758,0.18169299,0.2097061,18.48737,0.8949381,0.078061,0.42227283,69.84659,0.60010713,0.179861,0.20976663,70.6076,18.487566,69.84634,a1,5.993551254272461,10.845925980074197,2.861480750109637,2.8614799689190784,0.0001989942631217545,5.772418455007866e-05,1.940806438860795e-05,
new_4_2,0.0001,512,,-1.916923058746009,,,,0.0223572019879547,9.466928,0.9656285,0.040130533,0.26621056,10.06577,0.96699077,0.04235053,0.248502,9.467329,0.9656258,0.040131666,0.2662222,10.065784,0.96699035,0.04235149,0.24850458,51.842224,0.79420584,0.13304572,0.1533148,10.351449,0.9664259,0.044048145,0.25042498,50.675163,0.79304105,0.13020419,0.15329182,51.842358,10.351289,50.67503,a1,5.444628715515137,5.637345936503323,-1.9168778193016025,-1.916879566997919,0.00014527616158610535,8.15960454514375e-05,2.241381727049774e-05,
new_4_2,0.0001,2048,,-0.228537558048635,,,,0.0802006879215209,12.377282,0.94621915,0.051983133,0.31969595,12.450739,0.94709086,0.053582627,0.3271645,12.377255,0.94621956,0.0519816,0.3196943,12.45089,0.94709027,0.053580668,0.32716697,57.56082,0.7175046,0.14767414,0.17269808,12.388851,0.9487572,0.052178007,0.3147312,57.37069,0.7436079,0.14735703,0.17235738,57.561073,12.38879,57.370487,a1,5.754489898681641,5.209506241499184,-0.22822734545964,-0.22822554192687333,0.0005006093860353,0.00030979749384560384,8.215103156734316e-05,
new_4_2,0.001,32,,-3.876827552916641,,,,-0.0026008989768932,5.649302,0.9796305,0.036881287,0.19093247,7.5332427,0.98157907,0.031608365,0.18949735,5.64595,0.9796403,0.036889806,0.19078615,7.53627,0.98156554,0.03162384,0.18958136,44.197723,0.8458559,0.11362098,0.13286735,7.438697,0.9813138,0.031523623,0.18312591,44.262917,0.8410313,0.11391426,0.13181052,44.196117,7.440248,44.266598,a1,5.282341003417969,5.8440654118785496,-3.8768019565957808,-3.8768017029304467,5.770943513994098e-05,2.9285790841271364e-05,8.02881282730771e-06,
new_4_2,0.001,128,,2.8614173188262444,,,,0.2640396565444149,17.70714,0.9034808,0.075369515,0.4212452,17.371305,0.8953652,0.072844625,0.44860426,17.699223,0.9035415,0.075396724,0.42115298,17.370365,0.8953743,0.072907984,0.44855487,70.61631,0.61278176,0.18165743,0.20973206,18.486298,0.8949559,0.07801832,0.42226428,69.85739,0.59997404,0.17990014,0.20980036,70.61614,18.488144,69.85489,a1,5.993551254272461,4.9498658540749885,2.8614800379812237,2.86147697026428,0.00017715016920361037,6.25534652041182e-05,1.7993473804850533e-05,
new_4_2,0.001,512,,-1.916935729364022,,,,0.0223976425634126,9.463477,0.9656516,0.040120672,0.26611045,10.065742,0.96699387,0.042342283,0.24848138,9.467313,0.96562594,0.040131595,0.26622173,10.065723,0.9669907,0.042351235,0.24850307,51.841354,0.79421204,0.13310921,0.15331163,10.353003,0.96641713,0.04401904,0.2504757,50.676754,0.79301625,0.130176,0.15329683,51.842705,10.351234,50.675373,a1,5.444628715515137,2.9223659432294284,-1.9168771512795428,-1.9168816870652674,0.000179293545729875,9.460665746585661e-05,2.4520974718129647e-05,
new_4_2,0.001,2048,,-0.2283786211806465,,,,0.0801083889107057,12.377915,0.94621223,0.05197964,0.31972077,12.449747,0.9470931,0.053591702,0.32715183,12.3775015,0.9462174,0.051982634,0.31970066,12.451101,0.9470885,0.05358158,0.32717255,57.558258,0.71751976,0.1476912,0.17268896,12.389835,0.94874585,0.052167792,0.3147523,57.372177,0.74360406,0.14735162,0.17236307,57.560726,12.389079,57.370144,a1,5.754489898681641,15.999221574247713,-0.22821768787377295,-0.22821703115046538,0.00031510975063039903,0.0002755531137939027,6.550365259687194e-05,
new_4_2,0.01,32,,-3.8768332344901806,,,,-0.0072130755440945,5.7084727,0.9793371,0.036816116,0.19323319,7.526008,0.98160434,0.03148672,0.18924472,5.6461744,0.9796387,0.03689127,0.19079375,7.5414376,0.98154026,0.031645525,0.18971136,44.17038,0.8461044,0.113365,0.13279356,7.446661,0.98127675,0.031505443,0.18323994,44.18804,0.84165716,0.11342852,0.13157737,44.15196,7.447925,44.22237,a1,5.282341003417969,7.030851647898076,-3.876801715460043,-3.8768010610103816,5.1516004327734066e-05,3.503003017790718e-05,8.037302582312068e-06,
new_4_2,0.01,128,,2.861395085144937,,,,0.2726733659036766,17.793417,0.90278685,0.07493716,0.42242998,17.402052,0.8950297,0.07228094,0.44962478,17.699446,0.90353906,0.07539768,0.42115828,17.380089,0.8952571,0.0729488,0.44880596,70.705215,0.61183286,0.18129049,0.2099971,18.487362,0.8950136,0.0775138,0.42244798,69.96773,0.5986315,0.1798395,0.21014449,70.70047,18.493658,69.93926,a1,5.993551254272461,5.712458242688885,2.8614813546746216,2.8614796468065773,0.00025715624154010186,4.924952968332619e-05,2.2244568115934886e-05,
new_4_2,0.01,512,,-1.916980183475664,,,,0.0228143097906934,9.448168,0.96574765,0.040028047,0.2656491,10.082231,0.9669189,0.042302374,0.24868913,9.467251,0.9656264,0.040131334,0.26622,10.065215,0.96699405,0.042349096,0.24849053,51.836193,0.7942511,0.13325666,0.15329018,10.384417,0.9662294,0.043785203,0.2513676,50.696888,0.7927404,0.12980886,0.15335952,51.846577,10.3508005,50.679245,a1,5.444628715515137,5.583040790892205,-1.9168731383521467,-1.9168733832332374,0.0002459758048503069,8.308189353756212e-05,2.5087140011215013e-05,
new_4_2,0.01,2048,,-0.2284391103115625,,,,0.0790790739305322,12.397083,0.94603837,0.05199855,0.32030106,12.452619,0.94701415,0.053579982,0.3273613,12.377413,0.9462182,0.05198226,0.31969836,12.450677,0.94709206,0.05357975,0.32716137,57.52912,0.717714,0.14732584,0.17258728,12.411696,0.9485393,0.052081123,0.3152686,57.383633,0.7436042,0.14700823,0.17240985,57.550503,12.389481,57.35995,a1,5.754489898681641,10.0722117508667,-0.22822433258623767,-0.22823559213818778,0.00048703948069669933,0.0002954296076919105,7.784809483660488e-05,
new_4_2,0.1,32,,-3.87690934011264,,,,-0.0532824855271424,8.489455,0.9579176,0.048185244,0.29192293,8.827461,0.9747335,0.03458851,0.2211451,5.669029,0.97947353,0.037040602,0.19156605,7.6082,0.98121196,0.031925675,0.19139083,44.127304,0.84722275,0.110149145,0.1327481,8.823492,0.97393775,0.034668848,0.21615227,43.686974,0.8463553,0.1090378,0.12998483,43.71104,7.5396514,43.780792,a1,5.282341003417969,6.080771184987236,-3.876802727017534,-3.876802753079705,0.0002236800115680282,3.0288275759904337e-05,1.7798570382167755e-05,
new_4_2,0.1,128,,2.861370812528387,,,,0.359007336318672,20.019688,0.8818962,0.07284593,0.46573597,18.91194,0.8782437,0.07089065,0.49111167,17.72512,0.903259,0.075507045,0.4217692,17.50078,0.8937974,0.07345537,0.45192257,71.89607,0.6002638,0.17440598,0.21354423,19.684856,0.8833295,0.073449165,0.45151553,71.39747,0.5828401,0.17420419,0.21456912,71.544655,18.571136,70.783966,a1,5.993551254272461,9.685362544372229,2.861480625109839,2.8614795987853157,0.00021602677521581626,6.98733540485108e-05,2.1424404413960036e-05,
new_4_2,0.1,512,,-1.9169381700763577,,,,0.0269419311777216,11.068942,0.95342994,0.042829007,0.3108585,11.77127,0.955831,0.0463153,0.28804463,9.467421,0.96562517,0.040132053,0.26622477,10.060983,0.9670218,0.04233129,0.24838604,52.095776,0.7926768,0.12983505,0.15399584,12.129587,0.9546095,0.04719313,0.29516098,51.275345,0.7875002,0.12402287,0.15512753,51.886555,10.347309,50.71923,a1,5.444628715515137,4.593578250276682,-1.9168736712263423,-1.916874032934216,0.00013292687947119575,9.457413231617195e-05,2.0551546049275715e-05,
new_4_2,0.1,2048,,-0.2284702086673312,,,,0.0687805213952561,14.020008,0.93180716,0.05233072,0.36319834,13.92906,0.93388593,0.055785324,0.36768052,12.377889,0.946214,0.051984258,0.31971067,12.447778,0.94711673,0.053567275,0.3270852,57.56448,0.7173463,0.14111546,0.17255077,13.982634,0.93514663,0.053688534,0.35473204,57.827663,0.7414148,0.14199713,0.1738687,57.450237,12.394856,57.25996,a1,5.754489898681641,10.181911932249932,-0.22821972993133044,-0.2282209909747293,0.0004864281930875014,0.0004040057944180997,9.138148324841264e-05,
new_4_3,0.0001,32,,,0.000172016321276,,,2.959245530205206,39.57004,7.1525574e-07,0.25852352,1.3371615,56.428112,-0.033503175,0.23678397,1.4194919,39.56865,7.1525574e-07,0.2585357,1.3370913,56.428272,-0.033501744,0.2367854,1.4195018,323.28732,-7.2474585,0.83122474,0.9718613,55.522835,-0.041056752,0.23531012,1.366923,325.71393,-7.6085043,0.8384682,0.96995085,323.28745,55.522766,325.71353,a2,1.1757566928863525,11.542221045601764,-6.804786488411724e-06,-7.2968897285689296e-06,0.0003212000261614,0.0002590560864655,5.7014424628477894e-05,
new_4_3,0.0001,128,,,-0.0002577262763956,,,4.20267968837894,56.988815,1.7881393e-07,0.24275392,1.3560178,53.803368,-0.0037798882,0.22580983,1.3893719,56.988064,5.9604645e-08,0.24276283,1.356031,53.803303,-0.003779292,0.22582659,1.3893625,315.76782,-6.7425323,0.81255835,0.9378372,57.063423,-0.0009458065,0.24094439,1.3033943,311.2063,-6.938713,0.8013831,0.9346297,315.76782,57.063263,311.20657,a2,1.43205988407135,-18.517082935431972,1.5067616187553716e-05,9.975948496062574e-06,0.00066041799181,0.000563522642943,0.00013155697117604216,
new_4_3,0.0001,512,,,0.0002886788041983,,,3.556158214835874,51.06341,2.9802322e-07,0.21645904,1.4359062,55.622643,-0.007963538,0.23402564,1.3732022,51.06358,3.5762787e-07,0.21645667,1.4359127,55.62234,-0.007962346,0.23402937,1.3732071,323.44196,-7.010479,0.830068,0.95652604,56.78784,-0.0104448795,0.24164724,1.3738264,315.34686,-7.0143986,0.8102486,0.9539209,323.4418,56.78775,315.34705,a2,1.3903863430023193,22.641133909928612,-1.4238277309754739e-05,-1.1234001292341608e-05,0.0009002006194971999,0.0006704936707320999,0.00017412713529569242,
new_4_3,0.0001,2048,,,-0.0005735406785553,,,3.87163610543664,53.371742,1.7881393e-07,0.22415507,1.3785522,54.13298,-0.00014793873,0.23296507,1.4224367,53.371826,5.9604645e-08,0.22414929,1.3785503,54.13333,-0.00014793873,0.23295525,1.4224396,313.8633,-7.399211,0.80522645,0.94167507,54.732433,-0.0001399517,0.23051606,1.3904442,315.2103,-6.7397223,0.8096199,0.9469787,313.8631,54.732624,315.21048,a2,1.4086406230926514,0.8649858500575647,9.430484341010048e-05,-2.1675075916412284e-05,0.0032892147947126,0.0026507428180354,0.0006510676826338024,
new_4_3,0.001,32,,,0.0001256423745867,,,2.958786147134939,39.58262,4.7683716e-07,0.25841385,1.3377948,56.42752,-0.033545613,0.23676148,1.419424,39.568657,4.7683716e-07,0.25853577,1.3370916,56.429108,-0.03353238,0.2367889,1.4195228,323.2904,-7.2473183,0.83109653,0.97187674,55.524357,-0.041104436,0.23530048,1.3668993,325.72177,-7.608453,0.8382718,0.9699667,323.2918,55.52369,325.7179,a2,1.1757566928863525,-20.651315253417124,4.623195081747401e-06,1.1266666122437466e-06,0.00024627188311200003,0.00020562651512144017,5.224888885805708e-05,
new_4_3,0.001,128,,,2.73672313593058e-05,,,4.203521238911011,56.995644,0.0,0.24259897,1.3559017,53.80452,-0.0038039684,0.22562324,1.3894717,56.988068,0.0,0.24276285,1.356031,53.803833,-0.0037990808,0.22582881,1.3893762,315.75967,-6.7421055,0.8122782,0.9378134,57.064613,-0.00093460083,0.24083164,1.3034707,311.19583,-6.938364,0.8014066,0.934604,315.75974,57.062996,311.19843,a2,1.43205988407135,7.4878125815303065,-8.690316775443504e-06,-4.025848010178357e-06,0.0005537269350413001,0.000454203277075,0.00011443766393444729,
new_4_3,0.001,512,,,0.0003002914447984,,,3.5561991627354246,51.06194,3.5762787e-07,0.2164785,1.4358481,55.625362,-0.007971883,0.23399219,1.3731593,51.063583,2.9802322e-07,0.21645668,1.4359128,55.6223,-0.007960916,0.23402919,1.373206,323.44275,-7.0105457,0.83048004,0.9565246,56.78866,-0.010435224,0.2414548,1.3739182,315.345,-7.01476,0.810043,0.9539164,323.44144,56.787712,315.34662,a2,1.3903863430023193,22.874811747897184,-1.2976150895089029e-05,2.7568746806498516e-06,0.001043108867094,0.0007995973505235,0.00019697217000045464,
new_4_3,0.001,2048,,,-0.0001224354273624,,,3.871485523523533,53.371033,5.9604645e-08,0.22412553,1.3785704,54.129856,-0.00014853477,0.23300965,1.422413,53.371826,5.9604645e-08,0.22414929,1.3785503,54.133327,-0.00014781952,0.23295523,1.4224395,313.8663,-7.3996706,0.80536306,0.9416763,54.730766,-0.00014066696,0.23044561,1.3903846,315.20984,-6.7394114,0.80956805,0.94698405,313.8642,54.732635,315.2115,a2,1.4086406230926514,0.8125834938255139,5.747095059063538e-05,3.4063947141878357e-07,0.0046106311819639,0.0032741314926421003,0.0007456048882845661,
new_4_3,0.01,32,,,5.633754783989197e-05,,,2.9541848084932747,39.712246,2.3841858e-07,0.2561194,1.3442692,56.423542,-0.033967495,0.23606038,1.4187943,39.568695,-1.5497208e-06,0.25853604,1.3370929,56.437424,-0.03383696,0.2368238,1.419732,323.3212,-7.2457895,0.82981646,0.9720309,55.54145,-0.041578054,0.23498559,1.366708,325.80008,-7.6077805,0.8363127,0.9701249,323.335,55.532867,325.76123,a2,1.1757566928863525,-19.135821275995113,-1.5361027704258813e-06,1.8287515968047013e-06,0.00021672217276312876,0.00016907913085603183,4.7834910093115103e-05,
new_4_3,0.01,128,,,-0.0001417681597351,,,4.212168918959499,57.06855,1.7881393e-07,0.24034478,1.354853,53.820152,-0.004049897,0.22354671,1.3905759,56.988148,-2.861023e-06,0.24276319,1.3560328,53.809216,-0.0039999485,0.22585142,1.3895152,315.679,-6.737618,0.8094112,0.93757826,57.080513,-0.00082719326,0.23932713,1.304326,311.0924,-6.934629,0.7996073,0.93435013,315.6792,57.06042,311.11777,a2,1.43205988407135,-33.27633112348849,-3.5241349270541426e-07,2.3645836052699383e-06,0.0005636556651675,0.0004231140772345,0.00011802723328288283,
new_4_3,0.01,512,,,0.0004175350646188,,,3.55660290585419,51.050766,3.5762787e-07,0.21628134,1.4353672,55.655594,-0.008055568,0.23351616,1.3728055,51.06358,4.7683716e-07,0.21645667,1.4359127,55.621933,-0.007947683,0.23402765,1.373197,323.45145,-7.011052,0.8315051,0.95651186,56.799664,-0.010336876,0.23949201,1.3749058,315.3269,-7.0181475,0.8073913,0.95387274,323.43756,56.78729,315.34274,a2,1.3903863430023193,2.5955368982977234,-1.8568823320217565e-06,3.8135241108590274e-06,0.0007958859963374,0.0007467025505947999,0.00018608777594443144,
new_4_3,0.01,2048,,,-0.0022734809276562,,,3.8706099081351866,53.367496,2.3841858e-07,0.22384557,1.3788458,54.101974,-0.00014936924,0.232785,1.4222624,53.371826,1.7881393e-07,0.22414929,1.3785503,54.133152,-0.00014126301,0.23295447,1.4224348,313.8959,-7.403983,0.8038534,0.9416872,54.7174,-0.0001475811,0.22960146,1.3898727,315.20587,-6.7361236,0.80751,0.9470401,313.874,54.732765,315.22165,a2,1.4086406230926514,-2.235051397292409,-9.886279690066777e-05,-8.631792274527538e-06,0.0043227863228762,0.0033851028877324,0.0007818786310964213,
new_4_3,0.1,32,,,7.894212835970321e-05,,,2.908110038296761,41.3837,3.5762787e-07,0.23488948,1.423042,56.58182,-0.03807187,0.2217037,1.4174848,39.57197,-0.00016713142,0.25855744,1.3372036,56.52259,-0.03695953,0.23718117,1.4218744,323.6606,-7.2190876,0.8079111,0.97366774,55.902153,-0.046135306,0.2196481,1.3694552,326.61603,-7.5879326,0.8151971,0.97180295,323.76694,55.626595,326.1944,a2,1.1757566928863525,-8.814974307824741,6.674992986498593e-06,3.407282548745461e-06,0.00023187245264830002,0.0001701057601843721,4.609707578450335e-05,
new_4_3,0.1,128,,,2.6469672305727684e-05,,,4.298504369068858,58.253944,0.0,0.21196948,1.3552138,54.38344,-0.0068222284,0.20385414,1.4122475,56.99614,-0.00028336048,0.24279724,1.356223,53.87061,-0.006292343,0.2261091,1.3911005,314.941,-6.6704636,0.76398605,0.9354313,57.633675,-0.0001128912,0.21504578,1.3219552,310.13287,-6.8710475,0.75669974,0.93203497,314.87357,57.041843,310.31067,a2,1.43205988407135,-38.86436206812505,7.741709611645727e-06,1.1466387062099184e-05,0.0006322892239776,0.0004566242426478,0.00011856772767476459,
new_4_3,0.1,512,,,0.0003907985108411,,,3.560736465952594,51.292347,2.9802322e-07,0.19846524,1.4404866,56.25617,-0.008814573,0.22134583,1.3765965,51.0636,-3.5762787e-07,0.21645674,1.4359133,55.61828,-0.007815242,0.23401228,1.3731068,323.58798,-6.998852,0.8064581,0.9565306,57.19675,-0.009288549,0.22253795,1.3918239,315.2073,-7.0303383,0.76241153,0.9536226,323.39893,56.783104,315.3041,a2,1.3903863430023193,10.034896604338428,-2.16601251755848e-05,-5.46158847629778e-06,0.0009115326805219,0.0008324734609097,0.0002046721300669874,
new_4_3,0.1,2048,,,-0.0025259192774444,,,3.8603430982475375,53.688194,4.172325e-07,0.20039517,1.3908311,54.176712,-0.00017356873,0.21697555,1.4300838,53.371944,-4.2915344e-06,0.22414978,1.3785534,54.132015,-9.918213e-05,0.23294958,1.422405,314.2497,-7.4235516,0.770362,0.9419702,54.912437,-0.00022113323,0.210845,1.3930995,315.22046,-6.683538,0.7740309,0.94776386,313.97052,54.734104,315.31766,a2,1.4086406230926514,-0.22397989596356638,-3.127199712374211e-05,-6.366680957373106e-05,0.005126081448303,0.0026443463601967,0.0007042670012155676,
new_4_4,0.0001,32,,,,2.832384693544252,,2.934041822688647,39.54453,0.0012899637,0.25835684,1.3362994,56.41901,-0.033169746,0.23674577,1.419263,39.54313,0.0012902021,0.25836897,1.336229,56.41917,-0.033168435,0.2367472,1.4192728,323.24838,-7.245472,0.8311246,0.9717443,55.50292,-0.040309906,0.23522572,1.3664327,325.6192,-7.6034985,0.83822435,0.96966875,323.2485,55.50285,325.61884,a3,-0.5461946129798889,1.3185010213640669,4.9304347006954465,3.216599355201747,99.06135614840827,69.23030619734959,20.506745889839717,
new_4_4,0.0001,128,,,,-2.630652211838621,,4.2352618436114025,56.95814,0.0010763407,0.24262325,1.355288,53.787216,-0.0031772852,0.22574204,1.3889549,56.95738,0.0010766387,0.24263212,1.3553007,53.787144,-0.0031764507,0.22575876,1.3889452,315.92154,-6.750073,0.81295395,0.93829376,57.065113,-0.0010050535,0.24095152,1.303433,311.25696,-6.941298,0.80151355,0.93478185,315.92154,57.064957,311.25723,a3,-163.2660369873047,-159.79405111024408,2.8745969176328385,1.0488621975595973,39.46999784528969,34.26364355982895,10.08771489066549,
new_4_4,0.0001,512,,,,-3.836403240688656,,3.5793435243813816,51.04692,0.00064617395,0.21638913,1.4354424,55.639854,-0.00858748,0.23409806,1.3736272,51.047085,0.0006464124,0.21638675,1.4354489,55.639553,-0.0085862875,0.23410179,1.3736321,323.49496,-7.0131044,0.830204,0.9566828,56.790813,-0.010550618,0.24165988,1.3738983,315.3741,-7.0157843,0.81031865,0.95400333,323.4948,56.79073,315.37427,a3,-89.91028594970703,-89.7820614847897,3.2416886039888264,2.7009775574221457,38.60317540934818,36.74386103735624,9.757368381537097,
new_4_4,0.0001,2048,,,,-2.7857286304181144,,3.9019294095180017,53.35041,0.0007994771,0.22406547,1.3780012,54.47851,-0.0129565,0.2344521,1.4315162,53.350487,0.0007996559,0.22405966,1.3779991,54.478855,-0.012956262,0.23444216,1.4315188,313.85867,-7.398962,0.8052146,0.9416612,54.73312,-0.00016510487,0.23051895,1.3904616,315.26218,-6.742269,0.8097532,0.94713455,313.85846,54.73331,315.26233,a3,-908.1830444335938,-909.8971558737719,1.7815961493604249,2.6972764749761153,37.421590214025116,28.385051221047803,7.876712450049895,
new_4_4,0.001,32,,,,2.832381665746494,,2.933581075316074,39.55713,0.0012880564,0.25824746,1.3369334,56.418407,-0.033211708,0.23672324,1.4191948,39.543133,0.0012900829,0.258369,1.3362291,56.42,-0.033198714,0.23675068,1.4192936,323.25143,-7.245331,0.83099633,0.9717596,55.50442,-0.040357113,0.23521599,1.3664085,325.627,-7.603445,0.8380279,0.96968454,323.25284,55.503757,325.62317,a3,-0.5456604957580566,-1.1190119136617338,3.061977337112629,3.216598089041581,74.08515623612819,63.16736631349686,18.74017796869341,
new_4_4,0.001,128,,,,-2.6306517128439166,,4.236125386731102,56.965073,0.0010724664,0.24246885,1.3551744,53.788414,-0.0032031536,0.22555569,1.3890557,56.95738,0.0010766387,0.24263212,1.3553007,53.787663,-0.0031958818,0.22576095,1.3889586,315.91342,-6.7496467,0.81267375,0.93827003,57.066296,-0.0009936094,0.24083875,1.3035091,311.24655,-6.940952,0.8015372,0.93475634,315.9135,57.064682,311.24918,a3,-162.33377075195312,-159.88264276432935,3.507048238312941,1.0488549566462626,47.79868657769088,34.62666149139506,11.025951968630338,
new_4_4,0.001,512,,,,-3.8364069313808895,,3.579384181159137,51.045467,0.0006455183,0.21640867,1.435385,55.642582,-0.008596063,0.23406462,1.3735844,51.047085,0.0006464124,0.21638675,1.4354489,55.639515,-0.008584976,0.23410162,1.3736311,323.49576,-7.013171,0.8306161,0.9566814,56.79163,-0.010540962,0.24146743,1.37399,315.37228,-7.0161467,0.8101131,0.9539989,323.49445,56.790684,315.3739,a3,-89.7658462524414,-90.13357185837931,3.0858086241774556,2.7009902320746573,44.77969088255356,35.368465250615195,9.726985195868796,
new_4_4,0.001,2048,,,,-2.78572954038529,,3.901827071363556,53.34973,0.0007982254,0.22403608,1.3780202,54.47541,-0.012958884,0.23449714,1.4314934,53.350487,0.0007996559,0.22405966,1.3779991,54.47885,-0.012956023,0.23444214,1.4315187,313.86154,-7.399414,0.80535084,0.941662,54.731457,-0.00016582012,0.23044851,1.3904021,315.26166,-6.741956,0.80970114,0.94713974,313.8594,54.733322,315.2633,a3,-906.0806274414062,-906.7776121852121,1.748290998573965,2.9161287095627824,33.507762191412304,28.432228552919593,7.694417528121184,
new_4_4,0.01,32,,,,2.602925515341527,,2.926910345528813,39.68465,0.0013895631,0.25594145,1.343335,56.413593,-0.033602834,0.23601876,1.418544,39.54074,0.0014109015,0.25835338,1.3361483,56.427505,-0.03347373,0.23678218,1.4194825,323.27863,-7.243618,0.8297072,0.97190285,55.51933,-0.040748477,0.23489201,1.3661637,325.69547,-7.602254,0.8360442,0.9698134,323.2924,55.51078,325.65665,a3,-0.7000268697738647,-1.5895748124919418,2.787081471606749,2.717679423326806,65.10397567572258,58.1786360538614,17.654647930902374,
new_4_4,0.01,128,,,,-2.630663454706464,,4.244753028014478,57.039032,0.0010343194,0.24022046,1.3541523,53.804523,-0.0034668446,0.22348179,1.3901721,56.957462,0.0010737777,0.24263248,1.3553027,53.792942,-0.0033928156,0.22578311,1.389095,315.8326,-6.74515,0.80980515,0.93803453,57.0821,-0.000882864,0.23933378,1.3043623,311.14316,-6.9372187,0.79973775,0.9345026,315.83286,57.062027,311.1685,a3,-152.93319702148438,-150.6250980469296,3.2375229452281507,1.0487895631916486,41.813866530000844,33.853008329214816,10.507189456339994,
new_4_4,0.01,512,,,,-3.8364078912559143,,3.579798981013224,51.034473,0.00063860416,0.21621232,1.4349091,55.67285,-0.00868094,0.23358856,1.3732312,51.047085,0.0006464124,0.21638675,1.4354489,55.63914,-0.008571506,0.23410006,1.3736218,323.5044,-7.0136757,0.8316412,0.95666844,56.802624,-0.010442257,0.2395045,1.3749775,315.35422,-7.019536,0.8074612,0.95395535,323.49054,56.79026,315.37003,a3,-88.25934600830078,-88.66648409536286,3.8249746897480192,2.7009913086596935,52.91718283896875,39.42571423465773,10.633030660318976,
new_4_4,0.01,2048,,,,-5.569593631861041,,3.8862931415602993,53.35984,0.00028717518,0.22381346,1.3786479,54.11316,-0.00056290627,0.23283312,1.4225565,53.3642,0.00028580427,0.22411725,1.3783534,54.144466,-0.0005594492,0.23300317,1.4227321,313.80435,-7.399081,0.80361897,0.94141257,54.717655,-0.00015687943,0.22960253,1.3898792,315.22495,-6.737061,0.8075589,0.94709736,313.7827,54.733017,315.24075,a3,-17.855152130126953,-17.67587879537158,1.7761142927090452,2.972405177924979,32.06412731205123,23.589573460328303,7.617221255103974,
new_4_4,0.1,32,,,,2.603387029257845,,2.8808414367698187,41.35944,0.0011726618,0.23475178,1.4222077,56.571297,-0.037685633,0.22166245,1.4172212,39.54403,0.0012447834,0.25837487,1.3362594,56.512352,-0.0365839,0.23713821,1.4216169,323.61807,-7.2169275,0.80780494,0.97353977,55.878902,-0.045265317,0.21955673,1.3688856,326.51147,-7.5824356,0.81493616,0.9714918,323.72437,55.60363,326.08984,a3,-0.6300424337387085,-2.024192338263913,3.0607821008117253,2.718108602663815,70.06964166220963,55.30378681685751,16.801714696851132,
new_4_4,0.1,128,,,,-0.6171237171899336,,4.437811442271697,58.23066,0.0007992983,0.21188475,1.3546721,54.959354,-0.028259397,0.20601295,1.4272032,57.00151,-0.00047183037,0.24282011,1.3563509,54.45006,-0.02805686,0.22854121,1.4060637,315.46893,-6.6962,0.7652667,0.9369993,57.636574,-0.00021350384,0.2150566,1.3220217,310.3474,-6.881941,0.7572232,0.9326797,315.41614,57.045513,310.5252,a3,431.80224609375,399.5341612608172,3.345725524369086,1.04812348290551,41.4836193064358,36.643010462350176,10.639550595412357,
new_4_4,0.1,512,,,,-2.1046226748803343,,3.60231803104568,51.2766,0.0006143451,0.19840433,1.4400443,56.27955,-0.009653211,0.22143781,1.3771685,51.050114,0.0005276799,0.21639958,1.4355341,55.651917,-0.009034514,0.2341538,1.3739372,323.59265,-6.9990826,0.8064698,0.9565444,57.20253,-0.009492636,0.22256044,1.3919646,315.26337,-7.0331945,0.76254714,0.9537922,323.40375,56.78918,315.36014,a3,-75.34915161132812,-73.60596803112668,2.7562888558932355,2.700930370156968,38.6125745137612,33.2156786302276,9.11022258358922,
new_4_4,0.1,2048,,,,-5.313245801236097,,3.878013024463668,53.668797,0.00072288513,0.20032276,1.3903285,54.1313,0.0015023947,0.21679369,1.4288851,53.35475,0.00063991547,0.22407757,1.3781092,54.088943,0.0014915466,0.23276423,1.4212732,314.2611,-7.424163,0.77039,0.94200444,54.91257,-0.00022602081,0.2108455,1.393103,315.22885,-6.6839476,0.77405155,0.94778913,313.98242,54.73423,315.3261,a3,-302.87396240234375,-303.61112333324684,2.0320795036132067,2.9712954699024525,44.14931730484272,26.66256847614048,8.167200040010023,
new_5_1,0.0001,32,,0.0187045102732949,,,,2.4432951011100665,15.633314,0.0034941435,0.19519548,-7.197294,13.690348,-0.014698267,0.15160158,-5.2645817,15.633183,0.003500998,0.19519073,-7.1987257,13.690376,-0.014698267,0.15160266,-5.2645802,9.822928,-0.21742249,0.2049454,-3.1263287,2.392356,0.07835871,0.1763618,15.003251,1.9212291,-0.96465325,0.2478643,-5.1512737,9.822966,2.3923905,1.9211528,a1,1332.730224609375,1331.9997163137032,1.356189644292984,2.6561663850959807,38.56907810955279,22.14367454243356,6.501172151304808,
new_5_1,0.0001,128,,8.70478228157534,,,,0.1201237734118814,13.698838,-0.00458467,0.15815029,-6.1663876,14.843276,-0.036753654,0.1618173,-5.2446136,13.698596,-0.0045895576,0.1581507,-6.165636,14.84328,-0.036752343,0.16181424,-5.2446966,9.202357,-0.13771462,0.18235016,-3.0576296,2.530776,-0.08128166,0.18243727,143.02562,1.5724316,-0.23884451,0.19728413,-4.0053916,9.202375,2.5308151,1.5723385,a1,10.155540466308594,10.160454810669648,0.731523948023068,0.23693581830935223,23.515828365019242,20.7014869954314,6.207300007054814,
new_5_1,0.0001,512,,-0.0025742594067857,,,,-9.132890248856162,14.518922,-0.045366764,0.15515657,-4.29659,13.738404,-0.038574338,0.150353,-4.5551543,14.518919,-0.04536724,0.15515746,-4.29658,13.738409,-0.038576245,0.15035766,-4.555082,9.640736,-0.1840589,0.19840069,-2.9413238,2.413715,0.053192556,0.17357554,37.07727,1.695444,-0.45204425,0.21739495,-3.8772614,9.6407385,2.4137158,1.6953918,a1,15912.6181640625,15912.622714836289,1.2268635045155816,2.178482027956017,22.40926967678226,19.552944945843194,5.913900678565125,
new_5_1,0.0001,2048,,5.937753297514514,,,,-0.0200644970525155,12.886693,-0.022943735,0.14091171,-6.570641,13.359561,-0.04844129,0.14326873,-4.643185,12.886633,-0.022944331,0.14090888,-6.570551,13.359588,-0.04844284,0.1432623,-4.6431184,9.040954,-0.10932255,0.17921159,-3.2035086,2.571641,-0.0038644075,0.18732935,-17.187458,1.5059079,-0.10922849,0.19175883,-3.388506,9.041032,2.5715966,1.5059417,a1,0.332425057888031,0.33352396175112936,1.2318499290810023,1.1695125604889833,24.379378516320386,21.59976662865858,5.985970203484062,
new_5_1,0.001,32,,0.0187396277400796,,,,2.443267692744801,15.634179,0.0034726262,0.19523425,-7.184291,13.689846,-0.014659762,0.15158924,-5.264497,15.632864,0.0035416484,0.19518675,-7.198579,13.690115,-0.014659524,0.15159976,-5.26448,9.823393,-0.21761286,0.20495462,-3.126639,2.3919811,0.0785259,0.17653172,15.083492,1.9232309,-0.96558976,0.2480228,-5.1581717,9.8237505,2.3922784,1.9224108,a1,1332.74169921875,1332.2117731604521,1.3620956158867228,2.6561633871840056,38.56907726965844,22.14369840623018,6.518181605501373,
new_5_1,0.001,128,,8.704783129743454,,,,0.1200110898472438,13.70116,-0.00455904,0.15814818,-6.1732173,14.843243,-0.036765814,0.16184475,-5.243867,13.698727,-0.0046087503,0.15815222,-6.1656947,14.843278,-0.036751986,0.16181421,-5.2446957,9.202139,-0.13778341,0.18222223,-3.0566626,2.530323,-0.081162214,0.18236986,145.31313,1.5731462,-0.23863697,0.19781874,-4.0041084,9.2023,2.5306792,1.5721622,a1,10.143270492553711,10.15459175280759,0.6352190949164799,0.2381495859349349,23.515645454305215,20.701495981787197,6.1648742115516955,
new_5_1,0.001,512,,-0.0028458303687302,,,,-8.261200980113802,14.518962,-0.045363903,0.15514873,-4.2966814,13.738377,-0.038559318,0.15031122,-4.555814,14.518921,-0.04536748,0.15515748,-4.2965803,13.73841,-0.038576365,0.15035766,-4.555082,9.640713,-0.18407404,0.19841565,-2.9411917,2.413747,0.053181708,0.17343642,37.213593,1.6959649,-0.45200956,0.21749452,-3.8761024,9.640735,2.413717,1.6953855,a1,13021.181640625,13021.00489576219,1.2300608621408033,2.178497033094835,22.409156958845,19.552952422648957,5.911672681063148,
new_5_1,0.001,2048,,5.919426969656397,,,,-0.0192270911709676,12.887353,-0.022956729,0.14093024,-6.5715127,13.3594,-0.048440695,0.14332749,-4.6438107,12.886751,-0.022963166,0.14091018,-6.5706115,13.359669,-0.048455596,0.14326318,-4.643147,9.038892,-0.108968616,0.17924586,-3.2032642,2.5718756,-0.003720045,0.18779331,-17.201136,1.5040398,-0.10663462,0.19159143,-3.3895304,9.039666,2.571405,1.5043328,a1,0.3222295641899109,0.32215507221782824,1.2398950768540582,1.1689791965605383,24.379396523754046,21.681887005711687,6.020500485253574,
new_5_1,0.01,32,,0.0190908267974777,,,,2.4429936977601767,15.643483,0.003253162,0.19563085,-7.057167,13.685661,-0.014272571,0.15147503,-5.263968,15.629679,0.003947735,0.195147,-7.197112,13.687505,-0.01427269,0.15157086,-5.2634764,9.829258,-0.21945703,0.20448226,-3.130129,2.3930395,0.0798828,0.1758888,15.969397,1.9488733,-0.96387386,0.24995725,-5.2425117,9.831623,2.3911738,1.9350362,a1,1332.8582763671875,1332.7248192638308,1.4836185987578476,2.6561808052606293,38.569065803616404,21.02263458911795,6.398186404995342,
new_5_1,0.01,128,,8.704810579456145,,,,0.1188864752955703,13.725115,-0.004306793,0.15813558,-6.2425647,14.843468,-0.03688383,0.16179354,-5.236612,13.700036,-0.0048007965,0.15816733,-6.166284,14.843262,-0.03674984,0.16181403,-5.24469,9.2009325,-0.1384393,0.18097167,-3.0473468,2.529264,-0.07973826,0.18194686,173.2815,1.5855708,-0.23463655,0.19793828,-4.0047183,9.201558,2.5293274,1.5704083,a1,10.0210599899292,10.013788486669828,0.6363085673582917,0.23661304630251306,23.51550478824191,20.701470315381187,6.099246590513119,
new_5_1,0.01,512,,-0.0028452989721059,,,,-8.261201112642844,14.519946,-0.04533112,0.15507668,-4.2977753,13.738799,-0.038404226,0.14990222,-4.562649,14.518935,-0.045369506,0.15515763,-4.2965846,13.738424,-0.03857839,0.15035783,-4.5550866,9.641455,-0.18418372,0.19858536,-2.9401667,2.4180224,0.05290836,0.17233953,38.697063,1.7067428,-0.4474299,0.20843486,-3.8772385,9.640697,2.4137275,1.6953331,a1,13021.1884765625,13021.257539207909,1.2269161873075043,2.178509595549168,22.409204103087458,19.553189114307237,5.913937853616976,
new_5_1,0.01,2048,,5.919547339965624,,,,-0.0192107793182578,12.893347,-0.022896528,0.14094271,-6.5799294,13.357552,-0.0483042,0.1439152,-4.649998,12.886756,-0.022963881,0.14091022,-6.570614,13.359669,-0.048455596,0.14326318,-4.643147,9.032792,-0.10876036,0.17987926,-3.2059698,2.5790088,-0.0037654638,0.19054459,-17.371235,1.5064131,-0.10365975,0.19260256,-3.4481483,9.03967,2.5714042,1.5043329,a1,0.32078880071640015,0.32014275343865933,1.1880306878434674,1.1694457403618246,29.7458581373456,21.599700327598164,6.1450849151372715,
new_5_1,0.1,32,,0.0226074368707338,,,,2.4402788047891764,15.800799,0.00051802397,0.20047572,-6.0265484,13.727344,-0.010330319,0.15020931,-5.2908673,15.598065,0.007972956,0.19475228,-7.182555,13.661669,-0.010447264,0.15128475,-5.253541,10.008335,-0.23135471,0.18701467,-3.2037828,2.8420408,0.06693721,0.16220072,45.443287,2.6503599,-0.50870097,0.17733459,-7.3483653,9.911745,2.3818982,2.0655062,a1,1334.36181640625,1334.5729522598049,1.5510668411443436,2.6561852615825803,37.30460012384134,20.815726189605503,6.289972233262053,
new_5_1,0.1,128,,8.704784894519584,,,,0.1076259097541979,14.036021,-0.0020581484,0.15881947,-7.0516753,14.901234,-0.037781,0.15962695,-5.1844735,13.713232,-0.0067374706,0.15831968,-6.1722236,14.84319,-0.036739826,0.16181326,-5.2446647,9.286982,-0.14173758,0.16808695,-2.9886663,2.845844,-0.05125773,0.15919052,-209.71571,2.1406946,-0.11890018,0.16634075,-5.0209517,9.19428,2.5162287,1.5535982,a1,8.825303077697754,8.81284029288911,0.5501677526990999,0.23805561987291146,23.515570714093972,20.701608714672204,6.212847296112236,
new_5_1,0.1,512,,-0.0028399857466299,,,,-8.261202512920216,14.588797,-0.044624567,0.15299423,-4.3262315,13.813681,-0.036479115,0.14668311,-4.655933,14.519077,-0.04539013,0.15515915,-4.2966266,13.738563,-0.038599372,0.15035933,-4.555133,9.744505,-0.18100917,0.19457649,-2.9590032,2.8220625,0.038606107,0.14948742,72.87335,2.275235,-0.22530115,0.18082502,-4.875043,9.640313,2.413832,1.6948103,a1,13021.259765625,13021.297408499777,1.3102565827647232,2.1786395090135677,24.389169380591333,19.552954948997407,6.022560791360729,
new_5_1,0.1,2048,,5.92088404107225,,,,-0.0190536983044735,13.010597,-0.022104383,0.14169091,-6.6943464,13.3953285,-0.046536803,0.1419639,-4.7327633,12.886796,-0.022970319,0.14091067,-6.570634,13.359673,-0.048456073,0.1432632,-4.643148,9.057685,-0.104454756,0.17947042,-3.2644408,2.9153461,-0.0034662485,0.16449791,-21.13642,1.9578724,-0.046379447,0.1655644,-5.315601,9.039721,2.571398,1.5043443,a1,0.3064832091331482,0.3064263038442034,1.2347754433377431,1.08688048676043,24.379366947721536,21.698386627671418,5.991506444798794,
new_5_2,0.0001,32,,,-0.1379322417965348,,,0.0774384206093578,15.646405,0.0018245578,0.19535893,-7.2033215,13.711926,-0.017899394,0.15184054,-5.2728796,15.646264,0.001832664,0.19535406,-7.2047496,13.711952,-0.017899156,0.15184158,-5.272877,9.374553,-0.10881865,0.1955905,-2.983625,2.3936315,0.07737577,0.17645583,15.0112505,1.3809685,-0.015067935,0.17816344,-3.7027059,9.374589,2.393657,1.3808672,a2,5.2273101806640625,5.026758003623399,0.05069669475205085,-0.15457963397309837,34.54553503914809,21.991200596831373,6.738848067820395,
new_5_2,0.0001,128,,,-5.374901166464858,,,-0.1072025400749845,13.983792,-0.046812654,0.16144003,-6.2946568,15.003432,-0.059247255,0.16356327,-5.301202,13.983551,-0.046818852,0.16144052,-6.293892,15.003438,-0.059246063,0.16356021,-5.3012867,9.362269,-0.17759883,0.18551892,-3.110763,2.570001,-0.11505926,0.18526489,145.24239,1.7308991,-0.50112486,0.21716617,-4.4090495,9.36228,2.57004,1.730816,a2,-3.557070732116699,-3.5569091155618393,0.4997918916438973,0.9081993556451724,21.991223140073416,18.84957181626235,6.230152886406701,
new_5_2,0.0001,512,,,1.704713163948031,,,-0.1705180598050334,14.615852,-0.059371352,0.1561924,-4.3252745,13.8266735,-0.05196297,0.15131901,-4.584421,14.615849,-0.05937171,0.1561933,-4.325264,13.826676,-0.051964402,0.15132369,-4.5843477,9.7418165,-0.20901823,0.20048088,-2.972163,2.562549,-0.0671711,0.18427853,39.363525,1.8981063,-0.81992733,0.24338093,-4.340724,9.741819,2.5625749,1.8980577,a2,0.022040367126464844,-0.3633492901719067,0.0395785099420251,1.7046202572250597,21.991160666494,18.849577746659406,6.306110572979712,
new_5_2,0.0001,2048,,,-6.388345425871802,,,-0.0007271224037296,12.892509,-0.023867369,0.14097531,-6.573607,13.361946,-0.048815846,0.1432943,-4.644014,12.89245,-0.023868203,0.1409725,-6.5735173,13.361975,-0.048817396,0.1432879,-4.643948,9.036582,-0.10825002,0.17912494,-3.2019596,2.5724578,-0.0045021772,0.18738885,-17.192917,1.4979241,-0.09749806,0.1907422,-3.370541,9.03666,2.572415,1.4979628,a2,-0.028147801756858826,-0.028239377207621746,-0.07952219652480981,1.4436817425699995,21.991414489125333,21.99104693329235,6.193327730110713,
new_5_2,0.001,32,,,-0.1370229364990107,,,0.0775795929505004,15.647313,0.0017976165,0.19539827,-7.190326,13.711436,-0.017862558,0.15182832,-5.2727995,15.645897,0.0018795729,0.19534948,-7.2045803,13.711696,-0.017861009,0.15183873,-5.2727785,9.374003,-0.10875726,0.19557859,-2.983605,2.3932714,0.0775314,0.17662695,15.091628,1.3818232,-0.014693737,0.17820203,-3.7060974,9.374348,2.3934796,1.3807312,a2,5.238590240478516,5.238034731291918,0.05073443780338968,-0.1457942320259505,34.54937444654122,25.132783015890876,6.913313003886036,
new_5_2,0.001,128,,,-5.374911837767431,,,-0.1071020070775712,13.985838,-0.046737432,0.16143411,-6.301482,15.003243,-0.05923772,0.16358933,-5.3003926,13.983418,-0.046798825,0.16143899,-6.2938323,15.003289,-0.059225082,0.16355859,-5.301234,9.361949,-0.17764568,0.18538682,-3.1097465,2.569523,-0.114920735,0.18519516,147.56433,1.7313697,-0.5003257,0.2177149,-4.4068327,9.362054,2.5698802,1.7304914,a2,-3.5559234619140625,-3.5568894924131693,0.4997935190211758,0.9081980054688836,21.991224302240166,18.849568007360872,6.230153303575795,
new_5_2,0.001,512,,,1.7047107394689116,,,-0.1705151714672956,14.6158905,-0.059368372,0.15618451,-4.325366,13.826669,-0.05195117,0.15127721,-4.5850925,14.6158495,-0.05937183,0.15619332,-4.3252645,13.826676,-0.051964402,0.15132369,-4.5843477,9.741802,-0.20903587,0.20049617,-2.972032,2.5623515,-0.066990495,0.18411419,39.504677,1.8985846,-0.81968236,0.24347894,-4.3391867,9.741814,2.5625727,1.8980489,a2,0.022121131420135498,0.01171246371017568,0.039580676654427514,1.7046178796234217,21.99115069876504,18.849580854619017,6.306111720879507,
new_5_2,0.001,2048,,,-6.388343371864431,,,-0.0007272851797985,12.89305,-0.023861408,0.14099254,-6.574418,13.361707,-0.048802733,0.14335224,-4.644613,12.89245,-0.023868203,0.1409725,-6.5735173,13.361975,-0.048817396,0.1432879,-4.643948,9.035889,-0.10823178,0.17918631,-3.2022,2.5728707,-0.004496932,0.18786597,-17.207792,1.4976246,-0.09721446,0.19077425,-3.3750732,9.03666,2.5724156,1.497963,a2,-0.028155669569969177,-0.028129700239112435,-0.079505442642609,1.4438050083584595,21.991700592194043,21.99109971365487,6.193324668407552,
new_5_2,0.01,32,,,9.270346125300142,,,-0.0790986593638056,15.659044,0.0012691617,0.19582546,-7.064187,13.708234,-0.01762104,0.15172486,-5.2726502,15.644205,0.0020954013,0.19532835,-7.203801,13.709992,-0.017608166,0.15181988,-5.272124,9.373294,-0.1089437,0.19499664,-2.9849272,2.3952692,0.0781675,0.17605269,15.984276,1.4004749,-0.014137983,0.17962115,-3.7673082,9.375458,2.392486,1.381669,a2,5.290496349334717,5.26347414339455,-0.012187495340925593,-0.15460028864964132,34.557415387333805,21.99133538543814,6.915090164663999,
new_5_2,0.01,128,,,-5.374915615294537,,,-0.106097474626518,14.007002,-0.045983434,0.16138336,-6.3707747,15.001889,-0.05913472,0.16352034,-5.2925014,13.9820795,-0.046598434,0.16142353,-6.2932296,15.001797,-0.05901432,0.16354232,-5.3007064,9.359724,-0.17807317,0.18409492,-3.0999384,2.568147,-0.113191605,0.18474397,175.94539,1.7409037,-0.4883921,0.21732962,-4.397047,9.359798,2.5682726,1.7272602,a2,-3.543917655944824,-3.5439119512370127,0.49979575720708186,0.9082007496399285,21.991237401399914,18.849561649276403,6.2301519637506555,
new_5_2,0.01,512,,,1.7048272398657722,,,-0.1704404956331988,14.616806,-0.059324265,0.15611117,-4.3264446,13.827264,-0.05182004,0.15086746,-4.5920277,14.615795,-0.05936396,0.15619273,-4.3252482,13.82663,-0.05195737,0.15132317,-4.584332,9.742484,-0.209131,0.20066626,-2.9709756,2.564017,-0.06491089,0.182745,41.033504,1.9081345,-0.80916977,0.2330297,-4.334744,9.741638,2.562462,1.8977556,a2,0.024279505014419556,-0.4479372683677554,0.10241352545950805,1.7046193832013181,25.132752558964782,20.498892243916636,6.432073150474144,
new_5_2,0.01,2048,,,-6.38832031022984,,,-0.0007285917914885,12.899037,-0.023799658,0.14100492,-6.5828333,13.359866,-0.04866743,0.14394014,-4.650804,12.892452,-0.023868442,0.14097251,-6.5735183,13.361977,-0.048817754,0.14328791,-4.643949,9.029815,-0.108029485,0.17981997,-3.2049131,2.5798671,-0.004433632,0.19060801,-17.377016,1.4996121,-0.09371698,0.19173302,-3.432581,9.036661,2.5724182,1.4979641,a2,-0.02822200581431389,-0.02811197237746843,-0.07949248775991886,1.4438188191066614,21.99140394848139,21.9909259727376,6.193349912890644,
new_5_2,0.1,32,,,18.69508128772647,,,0.0935400459934817,15.829331,-0.0030947924,0.20083773,-6.037431,13.754045,-0.014264584,0.15050149,-5.3011584,15.61455,0.005875051,0.19495809,-7.1901455,13.687538,-0.014277577,0.15157123,-5.2634892,9.469654,-0.10237098,0.17694893,-3.031345,2.8482857,0.06283206,0.16255714,45.54314,2.1530426,0.004368365,0.14405927,-5.9695077,9.363772,2.378437,1.3763376,a2,6.1923604011535645,6.209535270533108,0.41087047441536995,1.4161506845262184,40.840765283921954,28.274341216767937,7.3103083254967,
new_5_2,0.1,128,,,7.191552138647191,,,-0.0960342034350572,14.288816,-0.038478136,0.16167988,-7.178679,15.043352,-0.05767083,0.16114937,-5.2339196,13.968704,-0.04459703,0.16126911,-6.2872095,14.986877,-0.056909084,0.16337967,-5.295435,9.433506,-0.17804897,0.17073892,-3.0358198,2.877437,-0.07472837,0.16095778,-212.04387,2.24477,-0.23034132,0.17442784,-5.2650585,9.337349,2.5524795,1.6955601,a2,-3.400564432144165,-3.4126225984735132,0.43695359832462466,0.9081952477600594,21.991187820603955,18.849565643233312,6.273309949919209,
new_5_2,0.1,512,,,-7.720082026733865,,,0.1701493232182568,14.685105,-0.0584625,0.15400423,-4.354791,13.903856,-0.050055623,0.14764066,-4.6863265,14.615777,-0.05936134,0.15619254,-4.325243,13.826615,-0.051955223,0.15132302,-4.584327,9.845167,-0.20553517,0.19658649,-2.9895701,2.9282687,-0.035118103,0.15511326,75.61588,2.430856,-0.39864886,0.19319306,-5.208485,9.741111,2.5622036,1.8968145,a2,0.033376723527908325,0.1251816527875736,0.3537398927025587,1.7046217764576572,40.840695973950396,21.991136685773547,6.8316032163259,
new_5_2,0.1,2048,,,-6.388098275081979,,,-0.000734313427987,13.016171,-0.022980332,0.14175162,-6.6972146,13.397696,-0.04690671,0.14198898,-4.7335997,12.892461,-0.023869753,0.14097261,-6.5735226,13.361986,-0.048819184,0.14328802,-4.6439524,9.054968,-0.10379219,0.17941658,-3.2634616,2.9149184,-0.0031716824,0.16447377,-21.133318,1.9496,-0.037555814,0.16486485,-5.2931414,9.036667,2.5724294,1.4979692,a2,-0.028602268546819687,-0.028580094257016044,0.10900418273344485,1.4438474693150698,37.69938134258256,21.991076092654954,6.637572861349521,
new_5_3,0.0001,32,,,,6.677728503782255,,-0.0725625617610875,15.624443,0.0046247244,0.19508472,-7.1932106,13.230834,0.052274823,0.1465131,-5.087877,15.624331,0.0046291947,0.19508022,-7.19465,13.230867,0.05227399,0.1465142,-5.087878,8.562008,0.07506621,0.17863758,-2.7250175,6.270471,-5.3315587,0.4622521,39.32419,5.213997,-13.470021,0.6726755,-13.979969,8.562035,6.270576,5.2139688,a3,0.11558695882558823,0.1189782218935165,-84.43458526040098,6.878361002937607,298.8377525873759,289.96963081554566,118.31591049244426,
new_5_3,0.0001,128,,,,6.671263261212422,,-0.0706967826057875,13.478007,0.027543008,0.15560083,-6.0669827,14.216105,0.04900688,0.15498005,-5.0230136,13.477747,0.02754134,0.155601,-6.0662336,14.216116,0.049007237,0.1549772,-5.0230956,8.317362,0.070592225,0.16481346,-2.7635758,6.009584,-5.0970564,0.43321577,339.6288,5.0300927,-11.677258,0.63109744,-12.812953,8.317385,6.009636,5.0301166,a3,0.11987370252609253,0.1388600869749913,-6.801351362563773,6.852645153207144,241.59105560748702,214.57777761505938,86.19507188711849,
new_5_3,0.0001,512,,,,6.67413514232205,,-0.1008225110019121,13.759367,0.061148584,0.14703958,-4.071814,12.897674,0.08464885,0.14115205,-4.2763987,13.75937,0.06114745,0.14704049,-4.0718064,12.897669,0.08464843,0.14115632,-4.2763276,8.337993,0.11432165,0.17159101,-2.5438657,8.260233,-10.088538,0.5940115,126.886116,7.3542047,-26.32023,0.9429783,-16.818115,8.337999,8.260247,7.35423,a3,0.2729717195034027,0.27118668846335997,-111.12484088715941,7.179766393177287,384.3997957871018,336.95022746224686,141.23367808108028,
new_5_3,0.0001,2048,,,,6.675394932167602,,-0.0607664970565885,12.46426,0.043022394,0.13629255,-6.355252,12.882107,0.025159538,0.13814849,-4.4772434,12.4642,0.043022156,0.13628979,-6.3551636,12.8821335,0.025158107,0.13814229,-4.4771795,8.349664,0.05383408,0.1655087,-2.9585617,5.2741995,-3.2224789,0.3841953,-35.249897,4.321623,-8.135196,0.5503055,-9.724263,8.349739,5.274173,4.3215437,a3,0.08353546261787415,0.08116948267706943,1.7812156119366174,7.176244752107734,121.75683795259587,115.99043211064878,45.118001083940975,
new_5_3,0.001,32,,,,6.677721984480872,,-0.0726979908460771,15.625277,0.00460726,0.19512308,-7.1802,13.229589,0.052419722,0.14649276,-5.087503,15.624139,0.0046536922,0.19507782,-7.1945615,13.229908,0.052411377,0.14650358,-5.087509,8.560484,0.075338185,0.17860538,-2.7246737,6.2791576,-5.349952,0.46341106,39.595474,5.2243814,-13.5044,0.6737442,-14.011971,8.560742,6.2801914,5.2240796,a3,0.11601882427930832,0.10518383034895666,-85.7118379234081,6.878365225652537,314.6883091180323,286.5369360545034,119.84174725821629,
new_5_3,0.001,128,,,,6.671266370219349,,-0.0706304936890934,13.480618,0.027520776,0.15560251,-6.073849,14.216528,0.048935056,0.1550113,-5.0224595,13.478004,0.027504086,0.15560398,-6.0663495,14.216629,0.048938632,0.15498279,-5.023277,8.317777,0.070399165,0.16470996,-2.7629051,6.004452,-5.0881553,0.43276337,344.8278,5.025002,-11.638,0.6318799,-12.790072,8.318001,6.004961,5.025221,a3,0.11964897811412811,0.14466217989212923,-7.045515765098811,6.852643788795238,247.19675984563565,215.0258115018255,87.10176942082771,
new_5_3,0.001,512,,,,6.6741352652159325,,-0.100820625675092,13.759372,0.061155617,0.1470318,-4.0718913,12.897732,0.08464998,0.14111374,-4.2770452,13.759381,0.0611459,0.1470406,-4.07181,12.897682,0.08464652,0.14115646,-4.276332,8.337963,0.11431253,0.17160374,-2.5437484,8.259977,-10.087683,0.59350914,127.34699,7.353845,-26.300129,0.9430743,-16.807102,8.338014,8.260108,7.354086,a3,0.2729615271091461,0.31486561550209485,-110.72027693510604,7.179766340162954,334.9793201541947,329.03231219861635,139.74878760803324,
new_5_3,0.001,2048,,,,6.675395082637449,,-0.060761540281514,12.46484,0.043019295,0.13630983,-6.3560653,12.881907,0.02516675,0.13820466,-4.477832,12.46423,0.043017566,0.13629012,-6.355179,12.882166,0.0251531,0.13814265,-4.477191,8.34904,0.053845823,0.16556574,-2.9587898,5.274119,-3.220972,0.38510582,-35.274193,4.3219852,-8.138021,0.55055416,-9.740102,8.349784,5.273833,4.321178,a3,0.08352184295654297,0.06811427370195171,1.6070194604498058,7.176244743511294,140.62335130650362,118.27428709533861,45.628265786021295,
new_5_3,0.01,32,,,,6.6776570566900775,,-0.0740522597179674,15.63425,0.0044294,0.19551538,-7.0530014,13.218033,0.053857148,0.14629924,-5.084102,15.622253,0.0048938394,0.19505428,-7.193693,13.220366,0.053777874,0.14639792,-5.0838394,8.546738,0.07801092,0.17780145,-2.7217102,6.3679504,-5.5154243,0.46804544,42.49505,5.330297,-13.690926,0.6836496,-14.338615,8.547893,6.3764896,5.325254,a3,0.12038164585828781,0.12741502551722883,-85.03221962495907,7.181036070630427,320.5033331966651,304.28061597476267,120.02761291564752,
new_5_3,0.01,128,,,,6.671296826339995,,-0.0699676861086628,13.507445,0.027295649,0.15562767,-6.143563,14.221344,0.048211098,0.1550124,-5.0171337,13.480601,0.027129292,0.15563396,-6.067518,14.221771,0.048250437,0.15503885,-5.025094,8.323036,0.068442404,0.16370447,-2.7565877,5.954645,-4.9846945,0.42835742,407.95654,4.9758277,-11.159018,0.6211686,-12.56758,8.324178,5.9582553,4.976288,a3,0.11741392314434052,0.09082392483692943,-6.176646260888703,6.852625618496392,241.96560884837834,216.05571738202644,85.90438959012684,
new_5_3,0.01,512,,,,6.674136090337232,,-0.1008017950931694,13.760039,0.061221242,0.14696068,-4.0728493,12.899077,0.084652126,0.14074014,-4.283777,13.7595005,0.06112963,0.14704187,-4.071845,12.897819,0.08462721,0.14115795,-4.276377,8.338779,0.11419344,0.17175412,-2.5429153,8.258576,-10.047952,0.58861285,132.16695,7.3515453,-25.854597,0.89780277,-16.70064,8.338156,8.258717,7.352646,a3,0.2728595733642578,0.2371142719348364,-113.03788444552582,7.17976510049364,379.78593784283333,335.0819985766697,142.76063646374547,
new_5_3,0.01,2048,,,,6.675397241121599,,-0.0607120215900846,12.471224,0.0429855,0.1363283,-6.364505,12.880497,0.02523756,0.13877538,-4.483927,12.464522,0.042972624,0.13629332,-6.355328,12.882498,0.025102854,0.1381462,-4.4773064,8.343731,0.053949654,0.16615728,-2.9614043,5.274718,-3.1987991,0.38971132,-35.52852,4.3273354,-8.10727,0.55327183,-9.905181,8.350232,5.2704415,4.317528,a3,0.08338575810194016,0.08001678566124583,1.649595302598383,7.176241310770262,128.17010884297022,122.24890144210653,46.527959294229085,
new_5_3,0.1,32,,,,6.677022829268476,,-0.0875961595335145,15.787993,0.002137363,0.20031326,-6.021664,13.191961,0.06694102,0.14435098,-5.0845175,15.606614,0.0068852305,0.19485901,-7.1864915,13.128672,0.06685805,0.14538252,-5.048579,8.559186,0.09941548,0.15993603,-2.7398937,7.4206567,-5.3611403,0.42351112,118.65383,6.5566216,-8.233232,0.4387011,-18.178833,8.427281,7.3522234,6.3428116,a3,0.16844332218170166,0.13911838554603462,-104.437989631075,7.1818560529251645,357.06036476974253,352.92383701643115,140.61036955302345,
new_5_3,0.1,128,,,,6.671605266551724,,-0.0633398610596474,13.847061,0.024740756,0.15668136,-6.956742,14.328623,0.040444314,0.15349294,-4.985249,13.50748,0.02324605,0.15594426,-6.079616,14.274055,0.041239858,0.15560882,-5.0435677,8.485161,0.046902776,0.15357463,-2.7306304,5.619762,-3.0994234,0.31435767,-414.13104,4.674146,-4.3344107,0.36320034,-10.963106,8.387645,5.4955225,4.489257,a3,0.09622297435998917,0.0769747876195072,-6.657998054117104,6.852447183124026,223.86028113488857,200.37633226943876,80.63600218313444,
new_5_3,0.1,512,,,,6.674144416789589,,-0.1006134808104883,13.82899,0.061353087,0.14502606,-4.1009145,12.987671,0.083770394,0.13791198,-4.3775244,13.7606945,0.06096661,0.14705464,-4.0721984,12.899187,0.0844329,0.14117293,-4.2768307,8.457299,0.11039519,0.1688738,-2.5681322,8.359663,-7.4361763,0.44281954,215.8693,7.4568915,-12.161516,0.59263885,-15.977544,8.339577,8.244805,7.338247,a3,0.27184104919433594,0.28095741403901664,-107.91186099464416,7.179753530214228,374.1638863580637,343.1645335102382,137.7438417678506,
new_5_3,0.1,2048,,,,6.675421325151079,,-0.0602168116848739,12.59427,0.042261958,0.13715693,-6.480133,12.924701,0.025708854,0.13697617,-4.5664835,12.467453,0.04252249,0.13632536,-6.3568225,12.885823,0.024599493,0.13818187,-4.478462,8.383502,0.0538404,0.16611205,-3.0214615,5.419185,-2.4672923,0.3057766,-39.28939,4.5471225,-4.644088,0.38452026,-12.345386,8.354726,5.236567,4.2810426,a3,0.0820309966802597,0.0521843615353359,1.0723357965234839,7.1762141297381286,129.31182928599205,116.02033605890533,44.13436607908804,
new_5_4,0.0001,32,,,,,-0.0452487670720759,-0.9805298307007704,15.645494,0.0019407272,0.19534756,-7.202902,13.257083,0.04851067,0.14680378,-5.097971,15.645381,0.0019453168,0.19534303,-7.204343,13.257116,0.048509896,0.14680488,-5.097972,8.649979,0.055962026,0.180473,-2.7530158,6.591345,-5.9961376,0.48590654,41.33649,5.554792,-15.423403,0.7166426,-14.893723,8.650004,6.5914497,5.5547647,a4,4.77021598815918,5.252639709851792,0.7265966511384767,-0.045085965608251746,9.86901662045878,9.257131842260966,2.4719139692355925,
new_5_4,0.0001,128,,,,,-0.0033841747185232,-0.9453386340013048,13.501514,0.024147868,0.15587223,-6.0775642,14.26847,0.041988075,0.15555091,-5.041516,13.501252,0.024146378,0.15587236,-6.076813,14.268479,0.04198861,0.15554804,-5.041598,8.454698,0.03964615,0.16753484,-2.809208,6.3968906,-5.908269,0.46113575,361.51727,5.442915,-13.843502,0.6828919,-13.864518,8.454722,6.396942,5.4429398,a4,4.558929920196533,3.8355819924618118,-0.42034347332534616,-0.00335981764696305,9.006611096259439,8.482852130217767,1.8261190470040782,
new_5_4,0.0001,512,,,,,-0.0541019867804525,-1.3557554147534454,13.79605,0.056135833,0.1474316,-4.0826697,12.93795,0.07892299,0.14159283,-4.289753,13.796052,0.05613488,0.14743249,-4.0826616,12.937945,0.07892263,0.14159712,-4.2896814,8.457426,0.08876705,0.17404887,-2.580304,8.647782,-11.153439,0.621881,132.8393,7.7578783,-29.40177,0.9947386,-17.741266,8.457434,8.647797,7.757904,a4,9.900882720947266,9.699619482717026,-0.05409452316935032,-0.0540948731081042,6.695452575460059e-05,2.306560636610583e-05,6.053753009018866e-06,
new_5_4,0.0001,2048,,,,,-0.0012793092911062,-0.8201529060898679,12.494457,0.038379848,0.13662274,-6.370649,12.9124775,0.020557463,0.13847418,-4.4877987,12.494397,0.03837949,0.13661999,-6.37056,12.912504,0.020556033,0.13846798,-4.487735,8.461696,0.028273225,0.16772942,-2.9982584,5.6416435,-3.8313189,0.41096148,-37.705696,4.722916,-9.910499,0.6014052,-10.62723,8.46177,5.641618,4.7228365,a4,3.181631326675415,3.261114812858068,-0.07828175712238944,-0.00123768215826895,17.86760935699774,7.559085637437272,1.8573779704623934,
new_5_4,0.001,32,,,,,-0.0450943929623092,-0.9823688303935684,15.646409,0.0019129515,0.19538698,-7.189911,13.255945,0.04864043,0.1467846,-5.097638,15.645271,0.0019593239,0.19534168,-7.2042923,13.2562685,0.04863161,0.1467955,-5.0976458,8.648818,0.056157053,0.18044837,-2.7527893,6.601262,-6.0181336,0.48718286,41.626617,5.566411,-15.4657135,0.7178529,-14.929306,8.649068,6.602299,5.566125,a4,4.788125991821289,4.813910862822013,0.7266004146439312,-0.04508581480109505,9.868864421542566,9.257098718731916,2.4719146868552633,
new_5_4,0.001,128,,,,,-0.0033791193500184,-0.9444472632661624,13.504112,0.02412802,0.15587372,-6.084435,14.268858,0.041920543,0.15558188,-5.0409465,13.50149,0.024112105,0.1558751,-6.07692,14.26895,0.04192537,0.15555318,-5.0417643,8.454976,0.039479017,0.1674268,-2.8084786,6.39133,-5.897971,0.46064708,367.04565,5.4373865,-13.797429,0.68373615,-13.839709,8.455211,6.3918324,5.437619,a4,4.550336837768555,4.679555814846026,-0.4203433079578106,-0.00335980750310615,9.00661500260017,8.482859056204338,1.826120109902049,
new_5_4,0.001,512,,,,,-0.0541407308090399,-1.355708849923137,13.796048,0.05614394,0.14742371,-4.0827456,12.937997,0.07892591,0.14155428,-4.2903976,13.796049,0.056135297,0.14743246,-4.082661,12.937944,0.07892275,0.1415971,-4.289681,8.457326,0.088772714,0.17406034,-2.5801637,8.647216,-11.151664,0.6213336,133.31718,7.757197,-29.377035,0.9948011,-17.728956,8.457389,8.64735,7.7574415,a4,9.900201797485352,10.066792015095416,-0.054094831296081114,-0.054094940802372496,6.991257058600042e-05,2.3817251532193273e-05,6.986953514285885e-06,
new_5_4,0.001,2048,,,,,-0.0013703387887527,-0.8200710561728168,12.495008,0.03838122,0.13663974,-6.3714485,12.912253,0.02056849,0.13853024,-4.48838,12.494404,0.038378477,0.13662006,-6.370564,12.912517,0.020554304,0.1384681,-4.487739,8.460985,0.028303325,0.16778567,-2.9984617,5.6411967,-3.8289776,0.41190913,-37.72927,4.722901,-9.911973,0.6016246,-10.643612,8.461727,5.6409225,4.7220907,a4,3.1809964179992676,3.2955302913251217,-0.07828282284626784,-0.00123828786044405,17.86760790549345,7.559098862048615,1.8573780295777156,
new_5_4,0.01,32,,,,,-0.0451127563077952,-1.0006493560552727,15.655785,0.0016849041,0.19578469,-7.0627165,13.244883,0.05000937,0.14659642,-5.0944295,15.643787,0.0021486282,0.19532314,-7.203609,13.247255,0.04992491,0.14669569,-5.09418,8.636911,0.058453143,0.17967737,-2.750426,6.696687,-6.205488,0.49220765,44.688797,5.6786313,-15.673765,0.728326,-15.275642,8.638,6.705347,5.6738677,a4,4.967984199523926,4.782265733638269,0.7266069002973253,-0.04508604787271745,9.8689026315213,9.257035372664951,2.471931983043606,
new_5_4,0.01,128,,,,,-0.0033972892360806,-0.935578714388454,13.530797,0.023929596,0.15589671,-6.154184,14.273273,0.041247427,0.15557843,-5.035454,13.503848,0.023771107,0.15590234,-6.0779815,14.273615,0.041298866,0.15560402,-5.043412,8.458754,0.03781426,0.16637388,-2.8015373,6.337188,-5.7783403,0.45587626,434.1648,5.3837514,-13.234357,0.6720927,-13.597884,8.460007,6.34082,5.384482,a4,4.465280532836914,4.269563191883208,-0.4203444152179224,-0.00335971944434265,9.006626758471867,8.482931325833885,1.8261295605479069,
new_5_4,0.01,512,,,,,-0.0541056574248333,-1.3554804148507498,13.796781,0.05620116,0.14735308,-4.0837245,12.939363,0.07892573,0.14117968,-4.297156,13.796171,0.056118548,0.14743376,-4.082697,12.938084,0.07890296,0.14159863,-4.289727,8.458032,0.08867651,0.17421035,-2.5792813,8.645957,-11.108703,0.6162226,138.36644,7.7550287,-28.883274,0.94707793,-17.61724,8.457555,8.646182,7.756238,a4,9.896865844726562,9.878080277303525,-0.0540941225423475,-0.05409509532019035,9.696982681520194e-05,2.409909449400255e-05,8.29393111836543e-06,
new_5_4,0.01,2048,,,,,-0.0012654331974997,-0.8194310799540836,12.501335,0.03835851,0.13665746,-6.379872,12.910795,0.020646274,0.13910182,-4.4944744,12.494689,0.03833455,0.13662317,-6.370709,12.912839,0.02050531,0.13847156,-4.487851,8.455664,0.028396428,0.16838631,-3.0011322,5.6416583,-3.8033051,0.41682196,-38.00009,4.7282357,-9.872897,0.60452896,-10.822833,8.462162,5.637592,4.718548,a4,3.1760334968566895,3.1406067932948645,0.0071019493205414005,-0.00123750377011955,17.86760385958834,15.53626366703936,2.0465714091725746,
new_5_4,0.1,32,,,,,-0.0451093634896212,-1.1835924621889662,15.813508,-0.0010905266,0.20063697,-6.0313954,13.223564,0.06246525,0.14469679,-5.096698,15.632224,0.0036232471,0.19517876,-7.198284,13.160934,0.06226611,0.1457398,-5.0609856,8.666479,0.07669556,0.16194089,-2.7742393,7.8090343,-6.0444155,0.4456766,124.86386,6.9595428,-9.402911,0.4656604,-19.295969,8.535589,7.7495565,6.7581954,a4,6.950575828552246,8.039463011755288,0.6463915405240104,-0.04508576566301285,9.869095257192521,8.898112766615743,2.3590115073870876,
new_5_4,0.1,128,,,,,-0.0034041048645764,-0.84697947411149,13.8687725,0.021680117,0.15692702,-6.9676495,14.376283,0.034050345,0.1540035,-5.001831,13.5283785,0.020221233,0.15618554,-6.089022,14.32113,0.034905493,0.15612201,-5.060201,8.604859,0.019822657,0.15574108,-2.769151,5.950745,-3.5965257,0.33287215,-438.52182,5.024766,-5.1647234,0.39044493,-11.785478,8.509882,5.83591,4.8563113,a4,3.659602642059326,3.542242183129929,-0.4203697116197901,-0.0033599097207069,9.006164238690639,8.48355352480064,1.8262211322351132,
new_5_4,0.1,512,,,,,-0.0541424851057264,-1.3529172613959537,13.866123,0.056305468,0.14541547,-4.111926,13.027832,0.0780952,0.13833843,-4.391061,13.797285,0.05596608,0.14744566,-4.083027,12.939366,0.07872033,0.14161268,-4.2901525,8.573414,0.08579993,0.17119235,-2.6033914,8.740011,-8.221298,0.46296695,225.69092,7.8516283,-13.591829,0.6240107,-16.823328,8.45868,8.63113,7.740698,a4,9.85947322845459,10.286323174568679,-0.05409572566060611,-0.054095106927066,6.474048901479457e-05,2.4656826207301863e-05,6.748640719585845e-06,
new_5_4,0.1,2048,,,,,-0.0012333721520887,-0.8127605922815918,12.62349,0.03781259,0.13747516,-6.495168,12.954236,0.021250904,0.13728918,-4.5769186,12.497365,0.03792268,0.13665244,-6.3720737,12.915909,0.02003944,0.13850449,-4.4889183,8.493273,0.028900743,0.16828707,-3.0610235,5.771966,-2.933417,0.3256822,-41.84707,4.930076,-5.634799,0.41690412,-13.3851,8.465703,5.600179,4.6786623,a4,3.1245360374450684,3.1007617735667736,-0.07828260274307625,-0.0012372090525969502,17.867550931404608,7.559198488599865,1.8573808738394955,
new_6_1,0.0001,32,,7.251526927120124,,,,-4.241151025042747e-09,13.161013,0.09891409,0.16936041,7.1156034,15.055145,-0.038390994,0.10434693,7.6370263,13.161244,0.0989117,0.16935803,7.1144958,15.055144,-0.038390517,0.10434664,7.6370764,6390.0405,-1290.5442,7.7236905,75.16878,5.3685894,-0.48760033,0.12155813,5.133877,6402.1934,-55456.594,45.845367,553.4954,6390.0405,5.368582,6402.1934,a1,65.91231536865234,65.41714807587728,0.2378254832870541,8.27519708943117e-08,17.007479030259468,13.212998683314055,2.369376961720872,
new_6_1,0.0001,128,,2.6133348471589857,,,,-0.0007891396879785,11.231513,0.0064863563,0.12791622,-11.27432,13.445625,-0.011029601,0.093471274,8.700671,11.2315,0.006487608,0.12791784,-11.275097,13.445653,-0.0110298395,0.09347065,8.700689,205.98183,-0.30101538,0.24057621,2.530558,4.8183355,-0.11665082,0.097550765,5.272523,41.219032,-0.98142624,0.29632878,3.7332551,205.98186,4.8183227,41.218987,a1,-7.167342662811279,-7.115584082410882,0.1898314701798882,-8.200011793238774e-08,17.008544972914834,13.225834033680528,2.381817429019309,
new_6_1,0.0001,512,,5.912491757105974e-05,,,,0.9365225484203112,16.025625,4.7683716e-07,0.11477701,11.408816,14.646856,-1.7881393e-06,0.104890704,10.579037,16.025587,4.7683716e-07,0.11477851,11.409167,14.646811,-1.7881393e-06,0.10489017,10.578982,187.90111,-0.18003392,0.21943727,2.512084,4.881055,-0.0034601688,0.10682824,4.3677907,29.382214,-0.12016177,0.21802649,2.664219,187.9012,4.881052,29.382246,a1,16.006141662597656,16.091485747438128,0.21315960713082874,1.832014177396395e-07,17.00954992175928,13.230772316198195,2.391950046670798,
new_6_1,0.0001,2048,,0.0001318012106071,,,,1.2338407446095607,15.640809,3.2186508e-06,0.10689399,8.450867,14.224931,-0.00073826313,0.105699465,9.716803,15.640811,3.2186508e-06,0.10689514,8.450681,14.224945,-0.00073838234,0.10570091,9.716876,189.27762,-0.17580259,0.2267406,2.5223417,4.7292852,-0.023510337,0.10905005,4.1733084,30.748478,-0.13295269,0.22317494,2.4827216,189.2777,4.7293625,30.748562,a1,23.91472816467285,23.754101420081497,0.2132415268102353,8.905811523117943e-07,17.008898077254504,13.224362384541923,2.3611506367342887,
new_6_1,0.001,32,,7.251526928605567,,,,-4.242334441364968e-09,13.158807,0.09895235,0.1693802,7.125523,15.0552435,-0.038405538,0.10435015,7.636621,13.161119,0.09892887,0.16935644,7.1144285,15.055221,-0.038401127,0.10434717,7.637115,6391.8027,-1291.2538,7.725798,75.19018,5.3690176,-0.4875511,0.12154936,5.1340723,6403.977,-55487.586,45.864155,553.6923,6391.803,5.368925,6403.977,a1,66.14031982421875,65.65726560868477,0.23782518070702463,-1.428846105334781e-08,17.00747903010072,13.21299864794777,2.36937698987887,
new_6_1,0.001,128,,2.613334819305161,,,,-0.0007896372371792,11.231589,0.0064834356,0.12790103,-11.267288,13.445376,-0.011026859,0.093476914,8.700506,11.231453,0.006495893,0.12791732,-11.27505,13.445648,-0.011029005,0.09347061,8.7006855,205.98703,-0.30108547,0.24057856,2.5306134,4.8185873,-0.116701365,0.09754546,5.2717366,41.227505,-0.9821973,0.2963835,3.7338738,205.98721,4.8184423,41.227036,a1,-7.168770790100098,-7.087578371793654,0.18983261635898405,1.072220914230288e-07,17.00854497267905,13.225834007076042,2.38181731934717,
new_6_1,0.001,512,,5.751466398503676e-05,,,,0.9368000688068482,16.02597,4.7683716e-07,0.11476361,11.405658,14.647284,-1.7881393e-06,0.1048956,10.579535,16.025587,4.7683716e-07,0.11477851,11.409167,14.646811,-1.9073486e-06,0.10489017,10.578982,187.9004,-0.18003178,0.219436,2.5120828,4.8811255,-0.0034614801,0.10685381,4.3663926,29.381792,-0.12013888,0.21800396,2.6643133,187.90103,4.881078,29.38211,a1,16.007728576660156,15.937224304707343,0.21315995165166476,3.9136620541380216e-07,17.009549921017395,13.230772316090135,2.391950013490827,
new_6_1,0.001,2048,,4.351581167182515e-05,,,,1.2336752502986037,15.640813,1.0728836e-06,0.10688378,8.452553,14.22481,-0.00073826313,0.105686545,9.7161455,15.640828,1.0728836e-06,0.10689525,8.45069,14.224945,-0.00073838234,0.10570091,9.716876,189.2774,-0.17580914,0.22674707,2.5223303,4.728651,-0.023554206,0.10908813,4.173808,30.748009,-0.13298512,0.22317146,2.4826565,189.278,4.729403,30.74885,a1,23.904064178466797,23.86927141628803,0.21323805422239941,4.2405459376246457e-07,17.008898083773477,13.224362399386592,2.3611509094397056,
new_6_1,0.01,32,,7.251526928809426,,,,-4.254168571531205e-09,13.137284,0.09932315,0.16958569,7.226744,15.056801,-0.038547873,0.10432719,7.632859,13.159865,0.09910047,0.1693403,7.1137505,15.055987,-0.038506866,0.10435248,7.637504,6409.4272,-1298.3582,7.7468824,75.40431,5.374975,-0.4866042,0.121499665,5.137631,6421.8125,-55796.61,46.05228,555.6634,6409.434,5.3723598,6421.815,a1,68.42684936523438,67.96338301922252,0.23782558136606305,2.809534753226614e-08,17.007479029455865,13.212998678020533,2.3693770853094565,
new_6_1,0.01,128,,2.6133348434570225,,,,-0.0007946140947569,11.232906,0.0064548254,0.12775573,-11.198011,13.443281,-0.0109990835,0.09340088,8.699116,11.230984,0.0065789223,0.12791197,-11.274579,13.445599,-0.011021733,0.09347027,8.700654,206.0392,-0.30178738,0.24060239,2.5311687,4.82231,-0.11714101,0.09751681,5.265204,41.31246,-0.9899156,0.29693264,3.7400796,206.04086,4.8196435,41.307648,a1,-7.182853698730469,-7.117777713922063,0.18983163214094184,-7.61934458305743e-08,17.00854497915395,13.225833955661635,2.3818174184912344,
new_6_1,0.01,512,,1.1883275577789803e-05,,,,0.9395285070317914,16.030209,2.3841858e-07,0.1146354,11.374734,14.65234,-2.9802322e-06,0.10495016,10.585088,16.02559,0.0,0.11477854,11.40917,14.646819,-2.861023e-06,0.104890235,10.578988,187.89345,-0.18001139,0.21942332,2.5120702,4.884071,-0.0034780502,0.10714428,4.354458,29.378014,-0.11991227,0.21778227,2.6652956,187.8995,4.881351,29.380848,a1,16.021501541137695,16.10227900528116,0.2131582850764243,1.2076477844752446e-07,17.009549920603128,13.230772298392434,2.391950140229305,
new_6_1,0.01,2048,,6.223663050698936e-05,,,,1.2312583175500291,15.641383,1.4901161e-06,0.106785454,8.469744,14.224198,-0.0007208586,0.10556198,9.709987,15.640825,1.4901161e-06,0.10689524,8.450688,14.224846,-0.00072455406,0.10570017,9.716808,189.27345,-0.1758523,0.22680973,2.522191,4.7235556,-0.023548245,0.10949982,4.1799245,30.742043,-0.13318276,0.22312735,2.481903,189.27934,4.728838,30.75005,a1,23.745698928833008,23.827514866070487,0.2132382620223246,1.4918017762289934e-07,17.008898082475245,13.224362482689473,2.3611509496137106,
new_6_1,0.1,32,,7.251526928155291,,,,-4.372509867381726e-09,12.976466,0.10168874,0.17242981,8.484521,15.13014,-0.039674997,0.10278335,7.624598,13.147678,0.10076833,0.16918346,7.1071625,15.063756,-0.039578795,0.10440633,7.6414447,6585.678,-1370.3956,7.9576597,77.54786,5.5975223,-0.43763006,0.12463971,5.3281846,6600.17,-58799.773,47.580284,575.5428,6585.7393,5.4069724,6600.1953,a1,91.93524932861328,91.58981586372717,0.23782782074647968,1.2797326700383636e-07,17.007479029696967,13.212998582735354,2.369378013101489,
new_6_1,0.1,128,,2.613334909410883,,,,-0.0008443813482991,11.3022175,0.006060362,0.12695315,-10.602847,13.461941,-0.010644317,0.092833236,8.710846,11.226317,0.0074041486,0.12785883,-11.269895,13.445141,-0.01095283,0.09346709,8.700357,206.56624,-0.30884147,0.24084632,2.5367858,4.977918,-0.11507809,0.09541948,5.3280034,42.182762,-1.067354,0.30255976,3.8037374,206.57979,4.8317466,42.122574,a1,-7.3022613525390625,-7.242709511277131,0.1898311081272589,-3.5544502315501765e-08,17.00854497905039,13.225834122525129,2.381817469372917,
new_6_1,0.1,512,,8.423139305614899e-06,,,,0.967469010702658,16.14899,1.1920929e-07,0.11391143,11.127967,14.781524,-2.2053719e-05,0.10606091,10.697629,16.025658,-8.46386e-06,0.11477902,11.409218,14.646949,-2.0742416e-05,0.10489116,10.5790825,187.8285,-0.17977703,0.21902871,2.5120072,5.12956,-0.0032527447,0.111987494,4.425741,29.376825,-0.11724043,0.21585567,2.6785114,187.88316,4.884037,29.367157,a1,16.17747688293457,16.01459035782682,0.21315508155882332,-8.247259248800845e-08,17.009549921209473,13.230772297901861,2.391950192824345,
new_6_1,0.1,2048,,3.054714981871209e-05,,,,1.2065553592517886,15.716858,7.1525574e-07,0.10628422,8.684051,14.289246,-0.00055372715,0.10485384,9.697084,15.640884,-6.0796738e-06,0.10689564,8.45072,14.2239,-0.0005912781,0.10569315,9.716163,189.24077,-0.17628014,0.2272105,2.5208902,4.891993,-0.021416545,0.11149241,4.4420624,30.723312,-0.13482976,0.22156607,2.477682,189.29376,4.7234173,30.762842,a1,22.162792205810547,22.252231985930848,0.1867662115433164,5.2852041795707785e-08,17.008898079769843,13.224362407279116,2.378256242535841,
new_6_2,0.0001,32,,,-17.090230069866053,,,-7.53950543315829,13.987391,-0.017796755,0.17999454,7.5623913,14.905157,-0.017803788,0.10330737,7.560942,13.987658,-0.017802358,0.17999227,7.5612254,14.905157,-0.01780355,0.10330708,7.560992,197.08353,-0.22857797,0.23821636,2.3183777,4.524179,-0.056441545,0.10243859,4.3263836,29.544558,-0.18102324,0.21156517,2.554246,197.08354,4.5241346,29.544598,a2,-2.8090562409488484e-06,-2.8500922724349865e-06,-6.2507469540158676,-4.353847817418291,25.909766088682826,25.156099374663153,7.392846097768714,
new_6_2,0.0001,128,,,-8.925360112773818,,,-566.4998939924681,11.162267,0.018699229,0.12712756,-11.204809,13.482142,-0.016528845,0.09372514,8.724301,11.162254,0.018700361,0.1271292,-11.205583,13.48217,-0.016529083,0.093724504,8.724319,199.85773,-0.22480369,0.23342358,2.4553213,4.891788,-0.15095556,0.09903786,5.3528996,33.001877,-0.2701633,0.23725462,2.989018,199.85774,4.8917747,33.001823,a2,-2.299161195755005,-2.295732071380145,-5.266084778155798,-4.474328115975757,23.853374571812477,23.07797794537929,6.5017780726415495,
new_6_2,0.0001,512,,,-10.482672689789492,,,3328.3128074862507,16.07505,-0.006177306,0.115131006,11.444003,14.744032,-0.013314962,0.10558661,10.649223,16.075012,-0.0061774254,0.1151325,11.444355,14.743989,-0.013315439,0.1055861,10.649172,186.46391,-0.16205156,0.21775886,2.4928699,4.7512784,0.049190104,0.10398792,4.251661,28.344631,-0.04244554,0.21032727,2.5701368,186.46399,4.7512684,28.344658,a2,1.5873881578445435,1.585165170817658,-6.408183262894465,-4.40875129539068,33.13778477056838,27.68122064415634,7.6744473455023385,
new_6_2,0.0001,2048,,,-5.676385143554389,,,36.48632828539509,15.693644,-0.0067641735,0.10725507,8.479414,14.287488,-0.009559631,0.1061643,9.759534,15.693653,-0.006765127,0.10725628,8.479231,14.287503,-0.009559751,0.10616576,9.759609,187.3597,-0.15209484,0.22444306,2.4967833,4.5097976,0.069288015,0.103989005,3.9796238,29.29935,-0.028680444,0.21265706,2.3657148,187.35977,4.5098815,29.299444,a2,1.7205533981323242,1.729060633577016,-6.439126433875463,-4.123156665884116,28.188198600065306,27.437945950972455,7.789078871232891,
new_6_2,0.001,32,,,-16.0195835310701,,,-5.396637550642305,13.984999,-0.017746449,0.18001494,7.572908,14.905166,-0.017805934,0.103309944,7.5604954,13.987658,-0.017802238,0.17999227,7.5612254,14.905157,-0.017803669,0.10330708,7.560992,197.0834,-0.22857344,0.23821552,2.318397,4.524603,-0.056435943,0.10243262,4.3266087,29.544197,-0.18099618,0.21159033,2.554412,197.08356,4.5241356,29.544605,a2,-5.860398232471198e-06,-5.8413412867696645e-06,-6.1588807047308975,-4.355381630105217,25.685438276811205,24.975431472523344,7.29754790891469,
new_6_2,0.001,128,,,-8.808155253288227,,,-504.1453678171956,11.162313,0.018701494,0.12711215,-11.197793,13.481915,-0.01652944,0.09373094,8.724151,11.162175,0.018714428,0.1271283,-11.205503,13.48219,-0.016531944,0.09372464,8.724332,199.85863,-0.22481894,0.23342101,2.4553242,4.892082,-0.15102577,0.09903326,5.352143,33.003483,-0.27025914,0.23726122,2.9890444,199.85881,4.891938,33.00296,a2,-2.2994813919067383,-2.2976082018314834,-5.2430695230761435,-4.474070391818978,23.870844323707665,23.00908912555392,6.49228514508574,
new_6_2,0.001,512,,,-4.3976359189039895,,,6.100720414234566,16.074533,-0.0060691833,0.11511137,11.44022,14.734879,-0.011998177,0.1055229,10.642803,16.074144,-0.0060687065,0.11512629,11.443737,14.734434,-0.012002587,0.10551767,10.64227,186.84218,-0.16677773,0.21820016,2.497935,4.790147,0.033596814,0.10486218,4.285008,28.578772,-0.059747577,0.21204579,2.591496,186.84279,4.7900167,28.579042,a2,0.8640148639678955,0.8661386634311345,-6.136041534754218,-4.374461511240934,29.095422934374916,26.957956554977308,7.462522000467698,
new_6_2,0.001,2048,,,-7.905563771079255,,,339.07080260535594,15.693564,-0.0067555904,0.10724427,8.481061,14.287367,-0.009559512,0.10615133,9.758875,15.693651,-0.0067647696,0.10725627,8.47923,14.287506,-0.009560108,0.10616578,9.759611,187.35893,-0.15209436,0.22444881,2.4967647,4.509045,0.069309115,0.10402191,3.97997,29.29838,-0.028673172,0.21264994,2.3656106,187.35953,4.509865,29.299309,a2,1.7204736471176147,1.7288262560605365,-6.321093840232764,-4.123341537643995,28.17179413709279,26.960752490762196,7.6609813053137295,
new_6_2,0.01,32,,,-16.64192212258166,,,-8.504732226379675,13.961563,-0.01724577,0.18022607,7.6801753,14.905832,-0.017825961,0.10328114,7.5563273,13.987658,-0.017802358,0.17999227,7.5612254,14.905157,-0.01780355,0.10330708,7.560992,197.08205,-0.22852659,0.23820715,2.3185904,4.530821,-0.05632174,0.10241781,4.3307524,29.540808,-0.18071496,0.21184386,2.5560923,197.08356,4.524135,29.544603,a2,-4.912784788757563e-06,-4.927837021951997e-06,-6.217413991676467,-4.370854377952572,28.538903044941613,24.799743686370704,7.398336244704727,
new_6_2,0.01,128,,,7.340523731472074,,,-4.9201969603018045e-05,11.163293,0.018731236,0.12696399,-11.128614,13.480051,-0.01653719,0.09365635,8.72291,11.161331,0.018862724,0.12711868,-11.204656,13.482399,-0.016563535,0.09372609,8.724467,199.86842,-0.22497916,0.23339646,2.4553614,4.896302,-0.15168643,0.09901309,5.345992,33.02036,-0.2712649,0.23733328,2.989383,199.87012,4.8936667,33.014957,a2,-2.302902936935425,-2.2802802820991386,-5.307235458340474,-4.467959156215105,26.262492808978635,23.690042995344054,6.599919731856411,
new_6_2,0.01,512,,,-6.777258912068936,,,75.98808961472842,16.079119,-0.0061113834,0.11498517,11.409439,14.745489,-0.012758017,0.10561736,10.65238,16.074514,-0.0061149597,0.11512894,11.444,14.740294,-0.012807608,0.10555964,10.646503,186.59651,-0.16377759,0.21790875,2.4947307,4.7684827,0.04345727,0.104608566,4.251404,28.424778,-0.048415184,0.21071585,2.5788143,186.60252,4.7649307,28.42698,a2,1.2860543727874756,1.334493899523409,-6.196061747474721,-4.405528481092408,25.95823791380967,25.257768784995168,7.342074743871177,
new_6_2,0.01,2048,,,-8.424626056385542,,,568.9426945050077,15.693518,-0.0066758394,0.107141376,8.497974,14.28679,-0.009547353,0.10602649,9.752713,15.69368,-0.006768465,0.107256465,8.479245,14.28746,-0.00955379,0.10616544,9.75958,187.35733,-0.15216517,0.2245136,2.4966574,4.5042996,0.06926757,0.1044171,3.9859028,29.292593,-0.02884543,0.21260716,2.3648844,187.36331,4.510141,29.30146,a2,1.7043029069900513,1.7084776982855236,-6.1855637718798535,-4.125309027881384,28.95690059720383,26.13412226207833,7.503461149049204,
new_6_2,0.1,32,,,-14.40106187066666,,,-0.0842651521481131,13.776406,-0.01247859,0.18305933,9.007553,14.97074,-0.017883897,0.1017005,7.544271,13.987658,-0.017802358,0.17999227,7.5612254,14.905157,-0.01780355,0.10330708,7.560992,197.07271,-0.2280463,0.23812848,2.320576,4.7851896,-0.05063963,0.10655154,4.5549393,29.535633,-0.17751217,0.21292084,2.5755427,197.08354,4.5241337,29.544592,a2,-4.167757197137689e-07,-4.3114155220276857e-07,-6.299201262579374,-4.540679368074249,26.841151317402222,24.670680934529273,7.357029379488059,
new_6_2,0.1,128,,,-7.378690286330624,,,-129.07475288000091,11.229575,0.018795907,0.12613718,-10.534699,13.50092,-0.01650548,0.09310204,8.736069,11.152899,0.020344734,0.12702264,-11.196191,13.484558,-0.016889095,0.093741104,8.725864,199.97005,-0.2265867,0.23315549,2.4557798,5.05519,-0.14996529,0.09690067,5.4107094,33.206604,-0.28113163,0.23817745,2.994332,199.98415,4.9112215,33.136665,a2,-2.3299190998077393,-2.328723843147518,-5.232552937195473,-4.390185770270275,26.28542791127498,24.100634492783925,6.641158680222632,
new_6_2,0.1,512,,,-6.513034468395267,,,49.8146867606312,16.197836,-0.006058216,0.11425597,11.161625,14.865148,-0.01136899,0.10666093,10.758149,16.074142,-0.006068468,0.115126275,11.443735,14.733883,-0.01192677,0.10551372,10.641872,186.81294,-0.16705382,0.21784444,2.4984252,5.0508256,0.02730918,0.110268585,4.35781,28.610586,-0.05971837,0.21022548,2.6086473,186.86699,4.7926397,28.595007,a2,0.7144324779510498,0.7022336782580454,-6.293931826232394,-4.376714821369305,27.788876447445702,25.853411497605375,7.4453640962811285,
new_6_2,0.1,2048,,,-6.332313244251473,,,68.78444906254794,15.762797,-0.005853772,0.10659489,8.709434,14.35167,-0.009314895,0.10531191,9.739448,15.69409,-0.0068210363,0.107259266,8.479467,14.286856,-0.009468317,0.106160946,9.759167,187.36104,-0.15302837,0.22495362,2.4958503,4.6872163,0.062305927,0.10682538,4.2561197,29.284985,-0.03106165,0.21119334,2.3616881,187.4148,4.5139523,29.331001,a2,1.5120909214019775,1.5249438490639067,-6.337733662661788,-4.145132941240444,29.38790502579641,26.834930930829245,7.649493059917233,
new_6_3,0.0001,32,,,,5.857708558127436,,0.0690981486401649,13.787737,0.011051774,0.17742531,7.4544463,14.7780075,-0.0005130768,0.1024261,7.496443,13.787986,0.011048317,0.17742291,7.45329,14.7780075,-0.00051271915,0.10242581,7.4964924,196.0097,-0.21522653,0.23691842,2.3057458,5.3742,-0.4907112,0.12168516,5.1392417,27.362274,-0.012996316,0.19593808,2.365579,196.00972,5.3741755,27.362303,a3,0.09537382423877716,0.09784736117141697,86.18997920720021,6.856988013831942,295.6707353415929,272.24694289220156,112.00681251173341,
new_6_3,0.0001,128,,,,-5.89512743101132,,0.0343857053539104,11.145072,0.02172029,0.12693173,-11.187549,13.459415,-0.013104558,0.09356714,8.709595,11.1450615,0.021721125,0.12693338,-11.188323,13.459442,-0.013104677,0.0935665,8.709612,198.47379,-0.20789981,0.2318072,2.4383192,6.017957,-0.7418932,0.121837996,6.585224,32.723953,-0.24886036,0.2352566,2.9638462,198.4738,6.0179343,32.723904,a3,0.029100414365530014,0.02513435342917438,10.099642839963597,5.831481747932549,159.5357160995857,157.86786207154444,59.66280028170657,
new_6_3,0.0001,512,,,,4.792593071425492,,0.0586441368186037,16.021893,0.00046616793,0.11475028,11.406159,14.63723,0.0013122559,0.104821764,10.572083,16.021856,0.0004659295,0.11475179,11.406511,14.637184,0.0013121963,0.104821235,10.572029,187.72337,-0.17780244,0.21922971,2.5097077,5.0089364,-0.056729436,0.1096271,4.482225,28.37798,-0.04489982,0.21057472,2.5731604,187.72342,5.0089517,28.37801,a3,0.08951778709888458,0.08564655464575441,-7.207932459575148,-5.470117431674736,130.79492889191806,121.90822581244214,45.71209596903426,
new_6_3,0.0001,2048,,,,4.804911616019919,,0.0778652561024616,15.635837,0.0006389618,0.106860004,8.44818,14.163698,0.007858634,0.10524447,9.674975,15.6358385,0.0006390214,0.10686115,8.447994,14.163707,0.007859349,0.10524587,9.675045,189.02612,-0.17268002,0.22643931,2.5189903,5.2671533,-0.26955986,0.121452466,4.6479445,29.354233,-0.032537937,0.2130554,2.370146,189.02617,5.267206,29.354319,a3,0.1441272497177124,0.15007742789593154,-5.512125653060921,-5.462399363217112,124.38135971062871,109.77518627704164,39.65077177385806,
new_6_3,0.001,32,,,,5.857705924298642,,0.0689904244112806,13.785705,0.011053801,0.17744963,7.4649897,14.7781105,-0.00052785873,0.1024293,7.496048,13.7881975,0.011017978,0.17742562,7.4534044,14.778097,-0.0005249977,0.10242644,7.4965377,196.01125,-0.21524262,0.2369196,2.3057847,5.3700676,-0.48813283,0.12157313,5.1350765,27.364952,-0.013196111,0.19598296,2.365993,196.01138,5.369809,27.365225,a3,0.09507666528224945,0.1103426240054356,86.27790626337467,6.856988686472471,293.5377967509184,272.2813659842341,111.3474853718318,
new_6_3,0.001,128,,,,-5.895127686462795,,0.0344073952660824,11.145085,0.021728277,0.12691596,-11.18051,13.459189,-0.013105273,0.093572944,8.709444,11.14497,0.021737099,0.12693234,-11.188231,13.459455,-0.013106465,0.09356659,8.70962,198.47388,-0.20790505,0.23180373,2.438312,6.0193343,-0.7425872,0.121852875,6.585404,32.725384,-0.24894214,0.23526198,2.9638577,198.47404,6.0190926,32.724854,a3,0.0291371438652277,0.0356218228094445,10.150634819154407,5.831481254149388,164.4533691191442,155.99175446220704,59.53929419996065,
new_6_3,0.001,512,,,,4.792593120382388,,0.0586616370928616,16.022215,0.00046920776,0.11473671,11.402986,14.637638,0.0013146996,0.104826525,10.572568,16.021847,0.0004671216,0.11475172,11.406505,14.637173,0.0013138056,0.10482115,10.5720215,187.72258,-0.17779946,0.21922833,2.5097053,5.009123,-0.05677879,0.109655835,4.480892,28.377306,-0.044858932,0.21055098,2.5732274,187.7232,5.009253,28.377604,a3,0.08957122266292572,0.09009422066796341,-6.241960680811972,-5.4701182589135176,136.34664946185814,124.68756569191544,46.68318322193647,
new_6_3,0.001,2048,,,,4.804910479563953,,0.0778497588800296,15.635841,0.0006366968,0.10684981,8.449866,14.163635,0.007850707,0.10523204,9.67436,15.63585,0.0006375909,0.10686123,8.448,14.163721,0.007857323,0.10524598,9.6750555,189.02577,-0.17268491,0.22644562,2.5189772,5.266273,-0.26953018,0.12149086,4.6483474,29.353815,-0.032569528,0.2130523,2.3700864,189.02635,5.266782,29.354689,a3,0.14406991004943848,0.1370339502515783,-4.656529084136382,-5.462399539935639,109.47713911000432,102.61043760189897,38.663214196834595,
new_6_3,0.01,32,,,,5.85766327135834,,0.0679133356356951,13.76587,0.011070967,0.17769992,7.5725255,14.779745,-0.00067937374,0.10240749,7.492409,13.790328,0.010712206,0.17745304,7.454556,14.779024,-0.0006504059,0.10243286,7.497008,196.0266,-0.2154032,0.23693146,2.3061736,5.330825,-0.46228242,0.12050166,5.0954304,27.3921,-0.015198588,0.19643499,2.3701699,196.02806,5.3264856,27.394537,a3,0.09213115274906158,0.07478495075266253,82.86843247526464,6.856994177401416,310.4059922369879,278.97634528457905,108.08808390617318,
new_6_3,0.01,128,,,,-5.895128591737043,,0.0346243065170724,11.145782,0.021807134,0.12676483,-11.111158,13.457328,-0.013112903,0.093498476,8.708205,11.144064,0.021896124,0.12692203,-11.187322,13.459578,-0.013124943,0.093567446,8.7097,198.47478,-0.20795548,0.23176903,2.4382405,6.0340877,-0.7491256,0.1220214,6.5882745,32.73984,-0.24975729,0.23531707,2.9639874,198.47652,6.030691,32.734398,a3,0.02950567565858364,0.028735747489722054,10.019754307480941,5.831475979824933,172.64483631795815,161.0909758506918,59.6498398562623,
new_6_3,0.01,512,,,,4.792597060302192,,0.0588366292950338,16.026192,0.0005013943,0.11460668,11.371883,14.642505,0.001339078,0.104879715,10.577983,16.02175,0.00047922134,0.114751026,11.406435,14.637051,0.0013304353,0.104820274,10.571933,187.71494,-0.17777038,0.21921486,2.5096836,5.0131574,-0.057222962,0.10997611,4.469547,28.370981,-0.044450402,0.21031705,2.5739336,187.72104,5.0122743,28.373554,a3,0.09010641276836395,0.07701500029347128,-7.2402795273595215,-5.4701176022257805,130.62437543218581,124.15848252818974,45.68839835151065,
new_6_3,0.01,2048,,,,4.804907577693367,,0.0776946076568735,15.63659,0.00061422586,0.10675272,8.467148,14.163714,0.007771611,0.10511311,9.668697,15.635971,0.0006220937,0.10686206,8.448066,14.163851,0.0078392625,0.10524694,9.675143,189.02245,-0.17273557,0.22650895,2.5188463,5.259462,-0.2689743,0.121923015,4.654154,29.350063,-0.032886624,0.21302429,2.3695242,189.0283,5.262547,29.358364,a3,0.14349621534347534,0.14345291773934105,-5.929312618713304,-5.462400631524101,112.55346305175874,108.59216006902633,38.83889482527738,
new_6_3,0.1,32,,,,5.076827311238869,,0.0651309451169961,13.606076,0.012403011,0.18079601,8.896185,14.8458805,-0.00097584724,0.100852296,7.48135,13.802792,0.008923233,0.17761342,7.461293,14.7795,-0.0007147789,0.10243616,7.497249,196.17426,-0.21687448,0.23704284,2.3099964,5.1132364,-0.19962978,0.113856144,4.8672013,27.738493,-0.038576603,0.19996536,2.41883,196.18484,4.881873,27.734652,a3,0.08473660051822662,0.0670741995802363,63.2278912210438,6.747306307732804,249.09165934917144,224.22965185287038,90.46911203010886,
new_6_3,0.1,128,,,,-5.895135986093928,,0.0367934301669512,11.209306,0.022334993,0.1259095,-10.515684,13.478375,-0.013113499,0.09294657,8.72148,11.135106,0.023467958,0.12682,-11.178329,13.460905,-0.013324738,0.09357667,8.710559,198.48648,-0.20845425,0.23142572,2.4375606,6.276608,-0.7728001,0.12031349,6.7180266,32.90072,-0.25763798,0.23598345,2.9667497,198.50117,6.148148,32.830185,a3,0.033318378031253815,0.03862663298599138,9.374715073697201,5.831424683416438,168.3463545965863,152.66550473341906,57.42103983340539,
new_6_3,0.1,512,,,,4.792633628639301,,0.0605864924767066,16.142353,0.00082206726,0.11386461,11.123393,14.769813,0.0015619397,0.10597688,10.689154,16.0208,0.0005978346,0.11474422,11.405759,14.635866,0.0014920831,0.104811795,10.571077,187.6445,-0.17746675,0.21881413,2.5095465,5.264188,-0.05660546,0.114926666,4.5418973,28.346943,-0.040277958,0.20828828,2.584609,187.69928,5.043361,28.3332,a3,0.09554584324359894,0.09559777666201248,-6.468018930046769,-5.470115523585742,130.9428826275332,122.22390323462324,45.91392647386895,
new_6_3,0.1,2048,,,,4.804872163736383,,0.0761434900002583,15.713794,0.00039064884,0.1062635,8.682358,14.235801,0.006916821,0.10446166,9.660815,15.6371975,0.00046521425,0.10687044,8.448729,14.165174,0.007653892,0.105256766,9.676047,188.99513,-0.17322862,0.22691558,2.5176182,5.389662,-0.23980737,0.122834675,4.893959,29.354715,-0.03597772,0.21169622,2.3673117,189.04767,5.220758,29.39523,a3,0.13782380521297455,0.147673348823885,-4.297199007801923,-5.462397031864637,118.10176019991127,105.34117864609792,38.52272049042686,
new_6_4,0.0001,32,,,,,384.9897571999495,-0.0006019390742215,13.789816,0.010753453,0.17745206,7.4555707,14.725813,0.006541908,0.10206434,7.469966,13.790078,0.010748088,0.17744982,7.454421,14.725815,0.0065419674,0.10206407,7.470016,196.75902,-0.22453535,0.23782411,2.3145604,4.81268,-0.19547296,0.10897096,4.602271,29.930353,-0.21206844,0.2143278,2.5875995,196.75902,4.812636,29.930397,a4,1.6902558854781091e-06,3.6692792541351244e-07,79.7414445154241,0.05375288209814125,907.3601203946612,779.0459245651618,220.80346519971494,
new_6_4,0.0001,128,,,,,7.676381475731098,-0.0204051061822048,11.16041,0.019025803,0.12710641,-11.202946,13.331394,0.006076455,0.09267716,8.626752,11.1603985,0.019026697,0.12710807,-11.203719,13.33142,0.0060765147,0.09267653,8.626769,197.89111,-0.20081794,0.23112668,2.4311607,4.8628135,-0.1373614,0.09845126,5.3211937,31.598269,-0.16441786,0.22716391,2.8618915,197.89111,4.862794,31.598219,a4,0.0021792580373585224,0.008502022557549447,-15.792243521836244,0.0065561932349965,719.6325601677644,410.14483833873516,90.55153814367718,
new_6_4,0.0001,512,,,,,-5.96006893167373,0.0136185602975741,16.021887,0.00046688318,0.11475024,11.406156,14.644969,0.00025588274,0.10487719,10.577673,16.021845,0.00046736002,0.11475171,11.406503,14.644923,0.00025588274,0.10487665,10.577619,188.329,-0.18541431,0.21993698,2.5178044,5.052834,-0.07533264,0.11058786,4.521507,29.95481,-0.16424632,0.22227536,2.7161388,188.32906,5.0528183,29.954845,a4,0.0009808391332626343,-0.004275357820207915,-0.05526490511223031,-0.00446184396760225,17.85518717391319,15.94343035326289,2.650831858599566,
new_6_4,0.0001,2048,,,,,-7.585292282111879,0.0140505974536398,15.663424,-0.0028905869,0.10704854,8.463085,14.207587,0.0017004609,0.10557059,9.704955,15.663431,-0.002891302,0.10704973,8.462902,14.2076,0.0017006993,0.10557202,9.705028,189.84067,-0.1828084,0.22741508,2.529845,4.8944154,-0.09623313,0.1128577,4.3190255,31.559977,-0.19354248,0.22906487,2.5482442,189.84073,4.894504,31.560059,a4,0.0009694611071608961,0.004059326538335086,0.08087542082112491,-0.00488429417138055,17.854715915182297,15.54527697725238,2.189021447769762,
new_6_4,0.001,32,,,,,932.0174879361456,-0.0002483960709697,13.787586,0.010783851,0.17747384,7.4660087,14.725938,0.0065241456,0.10206769,7.469584,13.790205,0.010729909,0.17745146,7.4544897,14.7259445,0.006524384,0.10206497,7.470082,196.7588,-0.22452986,0.23782317,2.3145785,4.811722,-0.19476712,0.10893272,4.6011634,29.92837,-0.21190965,0.2143417,2.587628,196.75896,4.8112655,29.928799,a4,2.8783045991076506e-07,6.504878091938904e-07,76.50527026849244,0.05375291766572045,931.9638859228506,712.7110097639832,210.78045462016692,
new_6_4,0.001,128,,,,,7.676381876829967,-0.0204179816756355,11.1604185,0.019034564,0.12709056,-11.195891,13.331087,0.0060880184,0.09268233,8.62655,11.160304,0.019043326,0.12710698,-11.203625,13.331339,0.006088555,0.09267596,8.626717,197.89082,-0.20081854,0.23112276,2.431149,4.8631616,-0.13745701,0.0984478,5.3205028,31.598925,-0.16444063,0.2271639,2.861837,197.891,4.8629546,31.598412,a4,0.0021820086985826492,0.0063934978440176255,-15.915666003388312,0.0065557753643564,719.5852050772841,407.05950627897306,91.11480592053586,
new_6_4,0.001,512,,,,,-5.9600624548606005,0.0136226625998943,16.022253,0.000464499,0.11473699,11.403012,14.645373,0.00025898218,0.10488192,10.578155,16.021826,0.0004697442,0.11475157,11.406489,14.644903,0.00025856495,0.10487651,10.577604,188.3284,-0.1854136,0.21993582,2.5178046,5.0530143,-0.07537961,0.11061667,4.5201554,29.954523,-0.16423368,0.22225346,2.716248,188.32901,5.0528355,29.954872,a4,0.0009814301738515496,-0.004509160249089727,-0.05526240374670454,-0.004459790874201,17.855185839050627,15.943430140928804,2.6508317353676514,
new_6_4,0.001,2048,,,,,-7.585289695602686,0.0140478300151201,15.663383,-0.0028868914,0.10703801,8.46475,14.207499,0.0016959906,0.105557926,9.704321,15.663448,-0.0028934479,0.10704985,8.462912,14.207617,0.0016982555,0.10557215,9.70504,189.84016,-0.1828115,0.22742122,2.5298297,4.893619,-0.096217036,0.11289388,4.3194194,31.559225,-0.19355619,0.22905934,2.5481558,189.84077,4.894486,31.560036,a4,0.0009690793231129646,0.0011488118324195367,0.08087604891187705,-0.0048840111386298,17.854716778052712,15.545274184332323,2.1890214119540206,
new_6_4,0.01,32,,,,,984.205769348908,-0.0002334034047439,13.766004,0.011051774,0.17770165,7.572599,14.7278385,0.006336987,0.10204783,7.466096,13.791708,0.010514259,0.1774708,7.455302,14.7273035,0.0063409805,0.102074385,7.4707713,196.75993,-0.22451401,0.23781782,2.314801,4.8149996,-0.19298506,0.10884158,4.6023827,29.9217,-0.2113589,0.21457532,2.5890498,196.76144,4.808539,29.925713,a4,2.5413339699298376e-07,-1.5000547686724197e-07,88.63536771817077,0.05375309406069545,984.1521825317409,876.3090075879797,236.12689506940671,
new_6_4,0.01,128,,,,,7.676385837186808,-0.0205466886361862,11.161078,0.019120395,0.1269388,-11.126407,13.328422,0.006203115,0.092602864,8.62479,11.159361,0.019209027,0.12709625,-11.202678,13.330533,0.006208718,0.09267036,8.626195,197.88802,-0.20082402,0.23108384,2.4310322,4.867846,-0.13833857,0.098437645,5.3149223,31.605646,-0.16466713,0.22716506,2.861307,197.88977,4.864565,31.600363,a4,0.0022096047177910805,0.007186479369700868,-14.229049968135914,0.0065572985677849,545.7942737537013,391.90897659137283,78.95907349391759,
new_6_4,0.01,512,,,,,-5.960013330043775,0.0136635661574377,16.02667,0.00044167042,0.1146101,11.372223,14.650197,0.00028949976,0.10493481,10.58354,16.021631,0.0004939437,0.11475018,11.406351,14.644704,0.00028580427,0.10487509,10.57746,188.32256,-0.1854074,0.21992444,2.5178072,5.056965,-0.07578087,0.11093714,4.508604,29.952015,-0.16410244,0.2220374,2.7173715,188.32863,5.0530076,29.95512,a4,0.0009873326634988189,0.0014430344382566106,-0.055263305600331485,-0.0044619232575224,17.855171508028164,15.943430407217983,2.650830497576919,
new_6_4,0.01,2048,,,,,-7.5852587147489,0.0140199755671772,15.663661,-0.002849102,0.10693754,8.481807,14.20733,0.0016512275,0.105436794,9.698471,15.663619,-0.0029153824,0.107051015,8.463004,14.207789,0.0016741157,0.10557343,9.705157,189.83524,-0.18284273,0.22748293,2.5296772,4.887798,-0.09596515,0.11330722,4.3252645,31.552073,-0.19368649,0.22900659,2.5472994,189.84108,4.894303,31.559774,a4,0.0009652400622144341,-0.0025436721551172423,0.16018356990300617,-0.0048836916947779495,17.854729310297472,15.545263044068218,2.324623427107652,
new_6_4,0.1,32,,,,,803.4848722643687,-0.0002399226537143,13.615465,0.011039555,0.18092076,8.902324,14.820463,0.0024486184,0.10067963,7.468541,13.822815,0.0060456395,0.17787108,7.4721174,14.755453,0.0025389194,0.10226949,7.4850507,196.80241,-0.22467983,0.23780186,2.3173933,5.0052013,-0.14947248,0.11145053,4.7643647,29.852297,-0.2028966,0.21520366,2.6031563,196.81328,4.754787,29.86342,a4,2.685281685899099e-07,7.279968133654747e-07,63.30499894130005,0.05375301801801185,803.4312427497538,635.2602460058548,182.38034672953984,
new_6_4,0.1,128,,,,,7.676425568181263,-0.0218337078844589,11.224051,0.019761026,0.12607515,-10.529518,13.341844,0.0073076487,0.092005044,8.633134,11.149936,0.020865083,0.1269889,-11.193216,13.322481,0.0074087977,0.09261439,8.620984,197.86287,-0.20087266,0.23069862,2.429902,5.032159,-0.13951087,0.0964592,5.3860583,31.689344,-0.16673267,0.22729476,2.8575165,197.87758,4.8808427,31.61989,a4,0.0024950881488621235,-0.0015782540988980981,-15.293152832500887,0.00655637693194905,655.0151778736582,336.77390810068823,87.19338485174669,
new_6_4,0.1,512,,,,,-5.959532236403091,0.0140730530347771,16.147339,0.00020468235,0.113899775,11.126829,14.777015,0.0005879402,0.10602856,10.6943655,16.019691,0.00073611736,0.11473629,11.40497,14.642702,0.00055897236,0.104860745,10.5760145,188.27017,-0.18533206,0.21954374,2.517914,5.3054066,-0.07321668,0.11582654,4.5774603,29.963726,-0.16232765,0.22016811,2.7320237,188.32487,5.0547295,29.95762,a4,0.0010473987786099315,0.0004109221297670899,-0.055251153096584724,-0.00446032237349865,17.855027180575377,15.943422809927208,2.6508184239885693,
new_6_4,0.1,2048,,,,,-7.585042285860593,0.0137408369727804,15.736158,-0.0024567842,0.10641474,8.694715,14.276774,0.0011920929,0.10476232,9.688621,15.665327,-0.0031340122,0.10706269,8.463926,14.209508,0.001432538,0.1055862,9.706331,189.79175,-0.1831398,0.22787204,2.52823,5.042118,-0.0850687,0.11491387,4.57838,31.519608,-0.19441783,0.22730868,2.5418994,189.84428,4.892474,31.557186,a4,0.0009271866292692721,0.000994098685642471,0.24494356409927653,-0.00488341582126315,17.85485980760946,16.056271355491287,2.4679163166473463,
jin_1_1,0.0001,32,-0.0812055819222311,,,,,2.775343089358907,52.077038,0.040275097,0.21998638,1.8008268,54.632534,-0.0420866,0.22335123,1.4743434,52.076637,0.040275812,0.21998549,1.8008397,54.63237,-0.042085886,0.22334841,1.4743313,270.92383,-37.837105,1.7042853,1.1304526,56.643867,-0.03934169,0.23811388,1.3944398,270.79648,-36.0757,1.78448,1.1326411,270.92392,56.644062,270.79654,a0,1029.601806640625,1047.8670988049998,-0.0812061353781177,-0.0812059893892098,3.743454393106971e-06,2.224008509882358e-06,5.630812777398703e-07,
jin_1_1,0.0001,128,-0.0120643568439064,,,,,3.2285491334276006,45.823845,0.060317695,0.1969985,1.4506185,50.778336,0.0091968775,0.21845429,1.4385997,45.823624,0.060322642,0.19700243,1.4506236,50.778725,0.00919807,0.21846546,1.4386163,257.4116,-34.134964,1.6026465,1.0785854,55.57044,0.07300782,0.23453724,1.3686459,254.85106,-33.010315,1.6886824,1.0794387,257.4114,55.57043,254.85112,a0,975.9521484375,973.499336396344,-0.012066788324940972,-0.01206670858558675,5.014554750200004e-06,1.499621102636628e-06,4.912337886470043e-07,
jin_1_1,0.0001,512,-0.0376456875233657,,,,,4.126569705275037,56.107063,0.056593418,0.23815903,1.3609734,52.37678,0.051626384,0.21716131,1.392657,56.10694,0.056594074,0.2381651,1.3609873,52.37671,0.051626265,0.2171661,1.3926549,252.93811,-31.15186,1.5725584,1.0553733,55.506676,0.031595945,0.23719402,1.4184598,248.81302,-30.786156,1.6389607,1.054872,252.93822,55.506653,248.81279,a0,1466.92041015625,1484.1068914392963,-0.03765109493839091,-0.03765119165900345,9.954083359894894e-06,2.895703103959757e-06,8.908472972081587e-07,
jin_1_1,0.0001,2048,0.0105611483026004,,,,,3.8078281148505377,51.357464,0.061919212,0.2117779,1.3472989,51.565025,0.04011637,0.21409443,1.3848141,51.357323,0.06191969,0.21177359,1.3472974,51.56503,0.0401178,0.21409813,1.384808,250.32582,-31.198555,1.5548573,1.0448135,54.79183,0.05936569,0.23479609,1.333213,248.39433,-31.096424,1.631948,1.0450135,250.32634,54.791973,248.39409,a0,1291.09423828125,1296.1819393240148,0.010558445239946528,0.010558440932789,5.627989384500778e-06,2.623528968603503e-06,6.703479788827256e-07,
jin_1_1,0.001,32,-0.081205674098491,,,,,2.775731366650486,52.080708,0.04026884,0.21999452,1.8007134,54.633247,-0.04206443,0.22326788,1.4744315,52.076637,0.040275812,0.21998549,1.8008397,54.631615,-0.042057037,0.22334532,1.4743109,270.9192,-37.834946,1.7033347,1.1304377,56.64121,-0.039304495,0.2379414,1.3943864,270.79202,-36.076073,1.7829784,1.1326246,270.9201,56.64313,270.79276,a0,1029.601806640625,1069.550079137116,-0.08120613122668573,-0.0812059819833569,3.726987618996036e-06,2.261366474687332e-06,5.698044191904633e-07,
jin_1_1,0.001,128,-0.0120644222175778,,,,,3.2287858201677886,45.825874,0.060272217,0.19696358,1.4505742,50.774635,0.009193063,0.21834919,1.4384443,45.823627,0.060322583,0.19700244,1.4506238,50.778557,0.009204805,0.21846473,1.4386115,257.4109,-34.130543,1.6030859,1.0785773,55.570194,0.073023856,0.23437163,1.3686769,254.8482,-33.011986,1.6884973,1.0794276,257.4091,55.570107,254.8488,a0,975.9521484375,961.1092473278404,-0.012066802642830055,-0.012066718897693899,4.9448691713006865e-06,1.4016283310328698e-06,4.83415333434172e-07,
jin_1_1,0.001,512,-0.0376456103264311,,,,,4.127028502300994,56.108192,0.05658871,0.23802052,1.3608493,52.37775,0.051617324,0.21708417,1.3926855,56.10694,0.056594133,0.2381651,1.3609873,52.377003,0.051615536,0.2171673,1.3926626,252.93275,-31.14946,1.5716647,1.0553555,55.50705,0.03157574,0.23708914,1.4185643,248.81061,-30.788559,1.6393335,1.0548503,252.93373,55.506798,248.80829,a0,1466.92041015625,1454.032237688807,-0.03765109682700161,-0.03765123149020995,9.900477090499238e-06,2.7524064626291422e-06,8.852963857226279e-07,
jin_1_1,0.001,2048,0.0105611124167828,,,,,3.807886359642135,51.35878,0.061914265,0.21170208,1.3473129,51.565006,0.040104806,0.21398519,1.3848714,51.357323,0.06191969,0.21177359,1.3472974,51.565037,0.040117383,0.21409816,1.3848081,250.32057,-31.199596,1.5540019,1.044811,54.790573,0.059361458,0.23464948,1.3331915,248.39577,-31.0952,1.6307795,1.0450115,250.32578,54.79194,248.39354,a0,1291.09423828125,1281.0463094865554,0.010558423801886279,0.010558459166910051,6.763988224899389e-06,3.0031319399343587e-06,7.788230859089451e-07,
jin_1_1,0.01,32,-0.0812055675942688,,,,,2.779587447357595,52.11999,0.040202737,0.21991575,1.7996707,54.64348,-0.04183936,0.22216535,1.4753965,52.07665,0.040275335,0.21998554,1.80084,54.62408,-0.041769624,0.22331452,1.4741076,270.87354,-37.807037,1.6938906,1.1302915,56.617596,-0.038931966,0.23548321,1.3939254,270.74844,-36.074272,1.7641546,1.1324638,270.8822,56.633884,270.75488,a0,1029.601806640625,1051.3647548577865,-0.08120612009316261,-0.08120597451776275,3.75479126721312e-06,2.1761838031875147e-06,5.654347839616522e-07,
jin_1_1,0.01,128,-0.0120642356031651,,,,,3.2311498511651675,45.849613,0.059809685,0.19624507,1.45024,50.740376,0.009154677,0.21731465,1.4369687,45.823627,0.060322464,0.19700244,1.4506238,50.776802,0.009273231,0.21845719,1.4385618,257.4044,-34.081238,1.604778,1.0784986,55.570274,0.073177874,0.23254374,1.3690481,254.82024,-33.023575,1.6699952,1.0793198,257.38586,55.566875,254.82559,a0,975.9521484375,984.8151917140058,-0.012066792516222828,-0.012066719036187501,5.2374733141985486e-06,1.454194946454504e-06,4.998586796498523e-07,
jin_1_1,0.01,512,-0.0376458010597679,,,,,4.131621601106188,56.123367,0.056531787,0.23663609,1.3597028,52.39171,0.051518083,0.21572955,1.3930843,56.106968,0.05659324,0.23816521,1.3609879,52.380013,0.05150664,0.21717979,1.3927428,252.8799,-31.118729,1.5627841,1.055181,55.51465,0.031367064,0.23565212,1.4197086,248.78745,-30.805676,1.6295221,1.054637,252.88876,55.508263,248.76335,a0,1466.92041015625,1441.858097223303,-0.037651086412660635,-0.03765119432220805,8.587450113402284e-06,2.767021914179546e-06,8.139024247712733e-07,
jin_1_1,0.01,2048,0.0105613219388012,,,,,3.808465175987597,51.375854,0.061855435,0.21059111,1.3475559,51.56883,0.039982498,0.21274562,1.3855525,51.35732,0.061919868,0.21177357,1.3472973,51.565086,0.040115595,0.21409836,1.3848094,250.26884,-31.20411,1.5415757,1.0447888,54.7813,0.059313357,0.23242517,1.3330557,248.41092,-31.077122,1.6095134,1.0449947,250.32008,54.79162,248.38785,a0,1291.09423828125,1287.2548486484447,0.01055844387540416,0.010558417263893751,6.86538561730024e-06,3.3135086346669507e-06,8.472823640871837e-07,
jin_1_1,0.1,32,-0.0812056485585841,,,,,2.818175966687172,52.770546,0.039177418,0.2089021,1.7981759,55.052082,-0.03926885,0.21291578,1.4934063,52.0784,0.040210843,0.21999294,1.8009006,54.55016,-0.038951874,0.22301233,1.4721128,270.47577,-36.91075,1.5564529,1.1290735,56.67325,-0.03487599,0.21343759,1.396501,270.3695,-35.49869,1.5724516,1.1310945,270.50323,56.542736,270.37625,a0,1029.601806640625,1010.2540741172561,-0.08120611217077106,-0.0812059741037342,3.7497594028018666e-06,1.8600350487202322e-06,5.382025274957393e-07,
jin_1_1,0.1,128,-0.0120636643831418,,,,,3.2548039821082253,46.430256,0.05444151,0.18811028,1.4577024,50.67667,0.008662224,0.20856154,1.4301404,45.824364,0.060292304,0.1970056,1.4506471,50.759888,0.009933174,0.21838441,1.4380826,257.3949,-33.101627,1.5075389,1.0779446,55.82078,0.074061394,0.21557155,1.3789403,254.59833,-32.63385,1.4473664,1.0784866,257.1537,55.535133,254.59357,a0,975.9521484375,996.9845432351576,-0.012066780476823035,-0.01206670538045155,5.798946354900261e-06,1.5037235803518068e-06,5.316080697917545e-07,
jin_1_1,0.1,512,-0.0376481739554692,,,,,4.177544799322796,56.65619,0.055256724,0.21744673,1.3575097,52.953636,0.04968971,0.2011373,1.4083052,56.109318,0.056514204,0.23817518,1.3610449,52.412277,0.05033773,0.21731356,1.3936006,252.4369,-30.165644,1.4099727,1.053792,55.973305,0.028720438,0.21652761,1.4410883,248.64459,-30.287376,1.3633947,1.0528821,252.43942,55.525017,248.31412,a0,1466.92041015625,1454.7750502060808,-0.03765112704016359,-0.037651205315446704,4.4663472739056576e-06,2.1670948798305223e-06,5.389596867926151e-07,
jin_1_1,0.1,2048,0.0105612051556242,,,,,3.814264496056596,51.935707,0.060409427,0.19439347,1.3601718,52.007618,0.03816861,0.19917034,1.4032024,51.35736,0.06191832,0.21177375,1.3472985,51.565693,0.040093064,0.21410088,1.3848257,249.82533,-30.665733,1.3851818,1.0448744,55.02007,0.058159113,0.21311763,1.3397696,248.6351,-30.333082,1.3987176,1.0451316,250.26326,54.7885,248.33102,a0,1291.09423828125,1291.3505511278345,0.010558435998396827,0.01055847019951885,6.233617513499989e-06,2.652269600089338e-06,7.389614718777162e-07,
jin_1_2,0.0001,32,,0.9708999715859138,,,,0.4854557681843244,18.874226,0.8739356,0.07972943,0.65267175,22.791153,0.8186433,0.09317583,0.61505455,18.874079,0.8739357,0.0797291,0.65267634,22.791391,0.8186385,0.09317592,0.6150577,82.541855,-2.604964,0.5192414,0.3444129,23.364124,0.8231718,0.09821579,0.5751702,84.62727,-2.6209624,0.55767226,0.35396445,82.541756,23.364115,84.627205,a1,136.70681762695312,119.1271297784624,0.9709028984926137,0.9709028447876056,5.8887987726130575e-06,2.6901347683905286e-06,7.326643686291255e-07,
jin_1_2,0.0001,128,,0.1033113655110113,,,,0.008040203192295,12.784369,0.92685974,0.054960508,0.40470728,14.1305895,0.9232725,0.060791437,0.40033334,12.78477,0.9268548,0.054963585,0.40472332,14.130686,0.9232727,0.06079449,0.40033764,47.535946,-0.19819534,0.29595914,0.1991813,14.299248,0.9386217,0.06035054,0.3521766,49.04975,-0.25982845,0.32501122,0.2077535,47.536087,14.299241,49.049698,a1,148.39892578125,117.62720745878141,0.10331214754501411,0.1033121509661073,1.4874191710950724e-06,1.2544090862015578e-06,3.0020874673319724e-07,
jin_1_2,0.0001,512,,0.3419264831907468,,,,0.2046655546857017,17.48123,0.9084185,0.07420301,0.4240373,16.533648,0.9054984,0.06855077,0.43961656,17.481325,0.90841717,0.074205466,0.42404488,16.5336,0.9054986,0.06855217,0.43961522,57.94305,-0.6872531,0.3602416,0.24176486,16.69892,0.91235185,0.07135869,0.42673686,59.247334,-0.80230975,0.39026916,0.251186,57.942963,16.699053,59.24759,a1,206.19007873535156,182.21839422949415,0.34195166120538995,0.34195191883006437,3.117307666589131e-05,2.7287078510629392e-06,2.675964634073835e-06,
jin_1_2,0.0001,2048,,-0.0929038438026149,,,,0.1162544949397517,12.656661,0.9430267,0.05219107,0.33203167,12.593039,0.9427508,0.052285425,0.3381947,12.656749,0.94302565,0.052190516,0.33203456,12.593153,0.94274986,0.052286804,0.33819622,41.94189,0.09609848,0.2605151,0.17505768,12.615239,0.9501368,0.054059315,0.3069582,43.5196,0.014757574,0.28592327,0.18309022,41.941395,12.615351,43.519817,a1,186.6735382080078,184.5303995651193,-0.09288272299156818,-0.09288240669278144,2.7326888708198438e-05,9.334720889556114e-06,3.1436478919515475e-06,
jin_1_2,0.001,32,,0.9708999342151758,,,,0.4858417205699833,18.875616,0.873934,0.079732634,0.6526327,22.789747,0.8186742,0.093134105,0.61504525,18.874079,0.8739357,0.0797291,0.65267634,22.79207,0.8186277,0.09317869,0.61507607,82.54658,-2.6052992,0.5189904,0.34443396,23.364952,0.82314897,0.09815273,0.57519555,84.6317,-2.6214967,0.55724126,0.35398364,82.54558,23.36479,84.631035,a1,136.70681762695312,55.34764613912557,0.9709027376213369,0.970902775103519,4.76019990858223e-06,2.3115163141351758e-06,6.692770293554924e-07,
jin_1_2,0.001,128,,0.1033116084624086,,,,0.0082765829050521,12.780889,0.9269025,0.054933365,0.4045668,14.129717,0.9232705,0.060762864,0.40029457,12.784773,0.9268548,0.054963596,0.4047234,14.130584,0.92327386,0.06079405,0.40033475,47.537006,-0.1981045,0.29604772,0.19918479,14.299294,0.9386218,0.06030839,0.35218725,49.05257,-0.2600633,0.3249979,0.20776564,47.538433,14.299133,49.05205,a1,148.39892578125,149.78075063254437,0.1033121491451663,0.1033121194630555,1.4447809899009734e-06,1.078410930985263e-06,2.7615560668666145e-07,
jin_1_2,0.001,512,,0.3419266712993539,,,,0.2051261836721335,17.480495,0.9084294,0.07415524,0.42397228,16.534338,0.9054931,0.06852801,0.43963578,17.481329,0.9084171,0.07420548,0.42404497,16.533728,0.9054972,0.0685527,0.43961862,57.948452,-0.68751335,0.36007807,0.24178845,16.698406,0.91235656,0.07132447,0.42675236,59.24968,-0.80262375,0.3903772,0.25119323,57.947525,16.699615,59.252163,a1,206.19007873535156,239.1821985270326,0.34195170104827305,0.34195194087436487,3.164563381230501e-05,2.825839447218037e-06,2.6714536100105276e-06,
jin_1_2,0.001,2048,,-0.0928997832946574,,,,0.1163171970832215,12.656078,0.9430345,0.05216865,0.33201134,12.592245,0.9427573,0.052255474,0.3381875,12.656787,0.9430253,0.052190673,0.33203554,12.59322,0.94274926,0.05228708,0.338198,41.947174,0.09580374,0.26041004,0.17508297,12.614505,0.9501401,0.054023653,0.3069424,43.518448,0.014858782,0.28570935,0.18308397,41.942154,12.615468,43.520584,a1,186.6735382080078,187.3236242886378,-0.09288287226091557,-0.09288296723972185,2.5034117740296846e-05,9.958988841970995e-06,3.139680367452002e-06,
jin_1_2,0.01,32,,0.9709001478725584,,,,0.4897004465563815,18.896755,0.8738332,0.07973321,0.6524931,22.783098,0.818887,0.092629805,0.6151531,18.87413,0.873935,0.07972932,0.65267813,22.79889,0.8185192,0.09320657,0.61526006,82.59576,-2.6082184,0.5165073,0.34465265,23.38031,0.8228322,0.0972431,0.57562333,84.677795,-2.626434,0.5517473,0.35418317,82.583855,23.371588,84.66933,a1,136.70681762695312,154.63862547449025,0.9709028639688048,0.9709028279863292,5.471053502792422e-06,2.7222541701954484e-06,7.604858594180418e-07,
jin_1_2,0.01,128,,0.1033110774634967,,,,0.0106414251387416,12.758479,0.9271982,0.05460872,0.40355536,14.130977,0.9231502,0.060521193,0.4001896,12.784795,0.92685455,0.054963693,0.40472412,14.129553,0.92328507,0.06078962,0.40030554,47.550564,-0.19716597,0.29645222,0.1992321,14.309462,0.9385449,0.0598805,0.35253274,49.083683,-0.26236904,0.32167587,0.20789947,47.561787,14.298046,49.07548,a1,148.39892578125,182.11735959994257,0.10331206258502106,0.10331208698383734,1.9145103002937702e-06,1.0779353969980754e-06,3.1449880754791383e-07,
jin_1_2,0.01,512,,0.341950474449537,,,,0.2096953463814453,17.485693,0.90841895,0.0737259,0.4236265,16.554907,0.9052984,0.06816694,0.44019145,17.48164,0.9084139,0.0742068,0.4240525,16.535267,0.9054796,0.06855909,0.43965954,58.00662,-0.68999255,0.35847774,0.2420417,16.70624,0.9122794,0.07091571,0.42723843,59.277245,-0.80560875,0.38825747,0.25128266,57.993565,16.705479,59.298306,a1,206.19007873535156,203.81291585636063,0.3419520063727433,0.34195201521824115,5.103311262688592e-06,1.9405801176541893e-06,5.939186384032443e-07,
jin_1_2,0.01,2048,,-0.0928969433792139,,,,0.1168931730494332,12.665813,0.94298124,0.051917534,0.3322162,12.600405,0.9426843,0.05198258,0.33854797,12.656815,0.94302505,0.052190788,0.3320363,12.593515,0.9427466,0.05228831,0.33820593,42.002544,0.09291309,0.2587222,0.17534658,12.621116,0.95006835,0.053548656,0.30712396,43.509235,0.01595056,0.2819067,0.18303108,41.94795,12.6162,43.526394,a1,186.6735382080078,187.37826292181126,-0.09288265173623834,-0.0928823186474483,1.961312060021203e-05,1.0032653980862616e-05,2.7277378019127423e-06,
jin_1_2,0.1,32,,0.970900342474368,,,,0.5282862997841173,19.808283,0.86462027,0.078414805,0.6749746,23.445292,0.81150854,0.09067545,0.63600403,18.87895,0.8738706,0.07974968,0.6528448,22.870531,0.81737685,0.09349946,0.6171934,83.27852,-2.5939462,0.47922626,0.34763765,24.22537,0.8109081,0.09123537,0.5969439,85.320175,-2.6346726,0.49621662,0.35693812,82.966545,23.44292,85.05221,a1,136.70681762695312,148.00904455114505,0.9709028496673323,0.9709028414322833,4.3038994640420825e-06,2.288218758916827e-06,5.818962373395203e-07,
jin_1_2,0.1,128,,0.1033111429050195,,,,0.0342894035045459,13.743106,0.91715693,0.05567963,0.43147206,15.11148,0.9118506,0.062191803,0.42645928,12.787468,0.926824,0.05497518,0.40480873,14.121457,0.9233729,0.060754787,0.40007618,47.98476,-0.18517339,0.28104246,0.20095548,15.345526,0.9300232,0.059262138,0.37908038,49.691837,-0.28125525,0.28249317,0.21049619,47.795517,14.289378,49.30994,a1,148.39892578125,181.45157469007245,0.10331218382920346,0.10331215462506621,1.9057956593959702e-06,1.3777010439142146e-06,3.457252221221149e-07,
jin_1_2,0.1,512,,0.3419417515180784,,,,0.2556026830599283,18.722816,0.8968281,0.071858265,0.44860777,18.03794,0.8897325,0.0685147,0.4797201,17.488918,0.9083376,0.0742377,0.42422906,16.555395,0.90524936,0.06864254,0.44019473,58.947407,-0.6994163,0.32924753,0.24607459,18.009367,0.89945066,0.069667585,0.46366903,59.91506,-0.81669927,0.32853267,0.25370947,58.447563,16.76872,59.75334,a1,206.19007873535156,235.45282738268725,0.3419519647557788,0.34195198002200633,2.4142444381203276e-05,2.3148415264628852e-06,1.830132000935901e-06,
jin_1_2,0.1,2048,,-0.0928975683897948,,,,0.1226955057385076,14.254016,0.9292248,0.053352263,0.37330598,14.2239065,0.92805463,0.05447241,0.3837711,12.656972,0.9430236,0.052191436,0.3320404,12.59636,0.9427207,0.052300118,0.33828235,42.985504,0.06252289,0.23833746,0.17978342,14.047398,0.93860584,0.05441193,0.34206203,43.82987,0.026314795,0.2465686,0.18423778,42.00528,12.62341,43.583927,a1,186.6735382080078,182.5579025762636,-0.09288287413765606,-0.09288271128206005,2.2259093371598815e-05,1.1441525666650021e-05,2.9934104574481547e-06,
jin_1_3,0.0001,32,,,0.1458716991310337,,,2.8561149459472595,52.99792,0.0060331225,0.22387642,1.8326709,53.9072,-0.014599562,0.22038588,1.4547691,52.99755,0.006032467,0.22387567,1.8326854,53.907074,-0.014600158,0.22038326,1.4547582,214.94522,-23.446014,1.3521438,0.89687717,57.828217,-0.08325863,0.24309252,1.4235958,219.0669,-23.263689,1.4435952,0.91627544,214.94531,57.828403,219.06699,a2,28.126079559326172,48.400955165561754,0.14592265257747056,0.14592330765075584,6.689398516379619e-05,1.8848533293230885e-05,6.453837992081886e-06,
jin_1_3,0.0001,128,,,0.1336888716285406,,,3.176254009202308,46.82326,0.018881738,0.20129505,1.4822565,50.914375,0.0038807988,0.21903954,1.4424537,46.823193,0.018880427,0.20129971,1.4822667,50.9148,0.0038807988,0.21905088,1.4424714,210.93675,-22.593254,1.3132938,0.8838503,59.15758,-0.050531983,0.24967691,1.4569938,212.97392,-22.75148,1.4111981,0.9020653,210.93657,59.157585,212.974,a2,22.365215301513672,-4.90442153022741,0.13371100489822918,0.13371072153124758,5.390602375590636e-05,3.251938923221065e-05,6.5564456436158955e-06,
jin_1_3,0.0001,512,,,0.024583169731857,,,4.102953734069278,57.446335,0.011017799,0.24384387,1.3934597,53.533516,0.009274423,0.2219573,1.4234138,57.44622,0.011018097,0.24385013,1.3934742,53.533436,0.009274542,0.22196215,1.4234113,203.46303,-19.804081,1.2649636,0.8489407,56.51731,-0.003989339,0.24151272,1.4442863,204.91728,-20.560009,1.3498143,0.86877084,203.46312,56.517357,204.91704,a2,23.10157585144043,37.588411032629665,0.024585465444986555,0.02458473569930885,4.145339928060196e-05,3.3846680310513355e-05,7.802889387857678e-06,
jin_1_3,0.0001,2048,,,0.0199360936519002,,,3.8101850743505112,52.839653,0.006991446,0.21788986,1.3861822,52.52232,0.004145384,0.21806905,1.4105229,52.839504,0.0069921017,0.21788542,1.3861808,52.522354,0.0041457415,0.21807295,1.4105175,206.16493,-20.840101,1.2805592,0.8604942,57.09705,-0.021448731,0.2446745,1.3893044,209.53494,-21.83948,1.3766422,0.8815292,206.16545,57.097218,209.53473,a2,25.40943145751953,19.06250281535904,0.01997597204561984,0.019977355856136497,7.901025860010055e-05,6.092058837654443e-05,1.713212504748056e-05,
jin_1_3,0.001,32,,,0.1458676108987152,,,2.8565019927548296,53.001274,0.00604105,0.22388309,1.8325424,53.907738,-0.014571786,0.22030297,1.4548515,52.99755,0.0060325265,0.22387567,1.8326854,53.90649,-0.014578104,0.22038087,1.4547424,214.94061,-23.444445,1.3513838,0.8968615,57.825504,-0.083219886,0.24291645,1.4235413,219.06253,-23.263763,1.4423754,0.91625893,214.94153,57.827343,219.06323,a2,28.126079559326172,2.5223102966265287,0.14592249955228132,0.14592287331442366,7.612000338319547e-05,1.3954680222222349e-05,6.779960000496723e-06,
jin_1_3,0.001,128,,,0.1337015986523493,,,3.176490865758048,46.823936,0.018893003,0.20125334,1.4821669,50.910435,0.0038859844,0.21893318,1.4422915,46.823196,0.018880308,0.20129973,1.4822668,50.91465,0.0038865805,0.21905024,1.4424672,210.93604,-22.59025,1.313653,0.883843,59.157036,-0.050503492,0.24949941,1.4570197,212.97093,-22.75251,1.4110394,0.9020535,210.93422,59.15704,212.97154,a2,22.365215301513672,8.587946012994507,0.13371106155849335,0.1337108685734183,5.3337263057201545e-05,3.0253438529137533e-05,6.713902625474725e-06,
jin_1_3,0.001,512,,,0.0245747254673455,,,4.103414528545374,57.44743,0.011014998,0.2437018,1.3933312,53.534554,0.009263158,0.22187865,1.423444,57.44622,0.011018097,0.24385013,1.3934742,53.53373,0.0092635155,0.22196336,1.4234191,203.45773,-19.802326,1.2642385,0.84892225,56.516666,-0.003973961,0.24140155,1.4443666,204.91492,-20.561562,1.3501189,0.8687514,203.45865,56.51709,204.91263,a2,23.10157585144043,18.887467376771383,0.02458566460392307,0.0245854985049591,6.391117585189884e-05,3.597703852524503e-05,8.813601663760795e-06,
jin_1_3,0.001,2048,,,0.0199300886167112,,,3.810244320400315,52.84101,0.0069860816,0.21781187,1.3861967,52.52205,0.0041429996,0.21795674,1.4105746,52.839504,0.0069921017,0.21788542,1.3861808,52.52236,0.0041454434,0.21807298,1.4105176,206.15968,-20.840612,1.279849,0.86048824,57.09552,-0.021445274,0.24452078,1.3892766,209.53645,-21.83867,1.3756585,0.8815288,206.16489,57.09714,209.5342,a2,25.40943145751953,24.90187443981995,0.01997556711487893,0.0199767682093365,9.887842112009729e-05,7.770412478235247e-05,1.8600978686778197e-05,
jin_1_3,0.01,32,,,0.1458611196286338,,,2.8603613570206106,53.037388,0.006117463,0.22378662,1.8313478,53.916275,-0.014294028,0.21920873,1.4557618,52.997562,0.0060321093,0.22387572,1.8326857,53.90067,-0.014358997,0.22035708,1.4545853,214.89542,-23.424837,1.3438349,0.89670795,57.80116,-0.0828228,0.24040589,1.4230647,219.0191,-23.260778,1.4270943,0.9160947,214.90373,57.816673,219.02551,a2,28.126079559326172,16.753737327235285,0.1459232921224002,0.14592298115815375,0.00013444076784549508,1.9504107372031454e-05,1.028323940116934e-05,
jin_1_3,0.01,128,,,0.1336914985974085,,,3.178854001960038,46.834034,0.019003272,0.20045859,1.4813776,50.87381,0.00393641,0.21788612,1.4407476,46.8232,0.01888007,0.20129974,1.4822669,50.91321,0.0039429665,0.21904406,1.4424264,210.92992,-22.556969,1.3150347,0.88377523,59.154236,-0.05022657,0.24754146,1.4573438,212.94312,-22.75961,1.3955485,0.9019446,210.91112,59.151897,212.94853,a2,22.365215301513672,25.856147658487316,0.1337108332986804,0.13371083472268955,5.796795185900039e-05,3.3756856669647783e-05,6.65361552736481e-06,
jin_1_3,0.01,512,,,0.0245816383474951,,,4.108004187163333,57.462097,0.010985136,0.24228065,1.3921363,53.549156,0.009147167,0.22049548,1.4238607,57.446243,0.011017382,0.24385022,1.3934747,53.536743,0.009152055,0.22197586,1.4234992,203.40558,-19.780476,1.2570354,0.84874165,56.513985,-0.003820181,0.23989417,1.4452652,204.89174,-20.572308,1.3420116,0.8685583,203.41385,56.514366,204.86775,a2,23.10157585144043,43.584234845184255,0.024585998923801786,0.02458480561241315,5.880526748749948e-05,3.137832728835818e-05,7.760408739933816e-06,
jin_1_3,0.01,2048,,,0.0199441638614858,,,3.81082574623074,52.85843,0.006929219,0.21666823,1.3864428,52.52328,0.004117012,0.21668318,1.4111967,52.839508,0.006991923,0.21788543,1.3861808,52.522446,0.0041422844,0.21807332,1.4105198,206.10802,-20.841751,1.2695591,0.8604321,57.083267,-0.021404862,0.24219193,1.3890721,209.55165,-21.826334,1.3577349,0.8815247,206.15918,57.09627,209.52837,a2,25.40943145751953,19.65480760190985,0.019975996075360037,0.01997677071795045,7.700694031559721e-05,6.0997970456139194e-05,1.615115649793938e-05,
jin_1_3,0.1,32,,,0.1459093612955497,,,2.8989453568084302,53.652267,0.0068012476,0.21239257,1.828221,54.312176,-0.011520743,0.21005417,1.4733347,52.99932,0.0059660673,0.22388315,1.8327465,53.8439,-0.012223363,0.22012499,1.4530532,214.5174,-22.846828,1.2344404,0.89548093,57.843296,-0.07804823,0.21784411,1.4253324,218.65466,-22.871477,1.2716813,0.91474473,214.52565,57.710976,218.64723,a2,28.126079559326172,37.05421704580658,0.14592305928278382,0.14592292680630237,3.186283370498755e-05,2.207318930641522e-05,4.4526473160342655e-06,
jin_1_3,0.1,128,,,0.1336853665423089,,,3.202504265301556,47.272633,0.019820035,0.19152313,1.4841493,50.7856,0.0043958426,0.20900984,1.4332144,46.82393,0.018849611,0.20130287,1.4822899,50.89934,0.0044855475,0.21898438,1.4420335,210.93613,-21.902199,1.235434,0.8833799,59.36072,-0.04710126,0.22924227,1.4663874,212.73293,-22.481993,1.2093656,0.9011434,210.6797,59.100697,212.71712,a2,22.365215301513672,28.268725600355538,0.13371041169364695,0.13371043310972003,5.73283702320071e-05,2.3752606100047036e-05,6.487979769627332e-06,
jin_1_3,0.1,512,,,0.0245594479908746,,,4.1539283741668855,57.981148,0.0105525255,0.22253193,1.3892565,54.108353,0.0077926517,0.20552334,1.4390149,57.448486,0.0109401345,0.24385974,1.3935292,53.568985,0.007958233,0.22210954,1.4243566,202.99037,-19.152143,1.1337917,0.8473786,56.863842,-0.002431631,0.21997257,1.4640161,204.76825,-20.219559,1.1228073,0.86708826,202.96585,56.489258,204.41954,a2,23.10157585144043,6.7774494709738065,0.024584998817129135,0.024585879668121598,6.345081968149938e-05,4.0624324160885156e-05,9.091075309292897e-06,
jin_1_3,0.1,2048,,,0.0199308813197967,,,3.8166234752679142,53.410854,0.0062764883,0.19991489,1.3988051,52.92911,0.0037823915,0.20269932,1.428065,52.839546,0.0069904923,0.21788558,1.3861818,52.523277,0.004110694,0.21807678,1.4105421,205.6813,-20.46378,1.1404207,0.8602456,57.279278,-0.020775676,0.22186857,1.3947825,209.7914,-21.307638,1.1801991,0.881853,206.10257,57.0879,209.47182,a2,25.40943145751953,19.773798157984857,0.01997809583967357,0.01997675623807075,0.0001093485387439995,7.407533094533694e-05,1.8766238216856627e-05,
jin_1_4,0.0001,32,,,,-0.0886152597380409,,2.749261480693953,53.591854,-0.01636982,0.22638534,1.8532091,54.19433,-0.02543664,0.22155972,1.4625179,53.59148,-0.016370535,0.2263846,1.8532237,54.194218,-0.025437713,0.22155716,1.4625071,215.10316,-23.481953,1.3531374,0.8975362,56.163403,-0.021784663,0.23609415,1.3826119,211.31657,-21.577215,1.3925226,0.88385874,215.10326,56.163593,211.31664,a3,5.715584754943848,19.083307961409446,-0.08858461579410423,-0.0885845671134862,4.66149090293938e-05,2.5262821183230644e-05,6.879825278539597e-06,
jin_1_4,0.0001,128,,,,-0.1048246330300458,,3.0470412590188403,47.419254,-0.0062536,0.20385724,1.5011234,51.125267,-0.0043883324,0.21994683,1.4484285,47.41913,-0.0062526464,0.20386173,1.501132,51.125675,-0.004387498,0.21995814,1.4484458,211.24577,-22.662434,1.3152177,0.88514507,57.930214,-0.0073925257,0.24449676,1.426765,205.38261,-21.088446,1.360897,0.86991173,211.24559,57.9302,205.38268,a3,4.593533515930176,-10.333834325138014,-0.10479481610588506,-0.10479469994962684,6.42550179447976e-05,3.1190464168343035e-05,8.536264143554432e-06,
jin_1_4,0.0001,512,,,,-0.0170202404170037,,4.001214986502777,57.79021,-0.00085783005,0.24530353,1.401801,53.98977,-0.0076850653,0.22384898,1.4355451,57.790092,-0.0008573532,0.24530981,1.4018155,53.989693,-0.007684946,0.2238539,1.4355428,203.1106,-19.73207,1.2627724,0.84747016,56.71484,-0.011019468,0.2423568,1.4493341,195.65799,-18.65563,1.2888223,0.829515,203.11069,56.714836,195.65776,a3,4.848659992218018,-15.920958048809553,-0.016967415335519834,-0.016969124982258152,0.00014417975592950077,5.9723158289112094e-05,1.7146377708781903e-05,
jin_1_4,0.0001,2048,,,,-0.0133838055293503,,3.681415740573184,53.136326,-0.004190564,0.21911322,1.3939651,52.68838,-0.0021618605,0.21875852,1.4149827,53.1362,-0.0041906834,0.21910885,1.3939642,52.688427,-0.0021619797,0.21876247,1.4149774,206.07579,-20.82122,1.2800056,0.86012214,56.51403,-0.00069499016,0.24217613,1.3751183,200.5074,-19.913855,1.3173314,0.84354967,206.07631,56.51419,200.50716,a3,5.219727516174316,6.200033567438368,-0.013268079775947648,-0.0132688442473179,0.0002619162583743003,0.00016696053874295895,4.212745054892532e-05,
jin_1_4,0.001,32,,,,-0.088635722537436,,2.749647011195867,53.59524,-0.016361713,0.22639208,1.8530791,54.19476,-0.025404453,0.22147593,1.4625976,53.591473,-0.016370416,0.22638455,1.8532234,54.193623,-0.025415182,0.22155473,1.462491,215.09856,-23.48038,1.3523768,0.89752054,56.16121,-0.021764278,0.23592499,1.3825698,211.31221,-21.577255,1.3913449,0.8838422,215.09947,56.163044,211.31293,a3,5.715584754943848,16.812679859867785,-0.08858613830264055,-0.08858513856184885,6.37084785160974e-05,2.4606904134708008e-05,7.881716567776932e-06,
jin_1_4,0.001,128,,,,-0.1048342463773416,,3.047277732541856,47.420418,-0.006262541,0.20381707,1.501048,51.121452,-0.00438869,0.21984063,1.4482696,47.419125,-0.006252408,0.20386171,1.5011319,51.12551,-0.00438118,0.21995744,1.4484411,211.24509,-22.659431,1.3155776,0.885138,57.93016,-0.0073820353,0.24432497,1.426802,205.37978,-21.089413,1.3607441,0.8699006,211.24327,57.92999,205.38039,a3,4.593533515930176,-4.961364993505413,-0.10479486280728764,-0.10479524175586535,6.749112179509076e-05,2.8780806711023454e-05,8.69929394687581e-06,
jin_1_4,0.001,512,,,,-0.0171454204927233,,4.001669951087723,57.791313,-0.00086069107,0.24516061,1.4016716,53.990784,-0.0076953173,0.22376953,1.4355749,57.790062,-0.0008562803,0.24530968,1.4018147,53.989964,-0.007695198,0.22385502,1.43555,203.1053,-19.730322,1.2620486,0.84745175,56.715378,-0.01104629,0.24225032,1.4494449,195.65599,-18.657095,1.2891147,0.8294975,203.10625,56.715282,195.65373,a3,4.848659992218018,32.962973364192294,-0.016969293965169135,-0.0169658460278011,0.0002726294245497009,7.193246975780582e-05,2.515429618025833e-05,
jin_1_4,0.001,2048,,,,-0.0133801379054627,,3.681475868123405,53.137535,-0.0041900873,0.21903415,1.3939756,52.688026,-0.0021612644,0.21864551,1.4150321,53.1362,-0.0041906834,0.21910885,1.3939642,52.68844,-0.0021623373,0.21876253,1.4149777,206.07054,-20.821728,1.2792956,0.8601162,56.51264,-0.00069618225,0.24202451,1.3750937,200.50882,-19.91311,1.3163899,0.84354913,206.07573,56.5142,200.50656,a3,5.219727516174316,12.449653695512097,-0.013270934582518856,-0.013269669268343401,0.00021226733471079937,0.0001800260153512149,4.4482456466862036e-05,
jin_1_4,0.01,32,,,,-0.0886362130677674,,2.753505597455697,53.631695,-0.016281128,0.22629425,1.8518689,54.20222,-0.025081277,0.22037132,1.4634824,53.59149,-0.016371012,0.22638464,1.8532242,54.18773,-0.02519226,0.22153063,1.462332,215.05316,-23.460705,1.3448213,0.8973662,56.142113,-0.021555066,0.23350559,1.3822191,211.26875,-21.574142,1.3765942,0.8836772,215.0617,56.157467,211.2752,a3,5.715584754943848,-0.38942334867897443,-0.08858634215210555,-0.08858573420663195,6.474634701909843e-05,2.5097085189093593e-05,7.469004699277714e-06,
jin_1_4,0.01,128,,,,-0.1048393600355815,,3.049642377737884,47.435417,-0.006351948,0.20303263,1.5003996,51.086067,-0.0043925047,0.2187952,1.4467587,47.419132,-0.0062527657,0.20386174,1.5011321,51.12388,-0.004317045,0.21995041,1.4483949,211.239,-22.626057,1.3169616,0.88507026,57.932034,-0.0072768927,0.24242693,1.4272332,205.3518,-21.09577,1.3457979,0.86979073,211.22014,57.927876,205.3573,a3,4.593533515930176,33.230734970857156,-0.10479456809377594,-0.10479515021286015,7.437233989200653e-05,3.0502604018309287e-05,8.812540229097957e-06,
jin_1_4,0.01,512,,,,-0.0170175996879587,,4.006261286164377,57.806362,-0.000901103,0.2437322,1.4004768,54.00548,-0.0078122616,0.22237445,1.4359943,57.790115,-0.00085806847,0.2453099,1.401816,53.99312,-0.007812977,0.2238681,1.4356339,203.05309,-19.708511,1.2548571,0.8472708,56.72505,-0.0113322735,0.24079011,1.450663,195.63231,-18.66658,1.2813636,0.82930654,203.06145,56.720306,195.6086,a3,4.848659992218018,-5.322066044755047,-0.016964075951247385,-0.0169659773002589,0.00019065450683900323,7.22740717515151e-05,2.4154072163139088e-05,
jin_1_4,0.01,2048,,,,-0.0134218304764505,,3.682054555678881,53.15339,-0.004184723,0.21787728,1.3941795,52.688396,-0.002154231,0.21736436,1.4156331,53.136192,-0.004190564,0.21910882,1.3939639,52.688522,-0.0021656752,0.21876287,1.4149799,206.01913,-20.822918,1.2690116,0.86006105,56.50196,-0.00070798397,0.23972556,1.3749264,200.52457,-19.902063,1.2992463,0.84355026,206.07007,56.514294,200.50107,a3,5.219727516174316,3.0539094950654544,-0.013264528219207237,-0.013263828610615251,0.0003078156290909004,0.00016060821441315695,4.372560553811597e-05,
jin_1_4,0.1,32,,,,-0.0886094225968229,,2.7920897865591043,54.247097,-0.015343547,0.21474731,1.84849,54.585835,-0.02173996,0.21111256,1.4807583,53.593193,-0.016435504,0.22639182,1.8532829,54.130318,-0.023020983,0.22129592,1.4607826,214.67319,-22.881477,1.2353369,0.8961313,56.245342,-0.019307613,0.21182604,1.3859568,210.90758,-21.209879,1.2266248,0.8823347,214.68382,56.103123,210.89795,a3,5.715584754943848,-18.192273273598403,-0.0885863709805722,-0.08858624048851971,4.7897387893000576e-05,3.3754540329999916e-05,8.201360543981098e-06,
jin_1_4,0.1,128,,,,-0.1048686238171341,,3.0732906980187527,47.918327,-0.007139325,0.19413914,1.5044212,51.009193,-0.0043901205,0.20993005,1.4395244,47.41984,-0.0062829256,0.2038648,1.5011545,51.108196,-0.0037009716,0.21988295,1.4479506,211.24554,-21.969437,1.2372463,0.8846757,58.190205,-0.006213546,0.22472191,1.4374721,205.14384,-20.836473,1.1662225,0.8689958,210.98871,57.907284,205.12633,a3,4.593533515930176,-11.384398021618836,-0.10479633966003947,-0.10479480125240695,9.809161948839962e-05,2.625354849641881e-05,1.0185808246805785e-05,
jin_1_4,0.1,512,,,,-0.0170327940300669,,4.052183666516553,58.32669,-0.001275897,0.22385813,1.3975358,54.56187,-0.0089098215,0.20724596,1.4510763,57.79234,-0.0009351969,0.24531935,1.40187,54.02648,-0.009058833,0.22400643,1.436521,202.63698,-19.082039,1.1318178,0.84590334,57.195736,-0.014167428,0.22125646,1.472561,195.51231,-18.344582,1.072054,0.82789415,202.61346,56.772137,195.16129,a3,4.848659992218018,13.481443602358922,-0.016966905180577987,-0.01696640440051205,0.00011650109351630036,6.520066772605984e-05,1.591658274583158e-05,
jin_1_4,0.1,2048,,,,-0.0133808803223139,,3.6878527029501846,53.688347,-0.004076004,0.20095353,1.4060726,53.084488,-0.0020751953,0.20329435,1.432257,53.13624,-0.004192233,0.21910901,1.3939651,52.68946,-0.0022011995,0.21876676,1.4150051,205.59448,-20.445665,1.1399393,0.8598824,56.71666,-0.0008214712,0.2196893,1.3810825,200.7703,-19.430412,1.1294502,0.843933,206.01343,56.51531,200.44434,a3,5.219727516174316,6.996778211032506,-0.01326736749312518,-0.013266895056682399,0.00024307510038510012,0.00014388244565814723,4.2595136784956884e-05,
jin_3_1,0.0001,32,0.0976056585348272,,,,,0.0641712657857218,3.7368734,0.011561692,0.1706436,6.4278545,3.1492474,-0.03156936,0.14159288,-67.81102,3.7368972,0.0115587115,0.17064047,6.4278584,3.149248,-0.031568408,0.14158815,-67.82098,4.3012333,-0.6960887,0.19097078,0.8275236,12.983765,-26.58602,0.9178119,0.968094,16.390903,-48.235977,1.6413392,0.8803906,4.30124,12.983765,16.390892,a0,145.91061401367188,146.38314113035733,0.09760555799013478,0.0976055584694841,2.31697556390964e-07,7.98405817847847e-08,2.3946658834845605e-08,
jin_3_1,0.0001,128,0.0837734643827103,,,,,0.0114933517326029,3.565309,-0.015363932,0.15036264,43.544624,3.3430896,-0.0016562939,0.12789588,36.941883,3.56535,-0.015363932,0.15035796,43.537304,3.3430731,-0.001657486,0.12789533,36.945084,5.094457,-1.3423109,0.24127857,0.96501124,13.5070505,-29.077463,0.9776799,1.0067407,17.476686,-58.493084,1.7261648,0.93364024,5.094447,13.507047,17.476679,a0,156.15432739257812,156.14743347214244,0.08377337345681175,0.08377337287392514,2.3239825630572142e-07,9.206375445325321e-08,2.297824387236511e-08,
jin_3_1,0.0001,512,0.078640942420498,,,,,-0.0029930428581727,3.0891309,-0.023648381,0.1411329,-94.86244,3.328371,-0.027242899,0.135386,-55.42176,3.0891163,-0.023648381,0.14112975,-94.94528,3.3283737,-0.027243137,0.13538857,-55.418102,5.3363204,-1.6279144,0.2624313,1.0041757,13.624386,-28.885658,0.98168224,1.019539,17.823402,-54.75789,1.7770514,0.95160776,5.3363347,13.624389,17.823408,a0,188.011962890625,188.26714428676894,0.07864094173217638,0.07864094159358626,5.936371297310394e-09,4.672638123648376e-09,1.2206215311628386e-09,
jin_3_1,0.0001,2048,0.0784062175009795,,,,,-0.0022397309842874,3.0605314,-0.013148427,0.1221255,-134.1697,3.3987646,-0.028915286,0.13136478,54.887234,3.0605233,-0.013147473,0.1221269,-134.1253,3.3987496,-0.028915763,0.13136742,54.88021,5.2611384,-1.323597,0.23867516,1.0322824,13.652224,-28.42309,0.9332462,1.019087,17.698765,-58.210262,1.7987114,0.950543,5.2611427,13.65222,17.698767,a0,176.0860595703125,175.84782177948455,0.07840552414610179,0.07840551671624166,7.11627833396844e-07,2.2385669873337122e-08,7.023585650404877e-08,
jin_3_1,0.001,32,0.0976056576136991,,,,,0.0641681906222162,3.7366621,0.011587262,0.17067195,6.4278316,3.1492386,-0.031573296,0.14163528,-67.72139,3.7368972,0.011558771,0.17064047,6.4278584,3.1492412,-0.031564116,0.14158784,-67.82084,4.301195,-0.69608796,0.1909265,0.8275242,12.9838,-26.586493,0.91725737,0.96809596,16.391033,-48.244053,1.6420969,0.88039166,4.30126,12.983794,16.390923,a0,145.91061401367188,146.38312480741433,0.09760555782137592,0.0976055584935283,2.307771884979548e-07,8.0619641643076e-08,2.381966329088844e-08,
jin_3_1,0.001,128,0.083773462738796,,,,,0.0114801160071189,3.564941,-0.015363455,0.1504047,43.61063,3.343239,-0.0016448498,0.1279008,36.9131,3.56535,-0.015363932,0.15035796,43.537304,3.3430717,-0.0016565323,0.12789528,36.94507,5.0946503,-1.3420217,0.24128933,0.9650774,13.507207,-29.076014,0.9771373,1.0067518,17.476881,-58.49309,1.7260634,0.9336476,5.0945487,13.507177,17.47681,a0,156.15432739257812,156.15557345149966,0.08377337266397342,0.08377337261537525,2.295923006989664e-07,8.286548755509493e-08,2.1944550608378004e-08,
jin_3_1,0.001,512,0.0786409383881782,,,,,-0.0030187551489959,3.0892627,-0.023647666,0.14116134,-94.123405,3.3283463,-0.027238965,0.1353628,-55.454697,3.0891166,-0.0236485,0.14112976,-94.94529,3.3283725,-0.027242422,0.13538852,-55.41808,5.3363967,-1.6282158,0.26251474,1.0042014,13.624613,-28.886372,0.9823475,1.0195584,17.823614,-54.75647,1.7767016,0.9516217,5.3365393,13.624642,17.823664,a0,188.011962890625,187.99308546135762,0.07864094174529815,0.07864094191383794,7.607265997688906e-09,5.538130579130218e-09,1.370131381570557e-09,
jin_3_1,0.001,2048,0.0784055195331555,,,,,-0.0022331216274018,3.0606081,-0.013159037,0.12211312,-134.57065,3.3988998,-0.028910875,0.13134113,54.95048,3.0605268,-0.013149977,0.12212704,-134.12546,3.3987522,-0.028917313,0.1313675,54.880257,5.2610693,-1.32341,0.23867175,1.0322928,13.652192,-28.421938,0.9329247,1.0190828,17.698704,-58.211723,1.7979442,0.9505405,5.261111,13.652157,17.698725,a0,176.0860595703125,176.32918193122293,0.07840551687550079,0.07840551707336066,3.3929983198066616e-08,2.3871827597998774e-08,5.778693224268852e-09,
jin_3_1,0.01,32,0.0976056249314721,,,,,0.0641375087070767,3.7347512,0.011842489,0.17096563,6.427944,3.1493623,-0.03160894,0.14207031,-66.84246,3.7368975,0.011558533,0.17064047,6.427859,3.1491742,-0.03152013,0.14158483,-67.81939,4.300957,-0.6960008,0.19049102,0.82755756,12.984206,-26.585825,0.91175306,0.9681196,16.39237,-48.314438,1.6497153,0.8804049,4.3014627,12.984097,16.391228,a0,145.91061401367188,146.05431691450121,0.09760555777833253,0.0976055580627452,2.3252200320733607e-07,8.181434571485902e-08,2.401628329673232e-08,
jin_3_1,0.01,128,0.0837734625788581,,,,,0.0113477490108966,3.5614073,-0.015356779,0.15083337,44.284485,3.344904,-0.0015312433,0.12795652,36.62974,3.5653505,-0.01536417,0.15035799,43.53731,3.343058,-0.001648426,0.12789476,36.94492,5.0966883,-1.3390076,0.24122702,0.96575934,13.508814,-29.056137,0.97174746,1.0068654,17.478863,-58.48131,1.7250532,0.9337231,5.0955634,13.50848,17.478125,a0,156.15432739257812,156.15198713270217,0.08377337343624959,0.08377337274111525,2.2892910368776942e-07,9.196795751342801e-08,2.2699469987859508e-08,
jin_3_1,0.01,512,0.0786409433348414,,,,,-0.0032758400051654,3.0907207,-0.02363789,0.14145258,-87.327545,3.3282266,-0.027198553,0.13513646,-55.788395,3.0891178,-0.023649216,0.1411298,-94.94533,3.3283598,-0.027234674,0.135388,-55.41787,5.33724,-1.6311038,0.26335594,1.0044736,13.626906,-28.889713,0.9888855,1.0197542,17.825737,-54.734627,1.773212,0.9517612,5.3385825,13.62717,17.826214,a0,188.011962890625,188.2669012900351,0.07864094171486473,0.07864094187370965,5.918145792871421e-09,5.075937350995652e-09,1.2921128912093683e-09,
jin_3_1,0.01,2048,0.0784055219058189,,,,,-0.0021657209685002,3.0614803,-0.013239026,0.12199368,-138.71965,3.4003413,-0.028843522,0.13110861,55.59228,3.0605273,-0.013150096,0.122127056,-134.12549,3.3987389,-0.028909326,0.131367,54.88004,5.2602563,-1.3212814,0.23863195,1.032375,13.651881,-28.406628,0.9297218,1.0190417,17.69787,-58.216312,1.7902862,0.9505036,5.260594,13.651494,17.698055,a0,176.0860595703125,176.0853659558137,0.0784055172247503,0.0784055171664608,4.0439897097677147e-08,1.8895190814771645e-08,5.692946807046913e-09,
jin_3_1,0.1,32,0.0976056599351371,,,,,0.063829942278307,3.7358625,0.014263451,0.17492275,6.464067,3.1718419,-0.03152311,0.14324422,-59.565643,3.7368987,0.011557996,0.17064053,6.4278607,3.1485023,-0.031080008,0.14155462,-67.804924,4.312885,-0.6873555,0.18668151,0.8306471,12.993043,-26.051428,0.8604709,0.9687125,16.40934,-47.974014,1.6021713,0.8807304,4.3034835,12.987121,16.394272,a0,145.91061401367188,145.98886177985548,0.09760555796837106,0.0976055583616349,2.3336129360840285e-07,8.057391293059268e-08,2.393355410296368e-08,
jin_3_1,0.1,128,0.0837734615239113,,,,,0.0100240867524219,3.5411263,-0.015155196,0.15597183,52.707504,3.3786767,-0.0004452467,0.12916818,34.20493,3.5653806,-0.015381336,0.15035926,43.537678,3.342951,-0.0015844107,0.12789066,36.943737,5.127579,-1.2971687,0.2371409,0.97459906,13.529062,-28.336208,0.92129606,1.0083127,17.501665,-57.201942,1.7153199,0.93463796,5.105719,13.521504,17.491259,a0,156.15432739257812,156.45002665110042,0.08377337247626486,0.08377337269718375,2.2834346340150358e-07,8.169458112772254e-08,2.1871899067859538e-08,
jin_3_1,0.1,512,0.0786409404500297,,,,,-0.0058467108386723,3.1190143,-0.023329377,0.14505464,-51.046875,3.339764,-0.026674509,0.13333268,-59.589172,3.0892484,-0.02373588,0.14113578,-94.94934,3.3283455,-0.027225733,0.13538742,-55.417633,5.353598,-1.647331,0.25911626,1.008692,13.652856,-28.546621,0.96446437,1.021938,17.849201,-53.771908,1.65919,0.9532762,5.359047,13.652451,17.851711,a0,188.011962890625,187.75011129790187,0.07864094199633687,0.0786409414627344,4.574469329721165e-08,4.660019384261638e-09,4.4574202628939985e-09,
jin_3_1,0.1,2048,0.0784055230225874,,,,,-0.0014917807593874,3.0840373,-0.01390636,0.121101856,-201.17673,3.4269755,-0.027988791,0.12929943,63.13034,3.0605364,-0.013156176,0.12212742,-134.12589,3.3986151,-0.028834343,0.13136221,54.87804,5.2596226,-1.2917123,0.23792224,1.0346738,13.651775,-27.895533,0.8990525,1.0188537,17.691675,-57.44055,1.707406,0.95024973,5.255425,13.644864,17.69137,a0,176.0860595703125,176.08465216056857,0.07840551659751291,0.0784055162205386,2.6382140708158808e-08,1.6010259326626475e-08,4.684390645091657e-09,
jin_3_2,0.0001,32,,,,-0.8802298625171864,,0.0728145926161775,3.5859027,0.08981478,0.16374955,6.1681676,3.0774302,0.014943123,0.13836391,-66.26462,3.5859263,0.08981168,0.16374658,6.1681724,3.0774293,0.014944851,0.13835923,-66.27432,3.257107,0.027417123,0.14461254,0.62664187,12.889667,-26.187616,0.9111601,0.96107787,14.0321245,-35.084747,1.4051377,0.7536955,3.2571125,12.889667,14.032114,a3,6.339421272277832,5.939559553524987,-0.8802328964767183,-0.880232922769858,3.999602778193001e-06,6.732862838365605e-07,3.475729236929808e-07,
jin_3_2,0.0001,128,,,,-0.976123167555754,,0.0099291520052339,3.4356449,0.057147145,0.1448942,41.96098,3.1869557,0.08972067,0.121922694,35.21657,3.4356816,0.057148695,0.1448896,41.95389,3.1869419,0.08971846,0.12192225,35.219643,3.5564637,-0.14152515,0.16843767,0.67367876,13.480884,-28.96104,0.9757859,1.0047904,15.047128,-43.101715,1.4861983,0.80384827,3.556437,13.48088,15.04712,a3,5.405725955963135,5.247882981507246,-0.9761243798112029,-0.9761243747182475,2.2378358371932805e-06,6.098822247224689e-07,1.9353367498016564e-07,
jin_3_2,0.0001,512,,,,-1.0618346744099396,,-0.0027462862465456,3.0162566,0.024078906,0.13780351,-92.62459,3.2508483,0.020051837,0.13223267,-54.130905,3.0162406,0.024079978,0.13780034,-92.705414,3.2508519,0.020051003,0.13223521,-54.127346,3.7026548,-0.26518464,0.18209036,0.6967565,13.600507,-28.780989,0.9799617,1.017752,15.476566,-41.04112,1.5430642,0.826308,3.7026694,13.600509,15.476571,a3,5.56986665725708,5.596383865012062,-1.0618358826278105,-1.0618358650132438,2.167605589464827e-06,8.33926209864444e-07,2.1367388274226816e-07,
jin_3_2,0.0001,2048,,,,-1.0471325410744792,,-0.0013355240113578,2.9495044,0.0590263,0.11769515,-129.30241,3.31305,0.022327304,0.12805185,53.503014,2.9494948,0.059028327,0.11769643,-129.25957,3.3130367,0.02232629,0.12805445,53.49619,3.667472,-0.12910652,0.1663774,0.7195907,13.609293,-28.238333,0.93031156,1.0158824,15.282529,-43.147034,1.5531512,0.8207748,3.6674712,13.609289,15.282531,a3,5.273130416870117,5.279331246714886,-1.0471337358324544,-1.0471337376474885,2.0299937335543916e-06,1.0167532624727471e-06,2.591681586689914e-07,
jin_3_2,0.001,32,,,,-0.8802298533381719,,0.0728115188794551,3.585695,0.08984089,0.16377655,6.1681366,3.077432,0.014932811,0.13840581,-66.17726,3.5859263,0.08981162,0.16374658,6.1681724,3.0774217,0.014949799,0.13835889,-66.274155,3.257065,0.027425349,0.14457843,0.6266398,12.889701,-26.18808,0.91060966,0.9610798,14.032252,-35.09075,1.4057881,0.75369734,3.257117,12.889697,14.032145,a3,6.339421272277832,6.474702429315471,-0.880232905278411,-0.8802329232905093,4.005297048026435e-06,7.25352695130077e-07,3.5320950415972037e-07,
jin_3_2,0.001,128,,,,-0.9761231683609348,,0.0099159154055203,3.4353166,0.05713314,0.14493586,42.02491,3.187078,0.08974242,0.121926606,35.18891,3.4356818,0.057148576,0.1448896,41.953896,3.18694,0.08971959,0.12192217,35.21962,3.5567584,-0.14148676,0.16845275,0.6737552,13.481045,-28.959618,0.9752447,1.0048019,15.047322,-43.101883,1.4861137,0.803856,3.5564916,13.481011,15.047251,a3,5.405725955963135,5.221797403365258,-0.97612437281073,-0.9761243795641056,1.764852255226046e-06,8.694135195108643e-07,1.8557633066861205e-07,
jin_3_2,0.001,512,,,,-1.061834732555753,,-0.0027719950843377,3.0164013,0.02406925,0.137832,-91.903465,3.2508144,0.020061374,0.13220961,-54.162914,3.0162406,0.024079978,0.13780034,-92.705414,3.2508514,0.02005136,0.13223518,-54.12734,3.7026548,-0.26529348,0.18214567,0.69676435,13.600735,-28.78171,0.98062587,1.0177716,15.476773,-41.04018,1.5427628,0.82632136,3.7027981,13.600762,15.476826,a3,5.56986665725708,6.183413701420053,-1.0618358941436299,-1.0618358781624178,2.1022416814009404e-06,1.0842922446574477e-06,2.3477857655532574e-07,
jin_3_2,0.001,2048,,,,-1.047131820900057,,-0.0013287686766234,2.949591,0.05900848,0.11768372,-129.68938,3.3131726,0.022337198,0.12802844,53.564518,2.9494944,0.059028625,0.117696404,-129.25954,3.3130352,0.022327065,0.12805441,53.496166,3.667451,-0.12903237,0.16637623,0.7196034,13.609258,-28.23717,0.92999077,1.015878,15.282444,-43.14793,1.5524856,0.8207709,3.6674404,13.609223,15.282462,a3,5.273130416870117,5.249151241260424,-1.047133740417203,-1.047133713785258,3.470967705032635e-06,1.2108455458292866e-06,3.483705528285159e-07,
jin_3_2,0.01,32,,,,-0.8802298175945381,,0.0727807686866893,3.5838253,0.09009415,0.1640567,6.1681833,3.0776663,0.014826119,0.13883604,-65.32078,3.5859263,0.08981162,0.16374658,6.1681724,3.0773442,0.01499939,0.1383554,-66.27249,3.2568326,0.02750653,0.14424634,0.62665504,12.890089,-26.187357,0.90514416,0.9611021,14.033571,-35.143238,1.4123276,0.753718,3.2571602,12.89,14.032449,a3,6.339421272277832,6.120876108184348,-0.8802329047547457,-0.8802329261127033,4.068788598488027e-06,6.844782513004688e-07,3.563595137713991e-07,
jin_3_2,0.01,128,,,,-0.97612316903411,,0.0097835458859043,3.4321852,0.056988895,0.14536053,42.677666,3.188485,0.089948714,0.12197285,34.916813,3.4356818,0.057148516,0.1448896,41.953896,3.1869183,0.08973193,0.121921346,35.21938,3.5598567,-0.14109159,0.16848855,0.6745488,13.48269,-28.939999,0.96986824,1.0049182,15.0493145,-43.094822,1.4852722,0.8039363,3.5570383,13.482316,15.048561,a3,5.405725955963135,5.242891010226458,-0.9761243661011478,-0.9761243691455861,1.731968003237938e-06,6.110758837829522e-07,1.636254286184222e-07,
jin_3_2,0.01,512,,,,-1.0618347176057623,,-0.0030290813178549,3.0179908,0.02397114,0.13812397,-85.27258,3.250607,0.020154595,0.13198484,-54.487324,3.016242,0.024079144,0.1378004,-92.70546,3.2508452,0.020054996,0.13223493,-54.127235,3.7027683,-0.266361,0.18270603,0.6968645,13.603049,-28.785143,0.98715425,1.0179688,15.478876,-41.02512,1.5397584,0.82645637,3.7040875,13.603294,15.479371,a3,5.56986665725708,6.182206200582364,-1.061835878808696,-1.0618358785213564,2.11392736892968e-06,9.54898926375236e-07,2.1098417503658458e-07,
jin_3_2,0.01,2048,,,,-1.047132178991058,,-0.0012614262096405,2.950608,0.05882156,0.11757565,-133.69589,3.314529,0.022429824,0.1277999,54.18933,2.9494944,0.059028506,0.117696404,-129.25954,3.313029,0.022330701,0.12805417,53.496067,3.6673577,-0.12828946,0.16636997,0.7197536,13.608936,-28.221907,0.92679715,1.015836,15.281641,-43.15087,1.5458646,0.8207346,3.667146,13.60856,15.281796,a3,5.273130416870117,5.279990421604302,-1.0471337479626621,-1.04713372060155,2.4886754534936273e-06,1.0151385865242446e-06,2.8518973686422705e-07,
jin_3_2,0.1,32,,,,-0.8802298813626264,,0.0724732703278962,3.5862026,0.09165931,0.16791528,6.2051144,3.1017394,0.013569355,0.1400783,-58.249153,3.585928,0.08981079,0.16374665,6.168175,3.0765727,0.015493274,0.13832071,-66.255875,3.273388,0.02800107,0.14168729,0.6304435,12.898775,-25.660322,0.85422796,0.9616843,14.05097,-34.9084,1.3719053,0.75415075,3.2575936,12.893031,14.035485,a3,6.339421272277832,6.473978917398426,-0.8802328940061652,-0.8802329296102192,3.989642568091867e-06,6.614321569342607e-07,3.501128498789224e-07,
jin_3_2,0.1,128,,,,-0.9761233835919622,,0.0084598514895877,3.4165242,0.055028796,0.15048364,50.85288,3.2205338,0.09101683,0.12312231,32.60393,3.4357133,0.05713129,0.14489092,41.95428,3.1867344,0.089836955,0.12191431,35.21735,3.60572,-0.13593161,0.16675776,0.6853393,13.503322,-28.22468,0.91954315,1.0063943,15.072704,-42.167923,1.4772599,0.80492467,3.562528,13.495365,15.061669,a3,5.405725955963135,5.396173650140668,-0.97612438579737,-0.9761243719624018,2.039713218660033e-06,7.425666783689167e-07,1.893345610617659e-07,
jin_3_2,0.1,512,,,,-1.0618350448454,,-0.0055999283121159,3.0479178,0.022791564,0.14174819,-49.883286,3.2615736,0.020835757,0.1302111,-58.19407,3.016376,0.02399236,0.13780652,-92.70958,3.2508974,0.020023465,0.13223706,-54.128105,3.7153366,-0.27500832,0.17982376,0.70002085,13.629196,-28.444305,0.962793,1.020167,15.502468,-40.316357,1.4410471,0.82794374,3.7170548,13.628608,15.504823,a3,5.56986665725708,5.531039300860855,-1.0618358740956486,-1.0618358681,2.038036164497825e-06,5.259605742047313e-07,2.0223229384842778e-07,
jin_3_2,0.1,2048,,,,-1.0471326036836863,,-0.000587283577522,2.9751165,0.056446433,0.11682483,-194.07164,3.3406312,0.02315998,0.12604168,61.53974,2.9495044,0.059022248,0.11769681,-129.25998,3.3129709,0.022364974,0.12805192,53.49513,3.6771615,-0.12015033,0.16633864,0.7233718,13.608728,-27.71359,0.8962176,1.015641,15.276061,-42.57116,1.4742775,0.820503,3.6641984,13.601914,15.275124,a3,5.273130416870117,5.264778112034941,-1.0471337282094317,-1.047133718000294,2.2291874706148462e-06,1.0408481274648551e-06,2.795743864876484e-07,
jin_3_3,0.0001,32,,0.1856690263217422,,,,0.0538415830893507,3.613736,0.07563043,0.16502056,6.216044,3.1235065,-0.014774919,0.14043555,-67.25675,3.6137762,0.07561892,0.1650183,6.216077,3.1235085,-0.014774919,0.14043091,-67.26666,5.673392,-1.9508567,0.25189334,1.0915161,10.505001,-17.058432,0.74259007,0.78327274,15.664357,-43.96784,1.5685849,0.84136623,5.673395,10.505001,15.664347,a1,205.2272491455078,204.0906245444063,0.18566897244102765,0.1856689713460077,1.1542637090578012e-07,6.519980028096839e-08,1.5798737793748385e-08,
jin_3_3,0.0001,128,,0.1852474015823842,,,,0.0006019015786368,3.4534466,0.047351003,0.14564498,42.178402,3.328557,0.007033348,0.12733991,36.781296,3.4534779,0.04735571,0.14564009,42.171207,3.3285372,0.007034242,0.12733923,36.784447,6.1906123,-2.4587245,0.29319358,1.1726491,11.0769205,-19.228247,0.80178,0.8256123,16.27359,-50.583996,1.6073356,0.8693684,6.1906095,11.076919,16.27358,a1,173.00265502929688,172.82132070839396,0.1852473903595123,0.18524738987258926,2.5724569308049894e-08,1.7643249750065593e-08,3.877135674788272e-09,
jin_3_3,0.0001,512,,0.2034804290050414,,,,-0.0029242411780944,2.964961,0.056990266,0.13545997,-91.04938,3.1044483,0.10632706,0.12627764,-51.69315,2.9649494,0.056988955,0.13545704,-91.12896,3.1044497,0.10632753,0.12628,-51.68972,6.1549563,-2.496048,0.30269045,1.1582246,10.443442,-16.559668,0.75248474,0.78150284,15.684868,-42.180412,1.5638326,0.83742946,6.1549697,10.443445,15.684873,a1,143.25424194335938,142.57937419515088,0.2034803954108973,0.2034803952591672,9.178069551585288e-08,5.017158605236105e-08,1.020473348292604e-08,
jin_3_3,0.0001,2048,,0.2037272253275473,,,,-0.0005312232954372,2.9340463,0.06886351,0.11707832,-128.62474,3.1755204,0.101811886,0.12273622,51.282024,2.9340396,0.06886375,0.117079705,-128.58224,3.1755073,0.10181111,0.12273872,51.27548,6.0447226,-2.0672846,0.274223,1.1860285,10.448789,-16.235085,0.71426404,0.77996266,15.582563,-44.89748,1.5836436,0.8368887,6.044728,10.448786,15.582566,a1,136.08560180664062,136.04920263610154,0.20372716141650302,0.20372716229422855,1.2675352709101695e-07,7.698173354331317e-08,1.7991035353874636e-08,
jin_3_3,0.001,32,,0.1856689963588495,,,,0.0538385002481812,3.6133769,0.0757336,0.16504091,6.2157555,3.1234899,-0.014773607,0.14047724,-67.167694,3.6137764,0.0756188,0.16501832,6.2160773,3.1235032,-0.0147714615,0.14043067,-67.266556,5.673391,-1.9509068,0.25183713,1.0915264,10.505042,-17.05878,0.7421423,0.78327525,15.664494,-43.975285,1.5693103,0.84136796,5.673421,10.505033,15.664378,a1,205.2272491455078,203.8325730353563,0.1856689722728753,0.18566897106646155,1.1481092349052702e-07,6.609713351646285e-08,1.5780184148999354e-08,
jin_3_3,0.001,128,,0.1852473947677328,,,,0.0005886631723162,3.4531672,0.04730892,0.14568897,42.243282,3.328741,0.0070234537,0.12734614,36.75303,3.4534779,0.04735571,0.14564009,42.171207,3.3285413,0.0070317984,0.1273394,36.78449,6.19075,-2.4581888,0.29320207,1.1727111,11.07707,-19.227352,0.8013366,0.825623,16.273783,-50.584084,1.6072422,0.8693758,6.1907215,11.077049,16.273714,a1,173.00265502929688,172.90290516669415,0.18524739038291385,0.18524739003237156,2.72204035978163e-08,1.624991827209321e-08,3.799127232550409e-09,
jin_3_3,0.001,512,,0.2034804286855042,,,,-0.0029499501631154,2.9650683,0.05700332,0.13548638,-90.339455,3.1044338,0.106325686,0.12625635,-51.724014,2.9649494,0.056988835,0.13545704,-91.12896,3.1044462,0.10632962,0.12627985,-51.689663,6.1550603,-2.4964669,0.30278748,1.1582572,10.443667,-16.560259,0.75299835,0.78152156,15.68508,-42.17946,1.5635272,0.83744305,6.1551933,10.443698,15.685128,a1,143.25424194335938,142.5873972689118,0.20348039540782942,0.2034803953200963,9.109304160981324e-08,4.905784611874964e-08,1.018384875311956e-08,
jin_3_3,0.001,2048,,0.2037272254297226,,,,-0.0005244460517294,2.9341078,0.068861544,0.11706597,-129.0086,3.1756392,0.10182023,0.122713834,51.340996,2.9340396,0.06886375,0.117079705,-128.58224,3.1755059,0.101811886,0.12273866,51.275455,6.044618,-2.0670123,0.27421793,1.1860358,10.448755,-16.234377,0.71401733,0.7799588,15.582476,-44.89841,1.5829647,0.8368847,6.0446706,10.448719,15.582499,a1,136.08560180664062,136.04995612936932,0.2037271625712826,0.20372716288514697,1.2066050789072413e-07,8.68747547511095e-08,1.835805257768768e-08,
jin_3_3,0.01,32,,0.1856690259374222,,,,0.0538077564008157,3.6099918,0.07675862,0.16525452,6.2132187,3.123532,-0.014756322,0.14090508,-66.294235,3.6137762,0.07561892,0.1650183,6.216077,3.123449,-0.014736295,0.14042825,-67.26539,5.673489,-1.9511836,0.25128096,1.0916498,10.505495,-17.058771,0.7376976,0.7833037,15.665883,-44.040207,1.5766022,0.84138656,5.673675,10.505333,15.664683,a1,205.2272491455078,204.0771016353915,0.18566897250107567,0.18566897134258586,1.1380048081655048e-07,6.514420386460884e-08,1.5799262756185423e-08,
jin_3_3,0.01,128,,0.1852474008534222,,,,0.0004562994209354,3.4505255,0.046883762,0.14613728,42.90572,3.3307557,0.006923437,0.1274153,36.474808,3.453478,0.047355592,0.1456401,42.17121,3.328582,0.0070073605,0.12734094,36.78494,6.1922174,-2.4526129,0.29307857,1.1733485,11.078614,-19.214806,0.7969327,0.82573295,16.275759,-50.574696,1.6063144,0.86945313,6.191847,11.078352,16.27503,a1,173.00265502929688,173.74046587192993,0.1852473903427941,0.18524738985239705,2.7790781703673773e-08,1.739206090256573e-08,3.8926846564333146e-09,
jin_3_3,0.01,512,,0.2034804482430608,,,,-0.0032069568475495,2.9662836,0.057129204,0.13575749,-83.81161,3.1044226,0.106303036,0.12604931,-52.03695,2.9649506,0.05698812,0.1354571,-91.129,3.1044087,0.10635108,0.12627833,-51.689037,6.156171,-2.5004656,0.3037645,1.1585971,10.445952,-16.563995,0.7580481,0.78171104,15.687225,-42.16407,1.5604839,0.8375806,6.157427,10.446226,15.687683,a1,143.25424194335938,143.23792174408823,0.20348039584800615,0.2034803953165415,9.281454810272649e-08,4.778452009079892e-08,1.0097788337358958e-08,
jin_3_3,0.01,2048,,0.2037272343570767,,,,-0.0004570444375482,2.934868,0.06883609,0.11694845,-132.9827,3.1769571,0.10189515,0.12249548,51.940166,2.9340398,0.06886363,0.11707971,-128.58226,3.1754925,0.101819456,0.122738145,51.27524,6.043641,-2.0641594,0.27417025,1.1861217,10.448462,-16.225224,0.71156216,0.7799231,15.581624,-44.901276,1.5762103,0.8368459,6.044098,10.448055,15.581827,a1,136.08560180664062,136.04990402349415,0.20372716276874403,0.20372716291603005,1.228426008970107e-07,9.281972751518097e-08,1.9104221969710666e-08,
jin_3_3,0.1,32,,0.18566902509634,,,,0.053500257140936,3.5970328,0.08616471,0.16842239,6.2238536,3.1453824,-0.014384985,0.14204927,-59.06875,3.6137776,0.07561809,0.16501836,6.2160797,3.1229112,-0.014386892,0.14040406,-67.25381,5.6853213,-1.9321139,0.24608688,1.0949738,10.5159235,-16.719984,0.6964224,0.7840278,15.683546,-43.737526,1.5313064,0.8417752,5.676219,10.508356,15.66774,a1,205.2272491455078,204.91033132508107,0.18566897203643418,0.18566897113712627,1.1461168980542169e-07,6.676432465213544e-08,1.6275020581041072e-08,
jin_3_3,0.1,128,,0.1852473922560475,,,,-0.0008673617608029,3.4397004,0.042164683,0.15150444,51.19784,3.368056,0.0058344603,0.12876216,34.097412,3.4535093,0.047338367,0.14564142,42.171593,3.32902,0.006746173,0.1273577,36.78978,6.215579,-2.3754475,0.28745884,1.1813952,11.099151,-18.744587,0.755825,0.82721287,16.298733,-49.47618,1.5974216,0.87039804,6.2031035,11.091385,16.288198,a1,173.00265502929688,172.909948872757,0.18524739037429744,0.18524738962532328,2.5492740390875568e-08,1.8019883807340875e-08,3.8697635942339746e-09,
jin_3_3,0.1,512,,0.2034804263187815,,,,-0.0057779079944843,2.9927495,0.057847023,0.1391825,-48.98038,3.1179554,0.10516906,0.12447746,-55.631588,2.965087,0.056901395,0.13546333,-91.13319,3.1041555,0.10649687,0.12626803,-51.684822,6.174151,-2.5210419,0.29883134,1.1632955,10.472749,-16.3853,0.7398154,0.7839019,15.711229,-41.436607,1.4604527,0.8390931,6.179789,10.471523,15.713246,a1,143.25424194335938,143.28491538861954,0.20348039602142812,0.20348039507461602,7.963688611334341e-08,3.941639836746447e-08,9.264683934050662e-09,
jin_3_3,0.1,2048,,0.203727232115894,,,,0.0002169155186727,2.95691,0.06795943,0.1161099,-192.884,3.203224,0.101866305,0.12085731,59.00848,2.9340491,0.06885767,0.117080085,-128.58266,3.1753674,0.101890266,0.12273331,51.27322,6.040399,-2.0226104,0.27324113,1.1882683,10.44945,-15.929312,0.6881598,0.77985895,15.575543,-44.296303,1.5031803,0.83658874,6.038373,10.441431,15.575124,a1,136.08560180664062,136.04868560967986,0.20372716332397953,0.20372716450229572,1.322816285953543e-07,8.78677968996211e-08,1.8903619653919616e-08,
jin_3_4,0.0001,32,,,-2.598001836066331,,,0.0255707262346157,2.8298423,0.43316418,0.1292242,4.867656,2.6075518,0.29278612,0.11723777,-56.146984,2.8299146,0.43314075,0.1292243,4.867752,2.6075563,0.29278457,0.117234044,-56.15532,5.5876293,-1.8623168,0.24808557,1.0750161,4.4271517,-2.2072775,0.31295177,0.33009678,9.591073,-15.858198,0.96042323,0.5151571,5.587629,4.4271493,9.59106,a2,5.995364189147949,6.299021039003579,-2.598003252125667,-2.598003205492129,5.451739644612985e-06,1.0660506708504158e-06,4.691613675397395e-07,
jin_3_4,0.0001,128,,,-2.6373845100510085,,,-0.0052053127864192,2.8350325,0.35798758,0.11956409,34.625446,2.8768244,0.258264,0.11005807,31.78955,2.8350513,0.35799378,0.1195598,34.61946,2.876804,0.2582662,0.11005736,31.792236,5.9128056,-2.1552658,0.28003636,1.1200259,4.9491744,-3.0381804,0.35823575,0.36888406,10.036867,-18.622063,0.99133706,0.5361899,5.912811,4.9491754,10.036861,a2,5.08355712890625,5.073254596649685,-2.637388447739051,-2.6373885310936585,4.859010076518899e-06,2.0043066557562383e-06,5.648674568912062e-07,
jin_3_4,0.0001,512,,,-2.386914305159378,,,-0.0016835529943576,2.433728,0.36463648,0.11118956,-74.73603,2.4312909,0.45187002,0.09889605,-40.48419,2.4337234,0.3646329,0.11118738,-74.801506,2.4312901,0.4518711,0.098897815,-40.481476,5.765687,-2.0678182,0.28354684,1.0849729,4.0895777,-1.6926868,0.29466766,0.30603096,9.183152,-13.801599,0.9155903,0.4902969,5.7656984,4.08958,9.183156,a2,5.088113784790039,5.361525567562623,-2.386917139838267,-2.3869171706849492,4.525610325600837e-06,1.6457223854793313e-06,4.214306848705804e-07,
jin_3_4,0.0001,2048,,,-2.3760652719785424,,,0.0003922413465569,2.374909,0.38993895,0.094766855,-104.1129,2.4468663,0.46671677,0.0945732,39.514862,2.3749034,0.389939,0.09476797,-104.07849,2.446857,0.46671593,0.09457515,39.509834,5.677012,-1.7054589,0.25754157,1.1138804,4.0937214,-1.6455626,0.27984086,0.30558085,9.137183,-14.781044,0.92860466,0.49072832,5.6770196,4.0937166,9.137185,a2,4.86287784576416,4.861205629619388,-2.3760671703630036,-2.376067158591705,3.6362160402703125e-06,1.384609377819146e-06,4.260586757460996e-07,
jin_3_4,0.001,32,,,-2.598001895185273,,,0.0255676514156872,2.8291955,0.43337393,0.12922344,4.8668013,2.6075115,0.29280126,0.1172714,-56.072063,2.8299146,0.43314075,0.1292243,4.867752,2.6075537,0.29278594,0.117233925,-56.155266,5.5876617,-1.8623996,0.24803169,1.0750326,4.427206,-2.2073941,0.31276572,0.33010063,9.591218,-15.861208,0.9608735,0.51516145,5.5876565,4.4271784,9.591091,a2,5.995364189147949,5.992568445765633,-2.598003240524517,-2.598003219267481,5.373244185591375e-06,1.4711151012924972e-06,4.837163608283706e-07,
jin_3_4,0.001,128,,,-2.6373844767042933,,,-0.0052185480091818,2.834864,0.3579316,0.119602785,34.679455,2.8770177,0.25823903,0.110064775,31.765497,2.8350513,0.35799378,0.1195598,34.61946,2.876812,0.25826216,0.11005767,31.792324,5.912881,-2.1547172,0.2800418,1.1200745,4.949299,-3.038095,0.3580418,0.36889312,10.03706,-18.62238,0.9912868,0.53619844,5.912929,4.949302,10.036993,a2,5.08355712890625,5.078286930995132,-2.637388428067616,-2.6373885358084026,4.8333970803504656e-06,2.412658882455787e-06,5.959482752020988e-07,
jin_3_4,0.001,512,,,-2.3869143163104565,,,-0.0017092637639607,2.4337714,0.36466855,0.1112092,-74.15195,2.431295,0.45186216,0.09888001,-40.50862,2.4337234,0.3646329,0.11118738,-74.801506,2.431285,0.45187348,0.098897606,-40.481388,5.7658243,-2.068228,0.2836397,1.0850109,4.089801,-1.6929553,0.2948785,0.3060484,9.183367,-13.801564,0.91542053,0.49030972,5.765937,4.089825,9.1834135,a2,5.088113784790039,5.364063984121954,-2.3869171489349097,-2.386917165036153,4.571072008463517e-06,1.1988301622523068e-06,3.9477150631371977e-07,
jin_3_4,0.001,2048,,,-2.3760652334506256,,,0.0003989774534419,2.3749588,0.38993764,0.094756864,-104.42361,2.4469516,0.46672428,0.094555706,39.560204,2.3749034,0.38993907,0.09476797,-104.07849,2.4468558,0.46671647,0.09457511,39.509815,5.676887,-1.7051933,0.25753558,1.113882,4.093702,-1.6454458,0.27974376,0.30557886,9.137093,-14.781229,0.92820257,0.49072388,5.676957,4.0936527,9.137118,a2,4.86287784576416,4.86140057345809,-2.3760671586091475,-2.376067159725425,3.959399856423573e-06,1.496806965040065e-06,4.349240563560928e-07,
jin_3_4,0.01,32,,,-2.598001901934595,,,0.0255369021259221,2.8229845,0.4354275,0.1292277,4.858687,2.6073668,0.292911,0.117620446,-55.33908,2.8299146,0.43314075,0.1292243,4.867752,2.6075275,0.2928002,0.11723275,-56.1547,5.5880976,-1.8630159,0.24749894,1.0752194,4.4278903,-2.2081065,0.31092718,0.33014938,9.592732,-15.887886,0.9654051,0.5152085,5.5879326,4.427473,9.591397,a2,5.995364189147949,5.991917788956554,-2.5980032582330295,-2.5980032185680084,5.330639134548676e-06,1.517083049851209e-06,4.902194521760615e-07,
jin_3_4,0.01,128,,,-2.6373844979439225,,,-0.0053509143455026,2.8333685,0.35733962,0.11999934,35.231655,2.8791523,0.2579615,0.110139586,31.529339,2.8350518,0.3579936,0.119559824,34.619465,2.8768926,0.25822067,0.110060744,31.793215,5.9137297,-2.1490417,0.27989772,1.1205785,4.9506545,-3.036676,0.35612202,0.36899188,10.039038,-18.621777,0.99078953,0.53628665,5.914117,4.9505734,10.038311,a2,5.08355712890625,5.083720470929303,-2.637388451658188,-2.63738853638687,4.786921009802825e-06,2.1243090038147727e-06,5.767037773590192e-07,
jin_3_4,0.01,512,,,-2.3869142891765933,,,-0.0019663491709061,2.4343812,0.36495572,0.111413985,-68.78284,2.431509,0.45174783,0.0987269,-40.75744,2.433725,0.36463207,0.111187465,-74.80156,2.4312336,0.4518966,0.09889552,-40.480537,5.7672715,-2.07217,0.284575,1.085406,4.092132,-1.69542,0.2969603,0.30623007,9.185558,-13.799302,0.91373175,0.4904402,5.7683187,4.0922737,9.185972,a2,5.088113784790039,5.364058671491424,-2.3869171481871563,-2.3869171699457032,4.549461227298934e-06,1.394623712513976e-06,4.10453619996351e-07,
jin_3_4,0.01,2048,,,-2.376065387096986,,,0.0004663585008216,2.3756359,0.38988918,0.09466419,-107.64315,2.4479775,0.4667644,0.09438786,40.022057,2.3749037,0.3899389,0.09476798,-104.0785,2.4468443,0.46672142,0.09457467,39.50963,5.6757092,-1.702429,0.257479,1.1139116,4.093608,-1.6440687,0.2787833,0.30556646,9.13623,-14.780959,0.92420536,0.49068165,5.6763396,4.093018,9.136449,a2,4.86287784576416,4.591892318054632,-2.3760671760256558,-2.3760671555332666,3.7328773832001616e-06,1.7069268927194514e-06,4.357493218437125e-07,
jin_3_4,0.1,32,,,-2.598001895801335,,,0.0252293993748652,2.7873402,0.4512695,0.13051048,4.822863,2.631563,0.28995895,0.11884457,-49.419468,2.829917,0.43313986,0.1292244,4.8677564,2.6072671,0.2929414,0.11722104,-56.149094,5.603462,-1.8482866,0.24254364,1.079208,4.448674,-2.171244,0.29461572,0.33167645,9.614024,-15.811012,0.93869185,0.51600873,5.5906954,4.430415,9.594459,a2,5.995364189147949,5.987579829894468,-2.598003234858399,-2.598003218552595,4.452465212079204e-06,1.446367577262464e-06,4.1139384472737737e-07,
jin_3_4,0.1,128,,,-2.6373846098963094,,,-0.006674576676158,2.837426,0.3482235,0.12497677,42.233356,2.9202878,0.25260293,0.11164379,29.56431,2.8350897,0.35797644,0.11956142,34.619926,2.8777294,0.25778902,0.11009276,31.802462,5.931329,-2.0737758,0.2743128,1.1273677,4.975589,-2.967871,0.33882543,0.3708276,10.064015,-18.245152,0.9863636,0.5374466,5.925994,4.9632874,10.051499,a2,5.08355712890625,5.068905686253056,-2.637388455399971,-2.6373885338795553,4.701995797162795e-06,2.0315237483359283e-06,5.55359368218154e-07,
jin_3_4,0.1,512,,,-2.386914221439328,,,-0.0045372181432774,2.4579484,0.36448437,0.11431074,-40.227642,2.4510272,0.4470352,0.09785183,-43.732033,2.433891,0.36454546,0.11119504,-74.806656,2.4308712,0.45205992,0.098880775,-40.474503,5.78905,-2.095504,0.28019232,1.0907372,4.1254077,-1.6977057,0.29142684,0.30879334,9.211789,-13.588422,0.8562909,0.49197605,5.7921476,4.1167707,9.211566,a2,5.088113784790039,4.79504741866778,-2.38691713808452,-2.386917161172973,4.442074353683267e-06,1.502267468200813e-06,4.2869834288346456e-07,
jin_3_4,0.1,2048,,,-2.3760656658686075,,,0.0011403004790967,2.400221,0.38586885,0.09425023,-156.5703,2.475203,0.46372437,0.09338916,45.597176,2.3749158,0.3899327,0.094768465,-104.07903,2.4467387,0.4667675,0.094570585,39.507923,5.670874,-1.6641023,0.25652546,1.1155753,4.1026626,-1.6096606,0.2701853,0.3061882,9.131739,-14.569812,0.8812951,0.4904811,5.6701565,4.0866666,9.129741,a2,4.86287784576416,4.860169833982122,-2.3760671490242964,-2.3760671308714585,2.626012577611192e-06,1.67144680718323e-06,3.9815542342252304e-07,
jin_4_1,0.0001,32,1.4213432702110153e-06,,,,,0.5291423072142826,8.460581,1.6093254e-06,0.281962,1.5989225,7.6654067,-7.8082085e-05,0.19913201,1.430154,8.460676,1.4901161e-06,0.28195977,1.5989246,7.6654005,-7.8201294e-05,0.19913062,1.4301496,34.825924,-26.51808,1.1943231,0.8821437,8.720471,-0.58631396,0.28963408,-852.89716,29.218529,-27.234749,1.4777615,0.85967433,34.8259,8.720482,29.218496,a0,80.10025024414062,80.054145144004,-2.778902773551552e-08,-4.741539417853793e-09,4.1227110276385805e-06,1.7787427033020401e-06,4.296470224174238e-07,
jin_4_1,0.0001,128,2.119656483415248e-06,,,,,0.5550867406340225,7.8107347,2.503395e-06,0.21809027,1.4071171,7.535497,-0.00016283989,0.19711852,1.3342603,7.81081,2.503395e-06,0.21807992,1.407156,7.5355334,-0.0001629591,0.19711295,1.3342611,34.662346,-26.532427,1.2122313,0.8757991,8.897467,-0.6603323,0.30074456,-147.63768,29.146883,-24.363714,1.4817327,0.8543101,34.662334,8.897453,29.14691,a0,67.78978729248047,68.02950403539398,2.529945954333011e-08,2.9965512158006717e-10,3.9768327547010026e-06,3.089024142517019e-06,5.686264473065156e-07,
jin_4_1,0.0001,512,1.7409927980207077e-06,,,,,0.5437678764034287,7.563561,1.847744e-06,0.19756371,1.3909519,7.3573728,-0.0009137392,0.18630944,1.4107634,7.563558,1.847744e-06,0.19756919,1.3909626,7.3573494,-0.0009137392,0.18631212,1.410757,34.277805,-26.9077,1.1953962,0.8767644,8.789259,-0.5478847,0.2922181,42.141205,29.374197,-27.087162,1.4852407,0.85678345,34.277813,8.789217,29.374205,a0,59.28135681152344,59.58828528207505,-2.2563779583586373e-08,-2.902791118650753e-09,3.8108597339896536e-06,1.0079938246113136e-06,3.6282775140107007e-07,
jin_4_1,0.0001,2048,1.6408015098283473e-06,,,,,0.583470986612786,7.735361,1.7881393e-06,0.19717345,1.3257471,7.831844,-0.00027143955,0.1995409,1.3727374,7.7353697,1.7881393e-06,0.19717412,1.3257536,7.831851,-0.00027143955,0.19954595,1.3727399,34.329174,-25.211649,1.1911308,0.8690333,9.121525,-0.8410423,0.30328923,-27.602938,28.65774,-25.13322,1.4486291,0.84439355,34.329178,9.121554,28.657759,a0,64.16820526123047,64.33188262633394,-1.6915168846056163e-08,-5.638464000229946e-09,3.319858547590897e-06,9.568007344007821e-07,3.0747148974148697e-07,
jin_4_1,0.001,32,1.4505952508096905e-06,,,,,0.5290950058275995,8.459728,1.7285347e-06,0.28198257,1.5989043,7.6654744,-7.903576e-05,0.19902642,1.430197,8.460675,1.6093254e-06,0.28195974,1.5989244,7.665404,-7.927418e-05,0.19913071,1.4301502,34.8266,-26.51902,1.1947294,0.88215595,8.7200985,-0.58627725,0.28940627,-841.27893,29.21929,-27.238287,1.4787118,0.85968816,34.826363,8.720194,29.218962,a0,80.10025024414062,81.75187360848213,-2.464381435500001e-08,2.165438157980691e-10,4.169792044759742e-06,1.7865278929017904e-06,4.3285618870966656e-07,
jin_4_1,0.001,128,2.108158448642059e-06,,,,,0.5551762891852197,7.810061,2.3245811e-06,0.2181835,1.4067688,7.5351634,-0.0001591444,0.19716828,1.3342516,7.81081,2.4437904e-06,0.21807992,1.407156,7.5355225,-0.00015985966,0.19711266,1.3342592,34.66156,-26.533035,1.2121285,0.8757761,8.898153,-0.6605463,0.30078125,-147.44075,29.145767,-24.361525,1.4810357,0.85428363,34.661457,8.898018,29.146032,a0,67.78978729248047,68.0271435626878,2.299497682933945e-08,-2.1478931139100854e-09,3.941950573584027e-06,3.0610935318836592e-06,5.6506792055555e-07,
jin_4_1,0.001,512,1.7162595440192062e-06,,,,,0.5438072072821986,7.563595,1.7881393e-06,0.19751461,1.3908576,7.357599,-0.0009174347,0.18628578,1.4108244,7.563558,1.847744e-06,0.19756919,1.3909626,7.3573613,-0.00091707706,0.18631242,1.4107592,34.277355,-26.907463,1.1962562,0.8767541,8.789874,-0.54790545,0.29212922,42.15162,29.373724,-27.087082,1.4852396,0.85677147,34.277428,8.789451,29.37382,a0,59.28135681152344,59.85155299015332,-2.2014210585021938e-08,7.712842536131774e-10,3.7092272365574054e-06,1.0573606529336669e-06,3.6134771545348324e-07,
jin_4_1,0.001,2048,1.79247396115972e-06,,,,,0.5834908012303718,7.7352877,1.9669533e-06,0.19716759,1.3256894,7.831791,-0.0002719164,0.19949564,1.3727165,7.7353687,2.026558e-06,0.19717409,1.3257535,7.8318534,-0.0002720356,0.19954601,1.3727404,34.328964,-25.212706,1.1913925,0.86902755,9.121393,-0.8409065,0.30311692,-27.649199,28.657345,-25.131933,1.4473468,0.84438723,34.32898,9.121688,28.657562,a0,64.16820526123047,64.3971687281919,-9.332070569462455e-09,-2.5475328004074363e-09,3.2742618286408365e-06,8.056491690294759e-07,3.0168328708557177e-07,
jin_4_1,0.01,32,1.4172745578615976e-06,,,,,0.5286221022339,8.451722,1.4901161e-06,0.28220585,1.59882,7.6667137,-8.761883e-05,0.19791928,1.4307318,8.460677,1.1920929e-06,0.2819598,1.5989248,7.665448,-9.071827e-05,0.19913188,1.4301584,34.83348,-26.523249,1.1988134,0.8822828,8.716882,-0.5857978,0.28716373,-740.421,29.227055,-27.26566,1.4681653,0.85983044,34.83101,8.7173195,29.223606,a0,80.10025024414062,81.06156481346716,-2.590303596284034e-08,-5.762243520541269e-10,4.122350697596267e-06,1.8167743796927667e-06,4.338497037693601e-07,
jin_4_1,0.01,128,2.0111748951344584e-06,,,,,0.5560717925283423,7.8039074,2.4437904e-06,0.21913734,1.4033968,7.5323653,-0.00012409687,0.19643553,1.3342607,7.810817,7.748604e-07,0.21808012,1.4071572,7.5354137,-0.00013113022,0.19710982,1.3342398,34.653847,-26.534258,1.2083527,0.8755501,8.905488,-0.66257334,0.29985988,-145.50908,29.13474,-24.334156,1.4741056,0.8540228,34.652664,8.903668,29.137259,a0,67.78978729248047,68.20290909104187,2.50770886369999e-08,2.5359934469698016e-09,3.851504391949812e-06,3.062257742953352e-06,5.606608823715585e-07,
jin_4_1,0.01,512,1.734196914757077e-06,,,,,0.5442005395407153,7.5644827,1.9073486e-06,0.19703928,1.3900155,7.3604026,-0.0009551048,0.1858394,1.4115385,7.563559,1.5497208e-06,0.19756922,1.3909627,7.3574815,-0.0009496212,0.18631546,1.4107823,34.272964,-26.900244,1.1985099,0.87665397,8.796428,-0.548036,0.2906265,42.257866,29.369139,-27.0789,1.4746861,0.85665584,34.273563,8.791792,29.369957,a0,59.28135681152344,59.39546473854307,-2.5502817600782918e-08,-4.101659270194219e-09,3.7739808745461157e-06,9.685809847469441e-07,3.6018113312062746e-07,
jin_4_1,0.01,2048,1.8377939695836784e-06,,,,,0.5836895271647551,7.735088,1.9073486e-06,0.19542491,1.3252039,7.831794,-0.0002783537,0.19892786,1.3726013,7.735369,1.9073486e-06,0.1971741,1.3257536,7.8318863,-0.00028049946,0.19954684,1.3727461,34.32699,-25.218441,1.1866511,0.86897314,9.120539,-0.83939517,0.3000117,-28.12198,28.653582,-25.11233,1.4339209,0.8443291,34.32703,9.123032,28.655613,a0,64.16820526123047,64.55213188871767,-3.8556716054506085e-09,2.9837136349947792e-09,3.6698970219978475e-06,9.152943026915675e-07,3.1753387506240943e-07,
jin_4_1,0.1,32,1.488390198003225e-06,,,,,0.5238930289520829,8.423307,1.7285347e-06,0.27683488,1.6078285,7.7345824,-0.00019443035,0.18610519,1.4464664,8.460838,-3.683567e-05,0.28196517,1.5989553,7.666048,-0.00024724007,0.19914745,1.4302703,34.91459,-26.058466,1.0629992,0.88386184,8.736059,-0.5703161,0.2638937,-337.9688,29.319906,-26.748617,1.2224975,0.86169845,34.87743,8.688668,29.270052,a0,80.10025024414062,81.711572192944,-1.9823570351208736e-08,-2.259962553934655e-09,4.255454134658006e-06,1.9530680802490915e-06,4.503414745525688e-07,
jin_4_1,0.1,128,1.9492571783240176e-06,,,,,0.5650267841352907,7.8011518,2.3841858e-06,0.22750327,1.3806683,7.5583324,-1.001358e-05,0.19002761,1.3439434,7.8114443,-0.00015997887,0.21809763,1.4072702,7.5349126,1.9073486e-06,0.19709672,1.3341511,34.588196,-26.067884,1.1368135,0.87358075,9.024509,-0.6715063,0.27587202,-129.44293,29.037403,-23.53576,1.289703,0.8517907,34.564766,8.960473,29.0495,a0,67.78978729248047,67.69626963887276,1.0000376671644455e-08,-1.0429727475460912e-10,3.831196166158747e-06,2.877700420464959e-06,5.298985032635489e-07,
jin_4_1,0.1,512,2.583740389002466e-06,,,,,0.5481342538603525,7.628135,2.7418137e-06,0.19015889,1.3916534,7.442581,-0.0013488531,0.17939769,1.4290859,7.5636806,-3.0636787e-05,0.1975724,1.3909851,7.358796,-0.0013073683,0.18634875,1.4110343,34.24004,-26.355047,1.1416721,0.87593335,8.901987,-0.5417372,0.26235896,43.537186,29.337536,-26.280878,1.2755415,0.85591483,34.234917,8.815263,29.331306,a0,59.28135681152344,59.55947582947374,2.5653476503852686e-09,-1.3941157549834278e-09,4.624471381256248e-06,1.6384729063542523e-06,4.429007073961272e-07,
jin_4_1,0.1,2048,2.2107223187547298e-06,,,,,0.5856769371415441,7.7853003,2.3245811e-06,0.17861716,1.3292807,7.884292,-0.0003414154,0.19430359,1.3806382,7.735399,-5.722046e-06,0.19717485,1.3257586,7.832244,-0.00037193298,0.19955595,1.3728088,34.319862,-24.79643,1.095621,0.8687492,9.157513,-0.8096492,0.26605698,-34.099205,28.630806,-24.264727,1.2635013,0.8441856,34.30753,9.136478,28.636112,a0,64.16820526123047,64.14972060042601,2.9514443835593825e-09,-1.4015012236422275e-08,3.894140911809097e-06,1.2342311285428565e-06,3.8739719409547086e-07,
jin_4_2,0.0001,32,,5.9128853926596135e-06,,,,0.3791431066385043,8.460577,2.4437904e-06,0.2819619,1.5989218,7.665402,-7.688999e-05,0.19913189,1.4301531,8.460671,2.5629997e-06,0.2819596,1.5989237,7.6653953,-7.688999e-05,0.19913049,1.4301486,34.825924,-26.51808,1.1943231,0.8821437,8.7204685,-0.586313,0.289634,-852.89685,29.218529,-27.23475,1.4777615,0.85967433,34.8259,8.720479,29.218496,a1,-32.187381744384766,-33.012746783356306,-2.327427679726316e-07,-2.4360816504717168e-08,2.4345854939197265e-05,9.006276911019581e-06,2.5388188283138196e-06,
jin_4_2,0.0001,128,,1.879616816696296e-05,,,,0.4050895051345323,7.810708,9.298325e-06,0.21808952,1.4071122,7.535473,-0.00015628338,0.19711788,1.3342559,7.8107834,9.298325e-06,0.21807918,1.4071511,7.5355086,-0.00015628338,0.1971123,1.3342566,34.662285,-26.53233,1.2122293,0.87579757,8.897456,-0.6603286,0.30074424,-147.63751,29.14682,-24.363605,1.4817295,0.85430825,34.66227,8.897444,29.146849,a1,-21.39952850341797,-20.827847464488514,-1.321739886783474e-07,-2.2991731462834686e-09,3.783950559604242e-05,1.2078720527040491e-05,3.5462157834471883e-06,
jin_4_2,0.0001,512,,2.6059555294977347e-05,,,,0.3937692495413677,7.563521,1.2397766e-05,0.19756266,1.3909445,7.357333,-0.00090289116,0.18630843,1.4107558,7.563518,1.2457371e-05,0.19756815,1.3909552,7.35731,-0.00090301037,0.18631113,1.4107494,34.277714,-26.907545,1.195393,0.8767621,8.789227,-0.5478734,0.29221702,42.141052,29.374102,-27.086983,1.4852358,0.8567807,34.277718,8.789185,29.374113,a1,-14.725154876708984,-15.142166894577258,3.368256699795196e-08,2.267641693777332e-08,4.4947799996178747e-05,1.1100891641272777e-05,4.119880887258612e-06,
jin_4_2,0.0001,2048,,7.115128918456343e-06,,,,0.433472192344348,7.7353554,3.2782555e-06,0.19717331,1.3257462,7.8318377,-0.00026988983,0.19954073,1.3727363,7.7353635,3.3974648e-06,0.19717395,1.3257525,7.831845,-0.00026988983,0.19954579,1.3727388,34.329174,-25.211649,1.1911308,0.8690333,9.121523,-0.84104156,0.30328915,-27.602932,28.657736,-25.133213,1.4486289,0.84439343,34.329174,9.121552,28.657757,a1,-19.435400009155273,-19.50851810761378,-2.8540370030838546e-07,4.054797849947844e-08,2.3020630927827202e-05,6.892572296413874e-06,2.170647858984769e-06,
jin_4_2,0.001,32,,5.790628811741674e-06,,,,0.3790958030739674,8.459724,2.5629997e-06,0.28198245,1.5989035,7.66547,-7.7843666e-05,0.19902632,1.4301963,8.460672,2.3245811e-06,0.28195962,1.5989239,7.6654,-7.8082085e-05,0.19913062,1.4301494,34.826603,-26.519024,1.1947297,0.8821561,8.720096,-0.5862763,0.28940618,-841.2787,29.219292,-27.23829,1.478712,0.8596882,34.826366,8.720192,29.218964,a1,-32.193145751953125,-34.12350649512064,-2.0378252310252715e-07,-4.016290263602979e-08,2.4280239429470968e-05,6.875744196922174e-06,2.436468368954719e-06,
jin_4_2,0.001,128,,1.877548048748957e-05,,,,0.4051790478982227,7.810034,9.23872e-06,0.21818274,1.4067639,7.5351386,-0.00015258789,0.19716763,1.3342472,7.8107834,9.298325e-06,0.21807918,1.4071511,7.5354977,-0.00015330315,0.19711202,1.3342547,34.6615,-26.532938,1.2121264,0.87577456,8.898144,-0.6605426,0.30078092,-147.44058,29.145706,-24.361416,1.4810326,0.85428184,34.661396,8.898008,29.145971,a1,-21.39630699157715,-21.393742258624115,-1.2083492367837344e-07,4.313562444399986e-09,3.743331833501543e-05,1.2102551023950786e-05,3.532183820634533e-06,
jin_4_2,0.001,512,,2.5898256627571287e-05,,,,0.3938085757293468,7.563555,1.2397766e-05,0.19751357,1.3908503,7.357559,-0.00090670586,0.18628477,1.4108168,7.563518,1.2457371e-05,0.19756815,1.3909552,7.357322,-0.000906229,0.18631144,1.4107517,34.277264,-26.907312,1.196253,0.8767518,8.789842,-0.54789424,0.29212815,42.151463,29.37363,-27.086903,1.485235,0.8567688,34.277336,8.789418,29.373726,a1,-14.724935531616211,-14.89301855173153,1.619219842269327e-08,-3.760798248621069e-09,4.4615152666776646e-05,1.1154684668146556e-05,4.111867309473186e-06,
jin_4_2,0.001,2048,,7.087807262619315e-06,,,,0.4334920919041486,7.735283,3.33786e-06,0.19716747,1.3256886,7.8317857,-0.00027048588,0.19949551,1.3727156,7.7353635,3.3974648e-06,0.19717395,1.3257525,7.831848,-0.0002708435,0.19954588,1.3727394,34.328964,-25.212706,1.1913925,0.86902755,9.121392,-0.84090614,0.3031169,-27.649197,28.657343,-25.131931,1.4473467,0.8443872,34.32898,9.121688,28.657562,a1,-19.433589935302734,-19.463376219164275,-3.527602352025969e-07,-5.1423843199480796e-08,2.302104719338672e-05,6.525743839786135e-06,2.143252881142314e-06,
jin_4_2,0.01,32,,4.829690048528765e-06,,,,0.37862180562315,8.45172,2.026558e-06,0.28220576,1.5988196,7.666711,-8.690357e-05,0.1979192,1.4307312,8.460675,1.7285347e-06,0.28195974,1.5989244,7.6654453,-9.000301e-05,0.1991318,1.4301579,34.833496,-26.523275,1.1988139,0.8822832,8.716874,-0.5857949,0.2871635,-740.42035,29.227072,-27.26569,1.4681661,0.8598309,34.831024,8.717312,29.223621,a1,-32.25086975097656,-32.63621951532514,-1.341879142347351e-07,-2.3529525897376056e-08,2.3293173324461417e-05,7.069913728253133e-06,2.4199455105741465e-06,
jin_4_2,0.01,128,,1.868819182171665e-05,,,,0.4060744924837347,7.803881,9.298325e-06,0.21913661,1.4033921,7.53234,-0.00011742115,0.19643487,1.3342562,7.81079,7.6293945e-06,0.21807937,1.4071523,7.535389,-0.00012457371,0.19710918,1.3342355,34.65378,-26.534157,1.2083504,0.8755485,8.905477,-0.6625693,0.2998595,-145.5089,29.134678,-24.33405,1.4741025,0.85402095,34.652603,8.903658,29.137194,a1,-21.364133834838867,-21.401666650433526,-9.988779546331199e-08,-2.455952999337138e-08,3.452272602984431e-05,1.2241971171582354e-05,3.4066142518327366e-06,
jin_4_2,0.01,512,,2.596508427444273e-05,,,,0.3942019443362464,7.5644426,1.2457371e-05,0.19703823,1.3900081,7.3603635,-0.0009442568,0.18583842,1.411531,7.563519,1.2218952e-05,0.19756816,1.3909554,7.357442,-0.0009390116,0.18631446,1.4107747,34.27287,-26.90009,1.1985066,0.8766515,8.796396,-0.5480248,0.29062545,42.257717,29.369045,-27.078724,1.4746815,0.85665315,34.27347,8.7917595,29.369864,a1,-14.723027229309082,-14.500417499618834,-4.1442442778555895e-08,1.4705187200096833e-08,4.404980168704063e-05,1.2685989392740673e-05,4.1286284885078316e-06,
jin_4_2,0.01,2048,,7.541548337387819e-06,,,,0.433690815634197,7.7350817,3.516674e-06,0.19542477,1.3252028,7.831788,-0.00027680397,0.19892773,1.3726003,7.7353635,3.4570694e-06,0.19717395,1.3257525,7.8318806,-0.00027906895,0.1995467,1.3727452,34.32699,-25.218437,1.1866511,0.86897314,9.120537,-0.83939445,0.3000116,-28.121975,28.65358,-25.112328,1.4339209,0.84432906,34.32703,9.12303,28.655611,a1,-19.415597915649414,-19.452450700896406,-3.0532241312959165e-07,-3.1429953679167004e-08,2.3335547990289714e-05,6.061734025472216e-06,2.122482986208262e-06,
jin_4_2,0.1,32,,1.213883021579593e-05,,,,0.3738948304860958,8.423293,5.066395e-06,0.27683443,1.6078258,7.734566,-0.00019025803,0.1861048,1.4464633,8.460824,-3.349781e-05,0.2819647,1.5989525,7.666032,-0.00024294853,0.19914703,1.4302673,34.91455,-26.058405,1.062998,0.8838609,8.7360525,-0.5703138,0.26389349,-337.96854,29.319868,-26.748547,1.2224959,0.8616973,34.877396,8.688661,29.270016,a1,-32.8303337097168,-32.2325504669152,-1.1287029212956455e-07,-2.4418136815805057e-08,3.051755870685069e-05,7.249476106611871e-06,2.6528291422729567e-06,
jin_4_2,0.1,128,,1.814895081213381e-05,,,,0.4150289334264838,7.8011255,9.059906e-06,0.22750251,1.3806636,7.5583086,-3.8146973e-06,0.19002701,1.3439391,7.8114185,-0.00015330315,0.21809691,1.4072655,7.5348883,8.404255e-06,0.19709608,1.3341469,34.58814,-26.067793,1.1368116,0.8735793,9.024496,-0.6715014,0.27587163,-129.44273,29.037346,-23.535662,1.2897004,0.85178906,34.56471,8.960459,29.049442,a1,-21.04241180419922,-21.253198148940555,-6.553377870227091e-08,-1.2110041134776134e-08,3.433540368564977e-05,1.3071540085089218e-05,3.27753451981272e-06,
jin_4_2,0.1,512,,3.628555679280632e-05,,,,0.3981220762677042,7.6280804,1.7166138e-05,0.19015753,1.3916434,7.442522,-0.0013328791,0.17939626,1.4290745,7.563625,-1.5854836e-05,0.19757093,1.3909749,7.3587365,-0.001291275,0.18634725,1.4110229,34.24005,-26.355068,1.1416725,0.8759336,8.901859,-0.54169273,0.2623552,43.53656,29.337547,-26.280897,1.275542,0.8559151,34.23493,8.815134,29.331318,a1,-14.706742286682129,-14.825305477472739,4.967581465393531e-07,3.7389521646154434e-08,4.95195683862499e-05,1.8488839998504737e-05,5.305751283409342e-06,
jin_4_2,0.1,2048,,6.025179671840425e-06,,,,0.4356779893167363,7.785298,2.861023e-06,0.17861712,1.3292803,7.88429,-0.00034093857,0.19430354,1.3806379,7.7353973,-5.2452087e-06,0.19717482,1.3257583,7.832242,-0.00037145615,0.1995559,1.3728085,34.31988,-24.796457,1.0956216,0.8687497,9.157513,-0.8096492,0.26605698,-34.099205,28.630825,-24.26476,1.2635021,0.8441861,34.30755,9.136477,28.63613,a1,-19.23471450805664,-19.328285361552844,-2.5721704067397155e-07,-2.3172163041590667e-08,2.2306224529402957e-05,6.670908398241461e-06,2.1144245128174482e-06,
jin_4_3,0.0001,32,,,-6.449827596714153,,,0.528289440224926,8.449285,0.0026701093,0.28158554,1.5967876,7.6556273,0.002472043,0.19887796,1.4283295,8.44938,0.0026700497,0.2815833,1.5967898,7.6556206,0.0024719834,0.19887657,1.4283248,34.772022,-26.432966,1.1924745,0.8807783,8.711328,-0.5829891,0.2893304,-852.00287,29.164898,-27.131195,1.4750491,0.8580964,34.772,8.711337,29.164865,a2,-0.19052577018737793,-0.19400035075687933,-9.283731606043915,-9.439223808198275,6.740586805496152,4.901212747615276,1.114329922763711,
jin_4_3,0.0001,128,,,-6.449636457303334,,,0.554360349162759,7.8000407,0.0027388334,0.21779168,1.4051906,7.525826,0.0024027228,0.19686553,1.3325479,7.8001165,0.0027387142,0.21778136,1.4052294,7.5258627,0.0024026036,0.19685999,1.3325487,34.60724,-26.444956,1.2103041,0.87440675,8.88927,-0.6572747,0.30046752,-147.50168,29.09175,-24.26785,1.4789299,0.8526941,34.607227,8.889257,29.091778,a2,-0.16657067835330963,-0.14662349961091015,-9.403877308814359,-9.57406053136934,11.953290337366298,4.5041560617451575,1.4849950055519443,
jin_4_3,0.0001,512,,,-6.449556219253261,,,0.5430375920157289,7.55398,0.0025337338,0.19731346,1.38919,7.348359,0.001537323,0.18608119,1.4090351,7.5539765,0.002533853,0.19731891,1.3892006,7.3483357,0.0015372634,0.18608387,1.4090286,34.223427,-26.819223,1.1934998,0.87537354,8.780775,-0.54489803,0.291936,42.10053,29.318884,-26.981483,1.4824438,0.85517013,34.223434,8.780733,29.318893,a2,-0.14450430870056152,-0.14341295304427915,-9.35708288603474,-9.31671979275771,15.268120037154247,4.961114977167797,1.6856089622535597,
jin_4_3,0.0001,2048,,,-6.536781317570171,,,0.5827543597085307,7.726284,0.002347231,0.19694208,1.3241915,7.822624,0.0020822883,0.199306,1.3711214,7.726293,0.002347231,0.19694275,1.324198,7.822631,0.0020822883,0.19931103,1.3711239,34.27894,-25.134989,1.1893877,0.86776155,9.114005,-0.8380084,0.3030392,-27.580181,28.607998,-25.042582,1.4461148,0.84292793,34.278942,9.114036,28.608019,a2,-0.14004671573638916,-0.1427906159913411,-9.083903761925477,-8.878593673757761,10.76266449211624,5.853269747115355,1.4634271806538168,
jin_4_3,0.001,32,,,-6.449331979927419,,,0.5282565031291088,8.448427,0.0026715994,0.28160587,1.5967684,7.6556892,0.002472639,0.19877236,1.4283713,8.449374,0.002671361,0.2815831,1.5967888,7.6556187,0.0024724603,0.19887652,1.4283245,34.77253,-26.433638,1.1928747,0.8807864,8.71104,-0.58298314,0.28910562,-840.40497,29.165487,-27.134392,1.475989,0.8581052,34.772293,8.711135,29.16516,a2,-0.1905973255634308,-0.20794697794437053,-9.408248640777709,-9.601232555293072,8.022138555224682,5.496163688094827,1.226871735403481,
jin_4_3,0.001,128,,,-6.449549409012021,,,0.5544444047577023,7.799365,0.0027394295,0.21788469,1.4048421,7.525492,0.0024065971,0.19691522,1.3325392,7.8001156,0.0027389526,0.21778134,1.4052292,7.525851,0.0024057627,0.19685967,1.3325466,34.606506,-26.44564,1.2102033,0.8743851,8.889922,-0.6574757,0.30050302,-147.30435,29.090681,-24.265749,1.4782366,0.852669,34.6064,8.889787,29.090946,a2,-0.16658706963062286,-0.15158885633271268,-9.30666981442676,-9.657135463355036,4.708849278238499,4.401054231016356,1.1878968472070002,
jin_4_3,0.001,512,,,-6.449556099314701,,,0.5430770021816284,7.5540133,0.0025337934,0.1972644,1.3890957,7.3485847,0.0015334487,0.18605755,1.4090959,7.5539765,0.0025337934,0.19731891,1.3892006,7.348348,0.0015339255,0.18608418,1.409031,34.222977,-26.818985,1.1943585,0.87536323,8.78139,-0.544919,0.29184726,42.110935,29.318409,-26.9814,1.4824427,0.8551581,34.22305,8.780968,29.318506,a2,-0.14450691640377045,-0.141870679210467,-9.439576513591824,-9.5863790206292,8.921942629574527,4.995414387906579,1.359831636559621,
jin_4_3,0.001,2048,,,-6.449393920304187,,,0.5827075555480957,7.7253823,0.00256145,0.1969151,1.3239918,7.8217287,0.0022966862,0.19923934,1.3709528,7.7254634,0.00256145,0.1969216,1.3240558,7.8217916,0.0022963881,0.19928965,1.3709768,34.274147,-25.12906,1.1894901,0.86763984,9.113179,-0.8375927,0.30284396,-27.6243,28.603073,-25.033049,1.4446058,0.8427881,34.274166,9.113476,28.603292,a2,-0.15277959406375885,-0.14729508059038507,-9.208848722007145,-8.87550339366657,20.753331307173312,5.36014406768863,2.5958829891009265,
jin_4_3,0.01,32,,,-6.44982805329571,,,0.5277716570586495,8.440428,0.0026724935,0.2818287,1.5966835,7.656936,0.0024616122,0.19766687,1.428907,8.449381,0.0026696324,0.28158334,1.59679,7.6556697,0.002459228,0.19887784,1.428334,34.779556,-26.4381,1.1969576,0.88091695,8.707752,-0.58247757,0.286863,-739.64557,29.1734,-27.161976,1.4654701,0.858252,34.777084,8.708188,29.169952,a2,-0.19030433893203735,-0.19376919691942465,-9.20274133942371,-9.429750863167286,5.097856022315672,4.010433905228769,1.0109347081354205,
jin_4_3,0.01,128,,,-6.449548740376506,,,0.5553395687620446,7.7932024,0.0027441382,0.21883674,1.4014717,7.5226946,0.0024423003,0.19618332,1.3325477,7.800122,0.0027373433,0.2177815,1.4052304,7.5257425,0.002434492,0.19685684,1.3325275,34.598793,-26.44684,1.206433,0.8741591,8.897261,-0.65950286,0.29958284,-145.37465,29.079657,-24.238453,1.4713186,0.8524081,34.59761,8.895441,29.082174,a2,-0.1665983647108078,-0.1516828536105919,-9.440735313751256,-9.559691186081691,8.108066585806721,4.975878926343913,1.3151736898132305,
jin_4_3,0.01,512,,,-6.536637392698991,,,0.5435290271964514,7.5557003,0.0023225546,0.19681051,1.3884016,7.3521404,0.0012908578,0.1856308,1.409954,7.554777,0.0023223162,0.19733982,1.3893478,7.3492193,0.0012971163,0.18610623,1.409198,34.223145,-26.81919,1.1967678,0.8753796,8.78864,-0.5452961,0.2903692,42.220455,29.318464,-26.982088,1.4721417,0.85517776,34.223747,8.784005,29.319283,a2,-0.13252195715904236,-0.13113223151964035,-9.171856098960273,-9.334898731426144,6.379211966299381,3.9767343492181286,1.0732983978114206,
jin_4_3,0.01,2048,,,-6.44980820801199,,,0.5828977873268073,7.72519,0.0025594234,0.19517486,1.3235081,7.8217325,0.0022901297,0.19867231,1.3708379,7.7254677,0.0025603175,0.1969217,1.3240565,7.8218274,0.0022872686,0.19929056,1.370983,34.272285,-25.134943,1.1847601,0.86758834,9.112267,-0.83606017,0.29973957,-28.096474,28.59942,-25.013708,1.4312105,0.84273314,34.272324,9.114764,28.60145,a2,-0.15265659987926483,-0.15095150622448392,-8.812163736387506,-8.716766454246205,6.447063269063672,4.011893061442579,1.001222374185932,
jin_4_3,0.1,32,,,-6.449435522777111,,,0.5230570231202567,8.412089,0.002663374,0.2764662,1.6056873,7.72489,0.0023106933,0.18587199,1.4446539,8.449538,0.0026325583,0.28158858,1.5968198,7.656272,0.0023022294,0.19889349,1.4284464,34.860523,-25.97473,1.0613532,0.88249314,8.727066,-0.5670849,0.26362202,-337.62088,29.266117,-26.646898,1.2202548,0.8601176,34.82334,8.679596,29.216232,a2,-0.1883670687675476,-0.18392404856426883,-9.077686437556977,-9.308463457434044,4.4023321506315005,3.9009188582478282,0.9899317471725928,
jin_4_3,0.1,128,,,-6.449542192992349,,,0.5642947127240862,7.7904353,0.0027478933,0.22719075,1.3787717,7.5487447,0.0025254488,0.18978655,1.3422385,7.8007503,0.0025766492,0.21779905,1.4053437,7.5252423,0.0025670528,0.19684376,1.332439,34.53316,-25.981815,1.1350046,0.8721908,9.016386,-0.6684984,0.2756237,-129.32642,28.982346,-23.442802,1.2872576,0.8501757,34.50971,8.952301,28.994413,a2,-0.16671116650104523,-0.16472349210187537,-9.343902381683387,-9.555990222943059,9.553255612033677,4.926884271120972,1.412944325473103,
jin_4_3,0.1,512,,,-6.449552773620709,,,0.5474039999181018,7.6186204,0.002495885,0.1899217,1.3899175,7.4336395,0.0010558963,0.17918216,1.4273689,7.5541034,0.0025003552,0.19732222,1.3892238,7.349785,0.0011433959,0.18612055,1.4093065,34.185703,-26.268291,1.1398604,0.87454325,8.893555,-0.53881764,0.26211044,43.495945,29.282274,-26.178198,1.2731389,0.8543026,34.18056,8.806809,29.276016,a2,-0.1447889655828476,-0.15759199773079655,-9.300771641016116,-9.41779794502953,8.05183674043241,4.908838855301834,1.1871701905333396,
jin_4_3,0.1,2048,,,-6.449388039031735,,,0.5848947258029586,7.7755036,0.0025174022,0.17839241,1.327608,7.8742766,0.0021985173,0.19405676,1.3788843,7.725495,0.0025533438,0.1969224,1.3240612,7.822184,0.0021962523,0.19929965,1.3710456,34.26507,-24.714125,1.0938718,0.86736226,9.149323,-0.806414,0.26581907,-34.06871,28.576569,-24.169094,1.2611077,0.8425864,34.252716,9.128284,28.581842,a2,-0.1521054208278656,-0.1560551545571374,-8.873828949544757,-8.838535899079229,4.471483943381816,3.890618456260653,0.9209847216335273,
jin_4_4,0.0001,32,,,,1.0901555037134967e-05,,0.5291426984706933,8.460585,6.556511e-07,0.28196213,1.5989232,7.6654096,-7.879734e-05,0.19913208,1.4301546,8.46068,6.556511e-07,0.2819599,1.5989254,7.665403,-7.891655e-05,0.1991307,1.43015,34.82596,-26.518131,1.1943243,0.8821445,8.720469,-0.5863135,0.28963402,-852.897,29.218573,-27.234835,1.4777638,0.85967565,34.82593,8.72048,29.21854,a3,0.9925772547721863,0.8073997435076308,2.0856070230164158e-08,1.1068926912542398e-07,2.792660003383214e-05,4.8905787698728045e-06,2.4109874499016123e-06,
jin_4_4,0.0001,128,,,,1.0854492305370869e-05,,0.5550876215644205,7.810742,5.9604645e-07,0.21809047,1.4071184,7.5355024,-0.0001642704,0.19711865,1.3342612,7.8108172,5.9604645e-07,0.21808012,1.4071572,7.535539,-0.0001642704,0.19711311,1.3342621,34.66239,-26.5325,1.212233,0.87580025,8.897469,-0.66033304,0.30074465,-147.63771,29.146942,-24.363815,1.4817357,0.8543118,34.66238,8.897455,29.146969,a3,0.8564102649688721,0.7982763747804711,1.5161710221521665e-07,-2.3605307451247948e-07,1.6081290592887356e-05,8.631304738588108e-06,2.000311772176567e-06,
jin_4_4,0.0001,512,,,,9.21318666668056e-06,,0.5437685225304602,7.5635653,6.556511e-07,0.19756383,1.3909527,7.357376,-0.0009146929,0.18630952,1.410764,7.5635624,6.556511e-07,0.1975693,1.3909634,7.3573527,-0.0009146929,0.1863122,1.4107577,34.277843,-26.907759,1.1953975,0.87676543,8.789261,-0.5478852,0.29221815,42.141216,29.374247,-27.087255,1.4852432,0.85678494,34.27785,8.789219,29.374254,a3,0.9023340940475464,0.8307003511731637,-2.0983257167333786e-07,-3.6546737158934246e-08,1.9732134843843374e-05,1.2110078111956674e-05,2.6913595225657046e-06,
jin_4_4,0.0001,2048,,,,2.3756589139818467e-05,,0.5834714296711532,7.735361,1.7881393e-06,0.19717345,1.3257471,7.831844,-0.00027143955,0.1995409,1.3727374,7.7353697,1.847744e-06,0.19717412,1.3257536,7.831851,-0.00027143955,0.19954595,1.3727399,34.329212,-25.211708,1.1911321,0.86903423,9.121514,-0.8410381,0.30328888,-27.602905,28.657799,-25.133331,1.4486321,0.8443953,34.329216,9.121544,28.657824,a3,0.9047112464904785,0.9713884665529804,8.144015487153062e-07,1.1801956178723506e-06,3.822288077734361e-05,2.601590165115934e-05,6.02375518174169e-06,
jin_4_4,0.001,32,,,,2.477014369129298e-06,,0.5290953852693531,8.459735,2.3841858e-07,0.28198278,1.5989056,7.66548,-8.034706e-05,0.19902657,1.4301981,8.460681,2.3841858e-07,0.28195992,1.5989255,7.6654096,-8.070469e-05,0.19913086,1.4301512,34.826633,-26.519073,1.1947306,0.88215685,8.720102,-0.58627856,0.28940642,-841.2793,29.219326,-27.238358,1.4787136,0.85968924,34.826397,8.720197,29.218998,a3,0.9925772547721863,1.9093664320735115,-2.6715248631291607e-07,-2.5050848492358635e-08,2.079021452275543e-05,8.189262042872463e-06,2.4967912885171057e-06,
jin_4_4,0.001,128,,,,1.0842658146778616e-05,,0.5551771725691067,7.810068,4.7683716e-07,0.2181837,1.4067701,7.5351686,-0.00016057491,0.19716841,1.3342526,7.8108172,5.9604645e-07,0.21808012,1.4071572,7.5355277,-0.00016129017,0.1971128,1.3342601,34.661606,-26.53311,1.2121301,0.8757773,8.898156,-0.66054714,0.30078134,-147.4408,29.145824,-24.361624,1.4810387,0.8542853,34.6615,8.89802,29.14609,a3,0.8564102649688721,0.8588066719994458,3.6808812556286746e-07,1.7273422579312164e-07,1.750824360782816e-05,7.801169373346615e-06,2.18339355218328e-06,
jin_4_4,0.001,512,,,,1.5454269847146152e-05,,0.5438081168710155,7.563597,1.2516975e-06,0.19751467,1.390858,7.3576,-0.00091791153,0.18628581,1.4108247,7.5635605,1.1920929e-06,0.19756925,1.3909631,7.3573627,-0.0009174347,0.18631245,1.4107596,34.27739,-26.907516,1.1962574,0.876755,8.789873,-0.5479053,0.2921292,42.15161,29.373775,-27.08718,1.4852422,0.856773,34.277462,8.789451,29.37387,a3,0.9023340940475464,0.9390242468043652,1.0121116915825773e-07,4.24495095553879e-08,2.4982613297465248e-05,1.155248272265984e-05,2.9182531848784952e-06,
jin_4_4,0.001,2048,,,,1.1702732051297657e-05,,0.5834915200629142,7.735292,8.940697e-07,0.1971677,1.3256902,7.831795,-0.00027298927,0.19949576,1.3727173,7.735373,8.940697e-07,0.19717419,1.3257542,7.8318577,-0.0002732277,0.19954611,1.3727411,34.329002,-25.212763,1.1913939,0.8690285,9.121392,-0.84090614,0.3031169,-27.649197,28.657394,-25.132025,1.4473493,0.84438866,34.329018,9.121688,28.657614,a3,0.9047112464904785,0.9102612921196851,9.34538044413974e-07,5.156825591750209e-07,3.130291212359657e-05,2.0617135835019284e-05,5.6623228967220295e-06,
jin_4_4,0.01,32,,,,4.463282884712848e-06,,0.5286224615209305,8.451727,2.9802322e-07,0.282206,1.5988209,7.666718,-8.881092e-05,0.19791938,1.4307325,8.460683,-2.3841858e-07,0.28195998,1.5989258,7.665453,-9.191036e-05,0.199132,1.4301593,34.833515,-26.523302,1.1988146,0.8822837,8.716885,-0.5857984,0.28716385,-740.42126,29.227093,-27.265732,1.4681672,0.8598316,34.831043,8.717321,29.223644,a3,0.9925772547721863,0.9351140306534944,1.652720388964412e-07,2.4403331501619204e-07,2.109617999634635e-05,5.087225701551409e-06,2.131713751161546e-06,
jin_4_4,0.01,128,,,,1.0261504276709165e-05,,0.5560726308869838,7.8039145,6.556511e-07,0.21913755,1.4033982,7.5323706,-0.00012540817,0.19643566,1.3342617,7.810824,-1.0728836e-06,0.21808031,1.4071584,7.5354195,-0.00013256073,0.19710997,1.3342409,34.65389,-26.534327,1.2083542,0.87555116,8.90549,-0.66257405,0.29985994,-145.50911,29.134796,-24.334253,1.4741085,0.8540244,34.65271,8.90367,29.137314,a3,0.8564102649688721,1.0264334804332975,-2.036390495633616e-08,9.41384865334958e-08,1.4833394453816627e-05,6.159177778042673e-06,1.7067355271144372e-06,
jin_4_4,0.01,512,,,,2.231243886189127e-05,,0.5442010948240628,7.5644827,1.9073486e-06,0.19703928,1.3900155,7.360402,-0.0009548664,0.18583938,1.4115384,7.5635595,1.4901161e-06,0.19756922,1.3909628,7.357481,-0.000949502,0.18631545,1.4107822,34.273,-26.9003,1.1985111,0.8766548,8.796421,-0.5480337,0.2906263,42.257835,29.3692,-27.079018,1.4746892,0.8566576,34.2736,8.791785,29.370018,a3,0.9023340940475464,0.6363646463114492,-1.0863167867476114e-07,-1.9710122598187457e-08,2.975375120915029e-05,7.871111935919938e-06,3.1417945796903866e-06,
jin_4_4,0.01,2048,,,,3.273310263533487e-05,,0.583689477076929,7.7350855,2.4437904e-06,0.19542485,1.3252034,7.831792,-0.00027787685,0.19892782,1.3726009,7.7353673,2.4437904e-06,0.19717406,1.3257532,7.831885,-0.00028014183,0.19954681,1.3727459,34.327034,-25.21851,1.1866527,0.8689743,9.120519,-0.8393873,0.300011,-28.121918,28.653662,-25.112474,1.4339249,0.84433144,34.327076,9.123012,28.655691,a3,0.9047112464904785,0.9793718902528781,-2.1825507728560612e-07,-1.753019930615746e-07,6.609304298393903e-05,2.15108453743187e-05,7.018104243587054e-06,
jin_4_4,0.1,32,,,,7.725737087765916e-06,,0.5238933862413162,8.423312,5.364418e-07,0.27683505,1.6078295,7.7345862,-0.00019538403,0.18610528,1.4464672,8.460844,-3.8146973e-05,0.28196535,1.5989563,7.666052,-0.00024831295,0.19914755,1.430271,34.914623,-26.05852,1.0630003,0.8838627,8.736059,-0.5703161,0.2638937,-337.9688,29.31995,-26.7487,1.2224994,0.86169976,34.877464,8.688668,29.270094,a3,0.9925772547721863,1.0395501703897025,-1.5580050160825872e-07,-9.026533903461268e-09,1.6494190436061595e-05,9.510760327970003e-06,1.9485410997378692e-06,
jin_4_4,0.1,128,,,,6.484787887450771e-06,,0.5650271500240098,7.8011594,4.172325e-07,0.2275035,1.3806696,7.558338,-1.168251e-05,0.19002776,1.3439444,7.811452,-0.00016188622,0.21809785,1.4072715,7.534919,3.5762787e-07,0.19709688,1.3341522,34.58824,-26.067957,1.136815,0.87358195,9.02451,-0.67150676,0.27587205,-129.44295,29.037457,-23.535852,1.2897053,0.8517923,34.56481,8.960473,29.049553,a3,0.8564102649688721,1.2327896712349684,7.881723120198569e-08,9.205974757815094e-08,1.1369903221485945e-05,6.728574387470404e-06,1.4890045160936693e-06,
jin_4_4,0.1,512,,,,7.860660507758022e-06,,0.5481346026578819,7.6281433,6.556511e-07,0.1901591,1.3916548,7.4425883,-0.0013507605,0.17939785,1.4290872,7.5636888,-3.2782555e-05,0.1975726,1.3909867,7.3588033,-0.0013093948,0.18634894,1.4110358,34.240105,-26.355148,1.1416743,0.87593496,8.901989,-0.5417378,0.26235902,43.537193,29.337606,-26.281008,1.2755446,0.85591686,34.23498,8.815265,29.331377,a3,0.9023340940475464,0.7716389731626805,1.1611499855410445e-07,2.225221349529485e-07,1.4361628073160382e-05,9.018496631334929e-06,2.1678259930973465e-06,
jin_4_4,0.1,2048,,,,1.4338893459881634e-05,,0.5856774087395255,7.7853045,1.1324883e-06,0.17861727,1.3292814,7.8842974,-0.0003427267,0.19430372,1.3806391,7.7354035,-7.033348e-06,0.19717497,1.3257594,7.832249,-0.0003732443,0.19955608,1.3728098,34.319916,-24.796509,1.0956227,0.8687506,9.157509,-0.8096479,0.26605687,-34.09919,28.630875,-24.264843,1.2635043,0.8441876,34.307583,9.136475,28.636179,a3,0.9047112464904785,1.0136360515389242,-1.551455840000928e-07,-2.5992785850642267e-07,2.787865252417035e-05,2.252028740142704e-05,5.081486767666799e-06,
jin_4_5,0.0001,32,,,,,3.67458875859233,0.6726390703247732,8.1783085,0.06561482,0.27255484,1.5455772,8.363213,-0.19044638,0.21725963,1.5603454,8.178415,0.06561142,0.27255315,1.545582,8.363176,-0.19043815,0.21725735,1.560335,33.84299,-24.98665,1.1606143,0.85724586,12.406988,-2.2110126,0.4120748,-1213.4534,24.476301,-18.81339,1.2379178,0.72014743,33.84297,12.406991,24.476269,a4,135.78607177734375,135.0767891031836,0.04409468285618003,0.0055955463960682995,21.609111761113994,17.993096769653818,6.034794104558906,
jin_4_5,0.0001,128,,,,,-0.0309958176202298,0.0556500804991821,7.8089633,0.00045603514,0.21804081,1.406798,7.5330877,0.00047659874,0.19705549,1.3338337,7.8090386,0.00045597553,0.21803047,1.4068367,7.5331244,0.00047653913,0.19704995,1.3338345,34.66305,-26.53355,1.212256,0.87581694,8.885052,-0.6557021,0.30032495,-147.43169,29.166342,-24.397593,1.4827219,0.85488045,34.663044,8.885038,29.166368,a4,-57.16924285888672,-57.70685599770786,0.033729694577698116,0.9518249539838762,20.8700402298174,19.546725540189122,6.041628005204805,
jin_4_5,0.0001,512,,,,,1.734447041787086,0.6216574651131226,7.3767743,0.048783004,0.19268475,1.3566015,7.081235,0.07280922,0.17931685,1.3578144,7.3767567,0.04878682,0.19268972,1.3566092,7.0812006,0.07281226,0.17931913,1.357806,34.427727,-27.152353,1.2006245,0.88059914,12.183272,-1.9741442,0.40505946,58.41423,24.84092,-19.08682,1.2560256,0.72455734,34.427734,12.183239,24.840927,a4,62.21198272705078,63.8874995170022,0.10681742700850543,0.8714320341009288,21.05256172457628,18.70707934457024,5.939636811295908,
jin_4_5,0.0001,2048,,,,,1.807119285975494,0.655072529422697,7.5553274,0.04600823,0.19258441,1.2948916,7.7279196,0.026098669,0.1968931,1.354522,7.5553484,0.04600507,0.19258538,1.2949001,7.7279286,0.026097953,0.19689813,1.3545247,34.322887,-25.20205,1.1909126,0.86887413,13.139997,-2.8204932,0.43690276,-39.763363,23.61105,-16.73943,1.1935225,0.695694,34.32289,13.140041,23.611073,a4,44.35264205932617,45.525985738476905,0.10689896807480637,0.9095771486595157,18.592137730662685,18.59212396246612,5.883324904359263,
jin_4_5,0.001,32,,,,,3.6745887738331113,0.6725917909754738,8.17735,0.065645695,0.27257025,1.5455343,8.363474,-0.19050074,0.21714929,1.5604273,8.178415,0.06561142,0.27255315,1.545582,8.363104,-0.19041741,0.21725546,1.5603215,33.843628,-24.987509,1.1610086,0.85725737,12.406576,-2.2109995,0.41175464,-1196.935,24.477028,-18.816021,1.2387184,0.7201616,33.843437,12.406601,24.47673,a4,135.81375122070312,135.1048204325756,0.05794154640381917,0.00547088881971725,21.60911221593608,17.993096733527565,6.040177042873379,
jin_4_5,0.001,128,,,,,-0.0310112325879462,0.0557401688320521,7.8082886,0.00045609474,0.21813399,1.4064496,7.5327516,0.0004810691,0.19710517,1.3338246,7.8090367,0.00045645237,0.21803041,1.4068365,7.5331106,0.00048017502,0.19704957,1.3338321,34.66227,-26.53416,1.2121533,0.87579405,8.885724,-0.6559106,0.3003611,-147.23479,29.165245,-24.395433,1.4820255,0.8548545,34.662163,8.88559,29.16551,a4,-57.13426971435547,-56.550953857481545,0.03372919953717155,0.9518515518001939,20.87004036846409,19.546725690105365,6.0416280738479635,
jin_4_5,0.001,512,,,,,1.734447019597972,0.6216968455763833,7.376938,0.048749447,0.19264027,1.3565335,7.0815687,0.072775245,0.17929702,1.3578955,7.3767567,0.04878682,0.19268972,1.3566092,7.08122,0.07280707,0.17931962,1.3578098,34.4273,-27.152157,1.2014891,0.8805894,12.183897,-1.9740729,0.4049287,58.42757,24.84046,-19.086664,1.2560217,0.7245454,34.427345,12.183559,24.840546,a4,62.20811080932617,63.68321231797852,0.10678612098648983,0.8699680984759023,21.05256026035827,18.707079550247762,5.939636723506694,
jin_4_5,0.001,2048,,,,,1.807119340891028,0.6550913526899937,7.555141,0.046037376,0.19257577,1.2948155,7.7278423,0.02610451,0.19684781,1.354497,7.5553484,0.04600507,0.19258538,1.2949001,7.7279315,0.026097238,0.1968982,1.3545253,34.322678,-25.203108,1.1911744,0.8688684,13.139761,-2.8201845,0.43665302,-39.829865,23.610668,-16.738472,1.192463,0.6956872,34.32271,13.1402025,23.61089,a4,44.355350494384766,44.41845626972028,0.11453310941093527,0.912089428045846,18.59212745738989,18.59212334964682,5.89015397518629,
jin_4_5,0.01,32,,,,,3.674588811581293,0.672118882988468,8.168294,0.06594682,0.27274206,1.5452037,8.366595,-0.19101477,0.215987,1.5613408,8.178417,0.065611005,0.27255324,1.5455824,8.362377,-0.19021058,0.2172366,1.5601859,33.850124,-24.991209,1.1649706,0.8573758,12.402821,-2.2104535,0.40859112,-1053.5085,24.484514,-18.836817,1.2299328,0.7203097,33.84806,12.402701,24.481325,a4,136.0906982421875,136.3691227876552,0.0581516664480106,0.0051971524755907,21.60911190410632,17.993096653024814,6.039925942015034,
jin_4_5,0.01,128,,,,,-0.0311657635055323,0.0566411183803774,7.802127,0.00045883656,0.21908735,1.4030766,7.5299287,0.00052279234,0.19637197,1.333829,7.8090253,0.000459373,0.2180301,1.4068344,7.532977,0.0005155802,0.19704609,1.3338084,34.65456,-26.535393,1.2083776,0.8755681,8.892922,-0.65788484,0.29943678,-145.30377,29.154411,-24.36838,1.4751009,0.85459936,34.65338,8.891103,29.156929,a4,-56.78459930419922,-56.961141190470244,0.03371708166711979,0.9518658482211788,20.870040320482694,19.5467255643837,6.041628140543704,
jin_4_5,0.01,512,,,,,1.7344469864697296,0.6220905780222815,7.379136,0.048405826,0.19221137,1.355957,7.085472,0.07242507,0.17889781,1.3588138,7.3767586,0.04878646,0.19268976,1.3566096,7.081422,0.07275432,0.17932473,1.3578484,34.42314,-27.14529,1.2037616,0.88049525,12.190439,-1.9730833,0.40276176,58.562634,24.836016,-19.079899,1.2470685,0.72443116,34.423477,12.186767,24.83671,a4,62.169349670410156,60.734961712434874,0.10681154516756373,0.8714534930233708,21.052562030192323,18.707078421684777,5.939636824690408,
jin_4_5,0.01,2048,,,,,1.807119670939472,0.6552904390850127,7.553817,0.046322346,0.19084515,1.2941478,7.7276053,0.026158512,0.19628148,1.3543413,7.5553493,0.04600483,0.19258541,1.2949002,7.7279587,0.026090384,0.19689889,1.35453,34.32061,-25.208694,1.1864307,0.86881167,13.13781,-2.81663,0.4321561,-40.508705,23.606926,-16.724201,1.1813694,0.69562036,34.320755,13.141915,23.608952,a4,44.383636474609375,43.30467676482615,0.10702847910576468,0.9120657737571523,18.592130681272725,18.592124200600523,5.883322618074182,
jin_4_5,0.1,32,,,,,3.674589007659269,0.6673899214560806,8.131137,0.06817037,0.2672326,1.5520594,8.448522,-0.19336188,0.2032836,1.5799823,8.178583,0.06557304,0.27255875,1.5456138,8.355257,-0.18818474,0.21705163,1.5588574,33.927742,-24.550486,1.032954,0.8588798,12.401353,-2.1644204,0.3746127,-479.76672,24.577507,-18.498083,1.0247625,0.72232157,33.89433,12.363739,24.527294,a4,138.8592987060547,138.48434354685594,0.058932169544418024,0.0076579870914534505,21.609111328065108,17.993096772125988,6.039064174625414,
jin_4_5,0.1,128,,,,,0.0096161306130173,0.0650563647585216,7.801,4.1246414e-05,0.22749886,1.3806415,7.558108,4.9352646e-05,0.19002196,1.3439034,7.8112783,-0.00011742115,0.218093,1.4072403,7.534687,6.186962e-05,0.19709082,1.3341112,34.58855,-26.068438,1.1368252,0.87358975,9.023152,-0.6710037,0.27583054,-129.42346,29.039562,-23.539412,1.2897989,0.8518541,34.56512,8.959107,29.05166,a4,-54.11320877075195,-53.11107686623018,0.03399506444721499,0.9532981053176445,20.870042957078727,19.54672569594746,6.041625868716952,
jin_4_5,0.1,512,,,,,1.734444486897676,0.6260221392625435,7.457129,0.044335663,0.18589595,1.3604555,7.1805744,0.0679127,0.17308222,1.3787767,7.3768806,0.04875499,0.19269295,1.356632,7.083548,0.07219744,0.17937857,1.3582561,34.39261,-26.599371,1.1467593,0.8798364,12.28476,-1.9360929,0.36205593,60.081406,24.808542,-18.508036,1.0786294,0.7237826,34.38484,12.218793,24.79844,a4,61.78156280517578,60.41655206013248,0.10655778425735563,0.8716220312860758,21.05256019529266,18.707078707791915,5.939642117439417,
jin_4_5,0.1,2048,,,,,1.8071194534639663,0.6572776649557986,7.5940967,0.04851812,0.17423041,1.2966342,7.77842,0.026343822,0.19169444,1.3620987,7.5553813,0.045996785,0.19258621,1.2949057,7.728254,0.026016057,0.19690642,1.3545817,34.312553,-24.785439,1.0953877,0.8685642,13.149897,-2.7315052,0.38204938,-48.965374,23.587597,-16.148054,1.0409403,0.6954855,34.30129,13.158996,23.589647,a4,44.66676330566406,43.642162952745394,0.11433785099248976,0.9107965187393723,18.59213560003036,18.59212429672263,5.890157941455419,
jin_4_6,0.0001,32,,,,,,0.4821638219873221,8.004988,0.10479951,0.26677868,1.5128222,7.171528,0.12463969,0.18630202,1.3380098,8.005088,0.104797125,0.26677686,1.5128261,7.171515,0.12464106,0.18630055,1.3380044,35.125267,-26.993168,1.2045888,0.88972604,7.0966005,-0.050533652,0.23570026,-694.07605,33.14127,-35.324997,1.6761588,0.97509015,35.125244,7.09662,33.14124,a5,21.730663299560547,21.74955137569611,-0.9168888553811019,-0.8854749600092715,18.8495588359278,18.84955547339633,5.729882121735231,5.397723838181703
jin_4_6,0.0001,128,,,,,,0.4631718546197235,7.420136,0.09751731,0.20718403,1.33675,6.813385,0.18234003,0.17822903,1.2064008,7.4201317,0.09753573,0.20717208,1.3367733,6.8134212,0.18233925,0.17822409,1.2064021,35.01652,-27.09795,1.2246177,0.8847479,6.90638,-0.0003759861,0.23344357,-114.59914,34.868782,-35.29963,1.7726154,1.0220219,35.016514,6.9063716,34.86881,a5,24.595191955566406,24.678815066626093,-0.9425353218615914,-3.1102340408432507,18.84956075456291,18.849556750416784,5.750618847607787,6.314541556877924
jin_4_6,0.0001,512,,,,,,0.4665421902776955,6.69985,0.21534854,0.17500319,1.232114,6.322592,0.260835,0.16010587,1.212346,6.699836,0.2153514,0.17500773,1.2321213,6.322569,0.26083565,0.1601081,1.2123399,34.540585,-27.337225,1.2045603,0.88348585,7.0817604,-0.004885435,0.23544857,33.95439,34.98052,-38.83165,1.7687118,1.020308,34.540592,7.081712,34.980526,a5,29.66862678527832,29.683471858295228,-0.9379231368997497,-3.3569424484973767,18.849571702315565,18.849557266452223,5.596061845649083,-6.498532467013542
jin_4_6,0.0001,2048,,,,,,0.4955437199553407,6.885791,0.20759779,0.175518,1.1801411,6.971177,0.20749485,0.17761269,1.2218828,6.885821,0.20759267,0.17551917,1.1801507,6.971161,0.20749998,0.17761661,1.2218812,34.865723,-26.037403,1.2097476,0.8826158,6.729577,-0.002084732,0.22375734,-20.364588,34.384735,-36.621876,1.7381248,1.013138,34.865723,6.7295637,34.384754,a5,29.319068908691406,29.088317958780863,-0.8374482904554483,-3.1936408854855936,18.84955876649466,18.849556757965573,5.622939777532269,-0.0520594377940856
jin_4_6,0.001,32,,,,,,0.4821165105934124,8.004089,0.10482019,0.26679507,1.5127877,7.171648,0.12462503,0.18620472,1.3380606,8.005088,0.104797125,0.26677686,1.5128261,7.171517,0.12464076,0.18630059,1.3380047,35.125935,-26.994102,1.2049983,0.88973814,7.09634,-0.05052209,0.23551631,-684.6255,33.142044,-35.329353,1.6772321,0.9751032,35.12571,7.0965333,33.141705,a5,21.730628967285156,22.00848254752784,-0.916888867712101,-0.885475093228241,18.849560606948316,18.849556035223074,5.729882174985195,5.397723503756225
jin_4_6,0.001,128,,,,,,0.4632613824093193,7.420176,0.09735167,0.20729159,1.3365417,6.81305,0.18235117,0.17827314,1.2063869,7.4201326,0.09753555,0.20717211,1.3367735,6.813405,0.18234307,0.17822367,1.2063992,35.015717,-27.098545,1.2245135,0.88472444,6.906437,-0.00036680698,0.23345594,-114.43837,34.86766,-35.296936,1.7717925,1.0219965,35.01563,6.9063444,34.867924,a5,24.584064483642578,24.762371375944916,-0.9425353628947777,-3.110234053144275,18.84956026568597,18.84955690024615,5.750618978689275,6.314541931239551
jin_4_6,0.001,512,,,,,,0.4665815266310152,6.6999893,0.21532309,0.17496254,1.2320505,6.32282,0.2608242,0.1600864,1.212405,6.699836,0.2153514,0.17500773,1.2321213,6.3225875,0.2608313,0.16010857,1.2123435,34.540142,-27.337004,1.2054273,0.8834757,7.0821757,-0.004876256,0.2353743,33.962395,34.98004,-38.831738,1.7687149,1.0202963,34.540203,7.0816855,34.980137,a5,29.667280197143555,29.640479020835624,-0.937923043505749,-3.3569428621141766,18.84957154959885,18.849556836980454,5.5960617400892945,-6.498532191337343
jin_4_6,0.001,2048,,,,,,0.4955635251438505,6.885524,0.20764434,0.17550765,1.1800551,6.971338,0.20744735,0.17757772,1.2219007,6.885821,0.20759267,0.17551917,1.1801507,6.9711633,0.20749944,0.17761669,1.2218815,34.86552,-26.03851,1.2100139,0.88261026,6.7297115,-0.0020798445,0.22363792,-20.39942,34.38434,-36.620193,1.7365901,1.0131328,34.865532,6.729574,34.384563,a5,29.32162857055664,30.389129712204976,-0.8374481153717803,-3.1936414228793555,18.84955954676403,18.849558223441328,5.622939776590245,-0.0520595662367684
jin_4_6,0.01,32,,,,,,0.4816436033552898,7.995646,0.1050145,0.2669773,1.5125437,7.173443,0.12446225,0.1851853,1.3386794,8.00509,0.10479671,0.26677692,1.5128264,7.1715302,0.124637425,0.18630095,1.3380071,35.132725,-26.998167,1.209112,0.88986224,7.0943704,-0.050396204,0.2337127,-602.6032,33.14992,-35.362526,1.665223,0.9752372,35.13036,7.095666,33.146366,a5,21.730310440063477,21.667976230411163,-0.9797206972859851,-0.885474957348036,21.991152327469706,18.849555976425336,5.832145284771938,5.397723294474505
jin_4_6,0.01,128,,,,,,0.4641568334734309,7.4211955,0.09567934,0.20839062,1.3345728,6.8102884,0.18243515,0.17760459,1.2063541,7.420139,0.097534,0.20717227,1.3367746,6.813244,0.18238175,0.17821945,1.2063706,35.007748,-27.099512,1.220693,0.8844916,6.907603,-0.00027656555,0.23258837,-112.86511,34.856533,-35.262066,1.7636063,1.021745,35.006786,6.9060774,34.859097,a5,24.472850799560547,24.295391472816974,-0.94253534549216,-3.1102339202762392,18.849559568823285,18.849556897997147,5.750618940865695,6.314541700568403
jin_4_6,0.01,512,,,,,,0.4669748766374327,6.7019963,0.21503717,0.17457327,1.2315289,6.3257403,0.26067716,0.1597157,1.2131165,6.699837,0.21535105,0.17500776,1.2321216,6.3227763,0.26078707,0.16011335,1.2123797,34.535805,-27.32982,1.2077013,0.883377,7.0868325,-0.004783988,0.23414293,34.045006,34.975426,-38.822056,1.7561896,1.0201832,34.53632,7.081425,34.976254,a5,29.653810501098633,29.619443558410044,-0.9379229828264201,-3.3569425989565485,18.84957093996676,18.849557272170188,5.596061745279613,-6.498532244507959
jin_4_6,0.01,2048,,,,,,0.4957623522807519,6.883442,0.20808238,0.17390831,1.1792967,6.97353,0.20694423,0.17712793,1.2221818,6.885822,0.20759237,0.17551918,1.1801509,6.971193,0.20749271,0.17761743,1.2218868,34.8636,-26.044563,1.2052014,0.8825573,6.731678,-0.0020301342,0.22143231,-20.756243,34.38051,-36.593464,1.7205155,1.0130832,34.863567,6.7296762,34.3826,a5,29.347183227539062,27.996291692033992,-0.8374479369783024,-3.1936395459252545,18.849557683691962,18.849556902967052,5.622939650071914,-0.0520578032793812
jin_4_6,0.1,32,,,,,,0.4769164231096,7.9658012,0.10568011,0.2617988,1.5205004,7.250589,0.12106401,0.1744596,1.3559535,8.005261,0.10475844,0.26678264,1.512859,7.171833,0.124563456,0.18630882,1.3380636,35.21281,-26.52268,1.0720788,0.8914113,7.1376495,-0.048253775,0.21560988,-276.1317,33.242065,-34.66911,1.3860325,0.9769689,35.17685,7.0871577,33.19298,a5,21.727174758911133,21.827064280980313,-0.9168889335192296,-0.8854745539627388,18.849560808532566,18.849556170541284,5.729882212898201,-7.168647924652927
jin_4_6,0.1,128,,,,,,0.4731107910984957,7.492882,0.07747257,0.21851327,1.3261099,6.8423347,0.18047732,0.17202637,1.2166321,7.420799,0.097373486,0.2071907,1.3368934,6.8122854,0.18261182,0.17819437,1.206201,34.93947,-26.620466,1.1483588,0.8824527,6.978856,0.00039309263,0.21333805,-100.10113,34.756077,-34.151627,1.5436991,1.0195438,34.918373,6.9040465,34.7708,a5,23.3607177734375,23.286651226163777,-0.9425354596338501,-3.1102338963584772,18.849560080212207,18.849556697114608,5.7506189398388186,6.3145413367165615
jin_4_6,0.1,512,,,,,,0.4709082966686512,6.783697,0.20914847,0.16910821,1.2375968,6.4177985,0.25542164,0.15469609,1.2323124,6.6999784,0.21531796,0.17501146,1.2321475,6.3247986,0.26031417,0.16016456,1.2127675,34.503407,-26.777483,1.1504536,0.8826708,7.1832166,-0.0038627386,0.21170345,35.13115,34.94121,-37.697865,1.519179,1.0194006,34.497494,7.078938,34.937416,a5,29.519123077392578,29.48182401580212,-0.9379231480125284,-3.3569425766515266,18.84957085080324,18.849557267762712,5.596061815073655,-6.498533025182882
jin_4_6,0.1,2048,,,,,,0.4977473144402934,6.921368,0.20962691,0.15879609,1.1817709,7.0540934,0.19923466,0.17384385,1.23526,6.8858476,0.20758653,0.17551984,1.1801553,6.971499,0.20742309,0.17762522,1.2219404,34.856884,-25.610044,1.1127647,0.882343,6.8126225,-0.0015393496,0.19792993,-25.367699,34.35461,-35.37621,1.5160975,1.0129532,34.84399,6.730729,34.36302,a5,29.603023529052734,29.669857958936063,-0.8374486209694755,-3.1936383215572928,18.84956007224534,18.849558068545548,5.622939741017104,-0.0520870376978454
jin_5_1,0.0001,32,,-8.895883255068957,,,,-0.3086861050397969,2.8984876,-0.041290164,0.2497799,3.75185,2.8984635,-0.015484095,0.24297947,-22.963608,2.8984754,-0.041297674,0.24978164,3.7516317,2.8984685,-0.015483856,0.24298769,-22.963802,0.7527353,-0.049691558,0.1849077,-17.848246,4.222628,0.0008058548,0.3519622,-32.737576,1.2501756,-1.1975203,0.42493558,1.9596735,0.7527341,4.2226377,1.2501796,a1,0.9455296993255615,0.9449396074186611,1.327037717854215,2.7314952022257297,26.672325064011474,19.809396301468798,6.050375269832605,
jin_5_1,0.0001,128,,12.984421184761397,,,,-0.0932640698548688,3.0746682,-0.008243442,0.26382348,10.094024,2.8668547,-0.003375411,0.24345563,24.336222,3.0746117,-0.00824213,0.26382357,10.094584,2.866839,-0.0033755302,0.2434587,24.335495,0.7478214,-0.0074584484,0.1839662,69.78072,4.2054105,0.0006788373,0.35068163,140.6003,1.0344254,-0.5951153,0.3558813,1.6050743,0.747822,4.2054067,1.034412,a1,-0.0055407024919986725,-0.0052519113793533705,1.568927860340334,1.339178394211155,27.902753306404254,22.74464630740049,6.566891357204934,
jin_5_1,0.0001,512,,-0.6208127309145237,,,,-0.0194107582551566,2.8838725,-0.007066846,0.24134415,-10.181415,2.841923,0.00025725365,0.23710795,-21.515196,2.8838725,-0.0070664883,0.2413493,-10.18157,2.8419383,0.00025731325,0.23709823,-21.515306,0.72334164,-0.00405097,0.18068038,-24.95295,4.285522,-0.0063382387,0.35736826,379.6794,1.0918962,-0.64193916,0.37239465,1.5617357,0.72334826,4.2855134,1.0918994,a1,0.08182217180728912,0.0820356635955477,1.3928538305737754,2.191823618408234,25.856373452177763,20.522731917726038,5.936403057461502,
jin_5_1,0.0001,2048,,-1.1979652698065364,,,,-1.9667030999431226e-05,2.8615508,1.4901161e-06,0.23899882,-3035.5771,2.8963943,-0.0040010214,0.24197736,-15.837285,2.8615558,1.6093254e-06,0.23899987,-3032.9978,2.896397,-0.00400126,0.24197993,-15.836389,0.7240911,-0.0018099546,0.18009467,-23.515162,4.2842426,-0.00093734264,0.35713264,-32.778625,1.0710124,-0.5915121,0.3651394,1.640341,0.7240932,4.2842393,1.0710077,a1,3.343563002999872e-05,3.3434782185845444e-05,1.255934191996174,2.345342055385489,24.44751385870422,20.395378685305634,6.041658260099803,
jin_5_1,0.001,32,,8.895892481501246,,,,0.3085377668790445,2.89862,-0.041237473,0.24976632,3.753841,2.8984044,-0.015475035,0.2429042,-22.961746,2.8984935,-0.041310668,0.2497832,3.7516553,2.8984554,-0.015474558,0.24298659,-22.963697,0.7527263,-0.04964173,0.18518415,-17.862265,4.2225413,0.0008060336,0.35187477,-32.75155,1.2500443,-1.19702,0.42454565,1.9596553,0.75270945,4.2226367,1.2500829,a1,0.9451162815093994,0.9402711213431543,1.3218411380171864,2.7314884599663847,26.67227339308247,19.809397484707972,5.974782205506164,
jin_5_1,0.001,128,,-12.98436367559144,,,,0.0933476553355649,3.0751748,-0.008253217,0.26382256,10.088965,2.867002,-0.0033762455,0.24330507,24.342815,3.0746105,-0.008241296,0.26382348,10.094581,2.866842,-0.0033777952,0.24345896,24.335522,0.7478267,-0.007450938,0.18353795,71.31314,4.205444,0.00067925453,0.35054925,140.84268,1.0345366,-0.5951978,0.35606757,1.6049933,0.747827,4.2054057,1.0343996,a1,-0.005456279963254929,-0.005678799116992524,1.5230890882363886,1.339035196609451,27.903361968723225,20.95803060823836,6.485974904024994,
jin_5_1,0.001,512,,-0.6208208968275457,,,,-0.0194131648062659,2.883873,-0.00706923,0.24129777,-10.180012,2.8417866,0.0002579689,0.23719545,-21.514202,2.883872,-0.0070661306,0.24134926,-10.181569,2.8419378,0.00025761127,0.23709819,-21.515303,0.7232872,-0.0040500164,0.18050118,-24.961922,4.285603,-0.006338954,0.35725078,381.6023,1.0918689,-0.64190435,0.37303472,1.5617564,0.72334844,4.285515,1.0918983,a1,0.08183008432388306,0.08178727917140804,1.3971314516539615,2.190399044463092,25.855223729099432,20.52315717643211,5.939122625045384,
jin_5_1,0.001,2048,,-1.1984006894054977,,,,-1.872015103397229e-05,2.8615074,1.6093254e-06,0.23898955,-3058.9924,2.8963675,-0.0039969683,0.24195406,-15.845353,2.861556,1.3709068e-06,0.23899989,-3032.998,2.8963974,-0.004001498,0.24197994,-15.8363905,0.72407717,-0.0018280745,0.18000528,-23.400286,4.28427,-0.0009391308,0.35714552,-32.74448,1.0710562,-0.591442,0.36500147,1.6404004,0.72409326,4.284239,1.0710074,a1,3.17682497552596e-05,3.176173510392716e-05,1.2559265170009928,2.3454295438420236,24.447502112526145,20.395414882687277,6.041655932565395,
jin_5_1,0.01,32,,-8.895879933483583,,,,-0.3070399301014638,2.9000218,-0.040709853,0.2496373,3.7739618,2.8979495,-0.015383005,0.24216542,-22.944225,2.898676,-0.04144168,0.24979891,3.7518914,2.898323,-0.015381813,0.2429755,-22.962648,0.7531194,-0.049084067,0.18779711,-18.015247,4.221765,0.0008074045,0.35012943,-32.89271,1.2490556,-1.1907644,0.42079023,1.9599812,0.75246537,4.2226267,1.2491262,a1,0.9410872459411621,0.9462305566092881,1.4692611605864403,2.731586887460008,31.418005643095583,19.80939225052994,6.221500559474107,
jin_5_1,0.01,128,,-9.745640868937054,,,,-0.0651280564516452,3.08036,-0.008349419,0.26382336,10.039139,2.8666818,-0.0020315647,0.24155347,24.393658,3.0746682,-0.008279204,0.26382843,10.09477,2.8649304,-0.0020401478,0.24329662,24.319294,0.74755245,-0.0050474405,0.17898361,91.33883,4.207831,-0.0002424717,0.3477781,143.38289,1.0048047,-0.5005722,0.33595815,1.5564092,0.74697226,4.2073536,1.0031061,a1,0.05270559340715408,0.05312105461990097,1.5813165829389684,1.3392055456634884,27.902641172636137,22.74471124436922,6.5624869637106436,
jin_5_1,0.01,512,,-0.6208976428835242,,,,-0.0194395493044983,2.8840103,-0.0070917606,0.2407545,-10.166465,2.8405535,0.00026488304,0.2380855,-21.50524,2.8838668,-0.007062435,0.24134882,-10.18155,2.841933,0.00026100874,0.23709778,-21.515266,0.72328347,-0.0040341616,0.17886066,-25.070818,4.2865005,-0.006345153,0.35426387,401.96295,1.0919337,-0.6408944,0.3667989,1.5624464,0.72334975,4.285534,1.0918862,a1,0.08191856741905212,0.08174759891232952,1.3913888750077774,2.190392180763335,25.855938550873475,20.522574484467803,5.934295621881645,
jin_5_1,0.01,2048,,-1.1967323517722317,,,,-1.8950553645253124e-05,2.8612084,1.3709068e-06,0.23854378,-3314.8772,2.8962328,-0.003955722,0.24173246,-15.927223,2.861556,1.3709068e-06,0.23899989,-3032.998,2.8963974,-0.004001379,0.24197994,-15.8363905,0.72443116,-0.0020085573,0.17897004,-22.32536,4.2846336,-0.0009588003,0.3548349,-32.407646,1.0718367,-0.5901629,0.354999,1.6415172,0.72409326,4.284239,1.0710075,a1,3.2422343792859465e-05,3.021560266805595e-05,1.255937965798349,2.345440328024775,24.447364147967818,20.395582092592715,6.041643439605292,
jin_5_1,0.1,32,,3.4807546254913517,,,,0.3755456585772547,2.921478,-0.03497958,0.2479776,3.9966848,2.9002337,-0.009555578,0.2227311,-22.82395,2.9037585,-0.045097232,0.25023693,3.75847,2.8902278,-0.009717703,0.24229684,-22.898512,0.8379158,-0.12959242,0.18063551,-21.795618,4.2469378,-0.0105929375,0.3267372,-34.64607,1.2653344,-1.004024,0.2947831,2.0047312,0.7871437,4.2470136,1.2356594,a1,1.7430757284164429,1.7525705623837708,1.1216868046743966,2.731519028259649,29.494006261605527,21.827029946532726,6.053292346600387,
jin_5_1,0.1,128,,-9.760176476922233,,,,-0.0694811579281701,3.1437716,-0.008858681,0.2590182,9.610209,2.8968601,-0.0019778013,0.2190355,25.205086,3.0745816,-0.008222461,0.263821,10.094486,2.8649938,-0.0020844936,0.243302,24.319832,0.80515844,-0.0048509836,0.14856069,-54.26719,4.2225976,-0.00022006035,0.31546566,174.31934,1.0566863,-0.44549382,0.25080016,1.6113673,0.7471647,4.2073793,1.0004687,a1,0.07056670635938644,0.07039738196274863,1.5197611579588353,1.339152803564129,25.968681020501656,20.959173373801264,6.46605657324617,
jin_5_1,0.1,512,,-0.6216622942586236,,,,-0.0196968766728266,2.8988516,-0.0072534084,0.23115775,-10.07986,2.8414094,0.00033080578,0.22176647,-21.515461,2.883815,-0.0070261955,0.2413445,-10.181368,2.8418863,0.0002938509,0.2370939,-21.514914,0.7753564,-0.0033707619,0.16416366,-28.103256,4.30416,-0.006380439,0.30969712,861.24176,1.1260157,-0.5728632,0.26548842,1.617398,0.7233627,4.2857213,1.0917677,a1,0.08277291059494019,0.08366493098321826,1.4794363813950682,2.19163392492103,28.92869406125748,21.9006213603938,6.094957972951318,
jin_5_1,0.1,2048,,6.624319374757244,,,,-7.074853359680805e-06,2.8717513,0.0,0.22434212,-20491.055,2.9079297,-0.003525734,0.22935177,-16.871141,2.8615582,0.0,0.23900007,-3033.0002,2.8964,-0.0040032864,0.24198017,-15.836405,0.7755387,-0.0037665367,0.15511256,-16.325098,4.2967014,-0.0011544228,0.3227263,-29.4452,1.1126055,-0.5261166,0.27056533,1.7031388,0.7240938,4.2842274,1.0709952,a1,3.8132877762109274e-06,3.7829185691769983e-06,1.255933555051002,2.3462269037190344,24.44612896933012,20.396327004306166,6.041510922035573,
jin_5_2,0.0001,32,,,-10.016524600902388,,,-0.1381607053199128,2.92591,-0.061086416,0.25214306,3.787346,2.854876,0.014828205,0.23932551,-22.618279,2.925899,-0.06109512,0.25214493,3.7871275,2.8548813,0.014828205,0.23933363,-22.618471,0.7415469,-0.018718958,0.1821593,-17.582956,4.309261,-0.040614486,0.35918316,-33.40923,1.03502,-0.50621974,0.35180402,1.6224132,0.7415469,4.309271,1.0350236,a2,0.11752794682979584,0.11850081246219404,-0.09511252352355189,-0.5978252688768094,50.26528253752719,18.849620087069336,7.382337733634536,
jin_5_2,0.0001,128,,,4.315124437592487,,,-0.0028150776957703,3.0769916,-0.009767652,0.26402286,10.101651,2.8641973,-0.0015159845,0.24322997,24.313663,3.0769353,-0.009766698,0.26402298,10.102214,2.8641813,-0.0015161037,0.24323301,24.312935,0.745167,-0.00031924248,0.18331322,69.533035,4.2077785,-0.00044679642,0.3508791,140.67947,1.0439358,-0.62458074,0.35915324,1.6198312,0.7451672,4.2077746,1.0439234,a2,0.0012036808766424656,0.0011625684419697786,0.044762999989789345,-0.4891310689417148,26.598819063511108,20.478285567021775,6.574099383453386,
jin_5_2,0.0001,512,,,4.934988254088554,,,0.0786747120993807,2.8824124,-0.006047368,0.24122196,-10.17626,2.8428907,-0.00042378902,0.2371887,-21.522522,2.882413,-0.006047249,0.24122715,-10.176417,2.842906,-0.00042378902,0.23717897,-21.522633,0.72900385,-0.019831657,0.18209471,-25.148277,4.283721,-0.005492568,0.3572181,379.51987,1.0602584,-0.5481671,0.36160448,1.5164844,0.7290106,4.2837124,1.0602616,a2,0.033585164695978165,0.031867937417759964,0.04916935587021923,1.7928260763412656,21.99113616299903,18.84963828429492,6.123068909867045,
jin_5_2,0.0001,2048,,,2.2938417163205345,,,-0.000136950504599,2.8615377,1.0848045e-05,0.23899773,-3035.5632,2.8963766,-0.003988862,0.24197589,-15.837189,2.8615427,1.0848045e-05,0.23899877,-3032.984,2.89638,-0.0039892197,0.2419785,-15.836295,0.72409534,-0.0018218756,0.18009573,-23.515299,4.2842975,-0.00096297264,0.3571372,-32.779045,1.0709585,-0.5913521,0.36512104,1.6402586,0.72409743,4.2842946,1.070954,a2,8.986174361780286e-05,8.654022199488998e-05,0.19584550117607233,1.1854269160438589,25.64524804646811,21.662005933217372,6.376698542667133,
jin_5_2,0.001,32,,,-10.01664561917138,,,-0.138096962567624,2.92602,-0.061015844,0.2521273,3.789325,2.8548412,0.0148207545,0.23925334,-22.616629,2.9259102,-0.061103225,0.2521459,3.787142,2.8548937,0.014819741,0.23933467,-22.61857,0.7415498,-0.018702865,0.18243451,-17.597044,4.3091283,-0.04059291,0.3590903,-33.42315,1.0349927,-0.50611365,0.35150883,1.6225256,0.74154514,4.3092265,1.0350239,a2,0.11743643134832382,0.11650590961461009,-0.03011968036018713,0.9727741559386047,50.26548163128172,18.849769431845246,7.405411572732343,
jin_5_2,0.001,128,,,4.31528859332227,,,-0.0028236058207944,3.0774977,-0.009777069,0.26402184,10.096586,2.8643408,-0.001514554,0.24307923,24.32022,3.0769348,-0.009766221,0.26402292,10.102212,2.8641806,-0.0015156269,0.24323295,24.31293,0.7451711,-0.00030863285,0.1828862,71.059906,4.2078147,-0.0004478693,0.35074687,140.92207,1.0440567,-0.6246917,0.35934418,1.6197629,0.7451673,4.207777,1.0439286,a2,0.0012084611225873232,0.0012045372344406675,-0.2224074277860536,-0.4890618181147137,31.3334981328359,22.02712979921759,6.875988983924088,
jin_5_2,0.001,512,,,-1.34815996418119,,,0.0786757252345175,2.8824098,-0.0060477257,0.24117534,-10.174847,2.8427532,-0.0004221201,0.23727612,-21.521519,2.8824122,-0.006046772,0.24122709,-10.1764145,2.8429058,-0.0004235506,0.23717894,-21.52263,0.7289492,-0.019831061,0.18191415,-25.157326,4.2838016,-0.005493164,0.3571006,381.44186,1.0602329,-0.5481373,0.36222634,1.5165058,0.7290105,4.2837143,1.060262,a2,0.03360525518655777,0.03777537469129819,-0.013680703179482095,1.7928111975111771,28.274746281989078,18.849638901012078,6.265105422244296,
jin_5_2,0.001,2048,,,2.2938420549424023,,,-0.0001359565887276,2.8614943,1.0848045e-05,0.23898844,-3058.9783,2.8963504,-0.003984928,0.24195263,-15.84526,2.8615427,1.0728836e-05,0.23899877,-3032.984,2.89638,-0.003989339,0.2419785,-15.836295,0.7240814,-0.0018396378,0.18000633,-23.400421,4.2843246,-0.0009647608,0.3571501,-32.7449,1.0710031,-0.59128416,0.36498335,1.640319,0.7240974,4.284294,1.0709543,a2,8.922139386413619e-05,8.870489139755968e-05,0.1958424615427778,1.1854178912116948,25.645270282923136,21.66191561622199,6.376691602554396,
jin_5_2,0.01,32,,,-10.017776842738431,,,-0.1375027554613199,2.9271958,-0.06030476,0.2519765,3.8093247,2.8546247,0.014750063,0.23854502,-22.601206,2.926015,-0.06117916,0.25215492,3.7872775,2.855008,0.014740825,0.23934425,-22.619474,0.74206805,-0.01852107,0.18504137,-17.750889,4.3079185,-0.040389538,0.35727453,-33.563953,1.0350949,-0.50450075,0.34870967,1.6242403,0.7415283,4.308808,1.0350282,a2,0.11657623201608658,0.11783494535363376,-0.20412131236866293,0.23586173514590814,47.124029890532476,25.13310788162773,7.497509649062423,
jin_5_2,0.01,128,,,4.316935253199626,,,-0.0029113269286554,3.0826845,-0.00987196,0.26402244,10.046715,2.8659208,-0.0014997721,0.24148935,24.38718,3.076929,-0.009762645,0.26402244,10.102193,2.8641734,-0.0015106201,0.24323234,24.312868,0.7457519,-0.0002117157,0.17855252,91.118835,4.2082825,-0.00045728683,0.34781542,143.39828,1.0456525,-0.6250559,0.34961566,1.619681,0.7451688,4.2078,1.0439833,a2,0.001257686992175877,0.0013050880586487942,0.09181397854310286,1.0818229242388477,31.3313610864136,20.47936672434055,6.680654597880049,
jin_5_2,0.01,512,,,11.218665265973277,,,0.0787304461121106,2.882514,-0.0060470104,0.24062958,-10.16119,2.8415046,-0.00040471554,0.23816521,-21.51244,2.8824024,-0.006039977,0.24122627,-10.17638,2.8428986,-0.0004184246,0.23717834,-21.522577,0.72894347,-0.019809604,0.18026033,-25.267008,4.284706,-0.00550282,0.35411558,401.79468,1.060308,-0.5472201,0.35617527,1.5171931,0.7290159,4.283748,1.0602449,a2,0.03383227065205574,0.033215366524033,0.001975281878038615,1.7928269118957125,28.27537733144237,18.849616937877457,6.267615577117741,
jin_5_2,0.01,2048,,,2.293839081183864,,,-0.0001254780886433,2.8611963,9.894371e-06,0.23854277,-3314.863,2.896217,-0.0039447546,0.24173115,-15.927136,2.861544,9.894371e-06,0.23899888,-3032.985,2.8963814,-0.0039904118,0.24197862,-15.836303,0.72443527,-0.0020198822,0.17897105,-22.325485,4.2846828,-0.0009818077,0.354839,-32.408016,1.071787,-0.5900154,0.35498253,1.641441,0.72409713,4.284289,1.0709577,a2,8.245329081546515e-05,8.266576886371859e-05,0.1958332233831986,1.1851278628162598,25.645476993766117,21.66130387090571,6.376668421105393,
jin_5_2,0.1,32,,,8.828436617936608,,,-0.1308483410905802,2.9469008,-0.053070903,0.2501355,4.031464,2.866334,0.013907313,0.22012769,-22.557169,2.926901,-0.061822057,0.25223127,3.7884245,2.856147,0.01395452,0.23943976,-22.6285,0.79404044,-0.01439321,0.171177,-20.654345,4.3045516,-0.038198233,0.33116972,-35.116077,1.0736787,-0.4429158,0.25013337,1.7010818,0.7411782,4.30463,1.0357914,a2,0.10884317010641098,0.11077432794121356,0.29831449630607243,-0.5977670273193492,28.27451491702689,18.849593029707243,6.361953655798286,
jin_5_2,0.1,128,,,4.333297237946249,,,-0.003832867680731,3.1467013,-0.010739803,0.2592596,9.619165,2.8959355,-0.0013381243,0.21896559,25.197042,3.0768712,-0.009724498,0.26401746,10.102003,2.8641007,-0.0014597178,0.24322616,24.312252,0.80328894,-0.00019013882,0.14821574,-54.141186,4.223298,-0.000551939,0.315518,174.34825,1.0988826,-0.5632434,0.26081526,1.6757135,0.7451852,4.2080307,1.044559,a2,0.0018097141291946173,0.0018059643285598219,-0.031536364954778726,-0.48811619763460967,31.31876610228172,20.487186638237603,6.751048247156538,
jin_5_2,0.1,512,,,-7.630825114929699,,,0.0798612790517744,2.897055,-0.0060050488,0.23101449,-10.073612,2.842243,-0.00025582314,0.22183153,-21.521772,2.8823335,-0.0059918165,0.2412205,-10.176137,2.8428698,-0.00039815903,0.23717594,-21.522358,0.7807087,-0.017270923,0.16529688,-28.297253,4.3022823,-0.0055025816,0.309562,860.866,1.095058,-0.48756635,0.25818932,1.5729307,0.7291636,4.2839255,1.0596683,a2,0.036003172397613525,0.0360237854881911,0.14352896859225536,1.7927692512915843,21.99143991061858,18.849706689141847,6.161080199809442,
jin_5_2,0.1,2048,,,-1.0735953740101565,,,3.378570845709956e-05,2.8717484,2.0861626e-06,0.2243419,-20491.033,2.9079256,-0.0035229921,0.22935145,-16.871119,2.8615553,1.847744e-06,0.23899983,-3032.9973,2.8963962,-0.0040005445,0.24197985,-15.836384,0.7755402,-0.0037703514,0.15511286,-16.32513,4.296714,-0.0011601448,0.32272723,-29.445286,1.112594,-0.52608514,0.27056256,1.7031213,0.724095,4.2842393,1.0709833,a2,1.710547621769365e-05,1.6848008481477007e-05,0.19573630159311992,1.182536915009342,25.647601376028433,21.655142712344777,6.376431417763491,
jin_5_3,0.0001,32,,,,-0.0086180160755514,,0.772591456854918,2.8404512,-7.987022e-06,0.24477856,3.6767268,3.013428,-0.09763789,0.25261697,-23.874434,2.8404288,-7.987022e-06,0.24477936,3.6764994,3.0134327,-0.09763706,0.2526255,-23.874632,1.0970691,-1.2296934,0.26949254,-26.012808,4.3194046,-0.045519233,0.36002865,-33.487873,0.8539752,-0.02537179,0.29026675,1.338622,1.0970716,4.3194156,0.8539738,a3,1.748407244682312,1.7179072173689747,-0.7143615148738914,0.0002541437540298005,67.42591371238015,25.00347159818884,8.214015107419321,
jin_5_3,0.0001,128,,,,0.0127338063872808,,0.3047567072871492,3.0620773,-2.7418137e-06,0.26274312,10.052689,2.8681238,-0.0042637587,0.24356341,24.346994,3.0620232,-2.861023e-06,0.26274338,10.053254,2.8681078,-0.004263878,0.24356645,24.346266,0.8009823,-0.15578532,0.19704394,74.74127,4.2157903,-0.0042603016,0.35154718,140.94733,0.886794,-0.17230129,0.30509055,1.3760009,0.8009726,4.2157865,0.8867833,a3,0.3189024031162262,0.3316588177426638,-0.14993702367442283,0.016359336424197048,23.587193306239605,20.39692995822874,6.188304283375202,
jin_5_3,0.0001,512,,,,-0.0226967324438504,,-0.283432728041143,2.8737304,4.172325e-06,0.24049538,-10.145609,2.8463068,-0.0028294325,0.2374737,-21.548384,2.873731,4.172325e-06,0.24050055,-10.145765,2.846322,-0.0028293133,0.23746397,-21.548494,0.76523644,-0.123725295,0.19114509,-26.398186,4.2821016,-0.004732609,0.35708305,379.3764,1.3000302,-1.3275626,0.44337943,1.8594292,0.7652422,4.282093,1.3000337,a3,-0.13104763627052307,-0.12235183710629371,0.22462113602149208,0.0168664133294786,22.710481386828725,19.10743006208974,5.7214792454061545,
jin_5_3,0.0001,2048,,,,0.6805306453339844,,-0.0010824138964842,2.8615503,1.847744e-06,0.23899879,-3035.5767,2.8963647,-0.0039805174,0.24197489,-15.837124,2.8615553,1.847744e-06,0.23899983,-3032.9973,2.8963675,-0.003980875,0.24197745,-15.836227,0.72378826,-0.00097227097,0.18001935,-23.505327,4.2842546,-0.0009429455,0.35713363,-32.778717,1.0706123,-0.5903232,0.365003,1.6397283,0.7237904,4.2842517,1.0706078,a3,0.00011399709910620004,0.0001227320467478421,0.22256909890748156,0.6825248834890354,21.070151461160048,19.292510732968665,6.023013732358287,
jin_5_3,0.001,32,,,,0.0085388519490171,,0.7722178443260838,2.8406522,-7.748604e-06,0.24477139,3.6787703,3.0132754,-0.09756172,0.2525311,-23.871777,2.8404286,-7.867813e-06,0.24477933,3.6764991,3.0133216,-0.09755623,0.2526162,-23.873753,1.0967731,-1.2284379,0.26982582,-26.026527,4.3192315,-0.045478225,0.3599322,-33.501514,0.85393435,-0.02525556,0.29001698,1.3386861,1.096795,4.319339,0.853916,a3,1.7464796304702759,1.8536491879217465,-0.039520397446660915,0.0088776784162581,29.029449268571906,22.757242138746957,6.075446781232592,
jin_5_3,0.001,128,,,,-0.0056999904915905,,0.3048201943100838,3.0625634,-5.9604645e-07,0.2627406,10.04759,2.8682785,-0.0042699575,0.2434134,24.353655,3.0620198,-5.9604645e-07,0.26274312,10.053243,2.8681152,-0.004269123,0.24356708,24.346329,0.80108947,-0.15606964,0.19661015,76.39231,4.2158456,-0.0042704344,0.3514163,141.19104,0.88679075,-0.17210126,0.30521628,1.3757786,0.8009877,4.215804,0.88667923,a3,0.3186931312084198,0.32360377311135835,-0.09360847098446701,0.0138771756560944,23.587205482767672,20.396937757122302,6.0920500181373685,
jin_5_3,0.001,512,,,,0.0195523030449469,,-0.2834512011034638,2.873729,2.9802322e-06,0.240449,-10.144203,2.8461747,-0.0028318167,0.2375617,-21.547422,2.8737326,2.9802322e-06,0.24050069,-10.145771,2.8463252,-0.0028315783,0.23746422,-21.548517,0.76524097,-0.12390649,0.19097102,-26.409819,4.2821927,-0.0047382116,0.3569665,381.2986,1.3001662,-1.3281167,0.44419906,1.8596948,0.76529336,4.2821093,1.300198,a3,-0.13160747289657593,-0.13792087294461908,0.22474255296226112,0.0165172899816728,22.71050232898586,19.107555283244544,5.721495477986461,
jin_5_3,0.001,2048,,,,0.6805052947367758,,-0.0010729348224268,2.861507,1.9669533e-06,0.2389895,-3058.992,2.8963385,-0.0039767027,0.24195163,-15.845194,2.8615553,1.847744e-06,0.23899983,-3032.9973,2.896368,-0.0039811134,0.2419775,-15.836229,0.7237769,-0.0009973049,0.17993063,-23.390581,4.284282,-0.00094497204,0.35714656,-32.744576,1.0706601,-0.59026504,0.36486647,1.6397938,0.723793,4.284251,1.0706111,a3,0.0001131008320953697,0.0001312336905812117,0.22259520086668125,0.6825323132434568,21.070221728652058,19.292509562490203,6.023016349384444,
jin_5_3,0.01,32,,,,-0.005410486591627,,0.7684540146573644,2.8427398,-3.2186508e-06,0.2447064,3.6994176,3.0118816,-0.096791506,0.2516861,-23.846272,2.840425,-5.364418e-06,0.24477904,3.6764946,3.0122118,-0.096747994,0.25252315,-23.86496,1.0941404,-1.2142606,0.2728338,-26.172756,4.317609,-0.045075417,0.35807818,-33.639454,0.8540018,-0.02411735,0.28770185,1.3400744,1.0940219,4.318593,0.85336137,a3,1.7270699739456177,1.7443141224759984,0.6255164662072867,0.009378488420969201,93.08971199432902,24.536994820359197,9.221929952916438,
jin_5_3,0.01,128,,,,-0.0126920716704797,,0.306893120752145,3.0675845,-2.7418137e-06,0.2627292,9.997502,2.8700242,-0.0043697357,0.24183512,24.422098,3.062024,-3.4570694e-06,0.26274347,10.053257,2.8682475,-0.004361868,0.24357831,24.347452,0.80328745,-0.16050017,0.19232804,98.14874,4.2164483,-0.0043435097,0.34849033,143.67653,0.88753855,-0.17076027,0.29675,1.3747678,0.8017591,4.215926,0.8859665,a3,0.3201301693916321,0.3415090148450872,-0.12039555898492967,0.0148629708947839,23.587200861171404,20.396916620331965,6.087448865993934,
jin_5_3,0.01,512,,,,-0.0311786455950197,,-0.2840668732843575,2.8738265,7.987022e-06,0.23990436,-10.130566,2.8449764,-0.002850771,0.2384562,-21.538725,2.873726,7.748604e-06,0.24050014,-10.145747,2.8463483,-0.0028477907,0.23746614,-21.548693,0.7652897,-0.1240437,0.18924838,-26.52686,4.2830105,-0.004706979,0.35397545,401.63568,1.2999651,-1.3256886,0.43668014,1.8601182,0.76529753,4.282086,1.2999935,a3,-0.13179662823677063,-0.13208237703565828,0.266158775515288,0.0182989877491147,22.800659238963743,19.347353367231257,5.7560395557758754,
jin_5_3,0.01,2048,,,,0.680209074545558,,-0.0009909336921075,2.8612077,1.847744e-06,0.23854372,-3314.8765,2.8962061,-0.0039372444,0.24173024,-15.927076,2.8615558,1.6093254e-06,0.23899987,-3032.9978,2.896371,-0.0039829016,0.24197774,-15.836246,0.72415376,-0.0012413263,0.17890151,-22.31681,4.284644,-0.0009636879,0.35483578,-32.407726,1.0714709,-0.5890775,0.35487783,1.6409569,0.72381616,4.2842493,1.0706412,a3,0.00010542522795731202,0.00011510792319313623,0.22283581946650943,0.6826060084865954,21.071840150905814,19.292501273074556,6.023033439799262,
jin_5_3,0.1,32,,,,-0.0086219890920548,,0.7310119986792295,2.8716943,-6.7949295e-06,0.24375191,3.928579,3.011304,-0.0883621,0.23126103,-23.698038,2.8407335,-0.00022256374,0.24480562,3.676894,3.0012949,-0.08881283,0.25160795,-23.778467,1.1016159,-0.9524566,0.23748325,-28.654907,4.3099365,-0.040797353,0.331584,-35.160007,0.8993537,-0.012402892,0.20952111,1.42489,1.0665599,4.3109345,0.8484293,a3,1.5419965982437134,1.4927634826022995,0.17181111345729902,0.00948455631403485,29.02945499667192,20.97745880219805,5.980576193763886,
jin_5_3,0.1,128,,,,0.0118752653511398,,0.327186524252073,3.1299424,-2.3841858e-06,0.2578788,9.567935,2.9017684,-0.005375862,0.21940663,25.247793,3.062106,-5.686283e-05,0.2627505,10.053526,2.8696566,-0.005348921,0.24369799,24.359413,0.8730061,-0.18133628,0.16107935,-58.84008,4.232971,-0.0051407814,0.31624067,174.74759,0.9383955,-0.1399765,0.22272432,1.4309828,0.8094722,4.2173076,0.8784225,a3,0.3298130929470062,0.33139172650464843,-0.09050704950391848,0.0130707488958475,23.587197762555856,20.396920452361183,6.055331615919011,
jin_5_3,0.1,512,,,,-0.0192014115009092,,-0.2878501459526371,2.8883903,3.4570694e-06,0.23032355,-10.043484,2.8461409,-0.003001213,0.22213575,-21.551287,2.8737361,5.9604645e-07,0.240501,-10.145783,2.8465624,-0.0029987097,0.23748401,-21.550314,0.8165185,-0.11273229,0.17287877,-29.5952,4.3004355,-0.0046395063,0.3094291,860.49646,1.3316706,-1.1998639,0.3139771,1.9127989,0.766769,4.2824144,1.3035325,a3,-0.15059137344360352,-0.15435387545892354,0.20734621870493256,0.01606105362477765,22.69597975314464,19.10755853755385,5.736398626331364,
jin_5_3,0.1,2048,,,,0.6771103344517873,,-0.0001614794542094,2.8717506,4.7683716e-07,0.22434208,-20491.049,2.9079251,-0.0035226345,0.22935142,-16.871115,2.8615577,2.3841858e-07,0.23900002,-3032.9998,2.8963952,-0.0040000677,0.24197976,-15.836378,0.77549577,-0.0036553144,0.15510398,-16.324196,4.2967057,-0.0011563301,0.32272664,-29.44523,1.1125529,-0.52597237,0.27055255,1.7030584,0.7240488,4.2842307,1.0709404,a3,1.8660059140529484e-05,1.745625866078626e-05,0.22532337563368776,0.6832749028716792,21.087918821033213,19.29242329688919,6.023195776652693,
jin_5_4,0.0001,32,,,,,-2.6628467178166586,-0.4488404805338144,2.9686458,-0.092309356,0.25582585,3.842664,2.89566,-0.013520718,0.24274443,-22.941395,2.9686384,-0.09232092,0.25582805,3.842447,2.8956652,-0.013520479,0.24275267,-22.941591,0.9360373,-0.623168,0.22993542,-22.194553,4.2313433,-0.003322959,0.35268864,-32.805145,1.31567,-1.4337995,0.44719717,2.0623372,0.93603766,4.231353,1.3156749,a4,-0.02747233211994171,-0.017188106546232287,-0.27515770567911146,0.47882264987960454,21.991166933388737,20.498900081008976,6.503365386417011,
jin_5_4,0.0001,128,,,,,-2.307759278895731,0.0016241068147463,3.0772283,-0.0099231005,0.26404315,10.102428,2.8645449,-0.0017591715,0.24325949,24.316614,3.077172,-0.009922028,0.26404327,10.102991,2.8645291,-0.0017595291,0.24326254,24.315887,0.74467677,0.0009966493,0.18319261,69.48729,4.206939,-4.7802925e-05,0.35080913,140.65141,1.041603,-0.6173284,0.35835066,1.6162115,0.7446768,4.2069354,1.0415907,a4,-0.00025683973217383027,-0.0002117678367033581,-0.5947017249167067,-0.7529487801192933,25.133065207530812,21.991023487934697,6.253287963008019,
jin_5_4,0.0001,512,,,,,-6.54150774961167,-0.0986524023118692,2.882724,-0.006264806,0.24124804,-10.177361,2.842845,-0.0003914833,0.23718487,-21.522175,2.8827243,-0.0062646866,0.24125321,-10.177517,2.8428597,-0.0003912449,0.2371751,-21.522282,0.6877054,0.09244335,0.17177895,-23.723614,4.2726765,-0.00031459332,0.35629708,378.54138,1.0436214,-0.4999627,0.3559304,1.4926885,0.68771094,4.272668,1.0436246,a4,0.034323550760746,0.03413375685817793,0.21384726724646458,-0.25739763796646603,34.55762469014547,18.850188378453076,6.686628056596791,
jin_5_4,0.0001,2048,,,,,-3.863083904318296,0.0001814393815893,2.8615427,7.212162e-06,0.23899814,-3035.5686,2.8963861,-0.0039954185,0.24197668,-15.837241,2.8615477,7.212162e-06,0.23899919,-3032.9893,2.8963895,-0.0039958954,0.24197929,-15.836347,0.7240369,-0.0016599894,0.18008119,-23.5134,4.2842355,-0.0009340048,0.35713205,-32.77857,1.0709132,-0.5912174,0.36510557,1.6401892,0.72403896,4.2842326,1.0709087,a4,6.038341598468833e-05,6.061417605306305e-05,-0.45294143617444427,-0.5948619150759484,26.33534808438567,19.378311766855262,6.408303895554004,
jin_5_4,0.001,32,,,,,-2.662848682681436,-0.4486225455496898,2.968696,-0.09219134,0.2558046,3.8445926,2.8955977,-0.0135092735,0.24266899,-22.93951,2.9686186,-0.092306376,0.25582635,3.8424215,2.8956497,-0.013509631,0.24275137,-22.94147,0.93592685,-0.62274635,0.23025475,-22.20963,4.2312493,-0.0033195019,0.35260043,-32.81909,1.3154898,-1.4330902,0.44677252,2.062252,0.9359264,4.2313423,1.3155367,a4,-0.027319669723510742,-0.025654289073667794,-0.33798931821889255,0.47880649405467024,21.991176637681278,21.9911455234762,6.479354134043718,
jin_5_4,0.001,128,,,,,-2.3078450582512287,0.001619232346707,3.0777354,-0.009933114,0.26404223,10.097366,2.864689,-0.0017580986,0.2431088,24.323177,3.077172,-0.009922028,0.26404327,10.102991,2.864529,-0.0017592907,0.24326253,24.315886,0.7446829,0.001001656,0.18276638,71.01335,4.206973,-4.7683716e-05,0.35067672,140.89389,1.0417202,-0.6174282,0.35854,1.616138,0.74467814,4.2069354,1.0415924,a4,-0.0002564859460107982,-0.0002684868667272523,-0.594665673988473,-0.75295992503955,25.133274543300814,21.99093150086211,6.253283017136766,
jin_5_4,0.001,512,,,,,-6.541483210256965,-0.0986648797822805,2.8827221,-0.0062657595,0.24120148,-10.175949,2.8427126,-0.00039362907,0.23727274,-21.521212,2.8827238,-0.006264329,0.24125317,-10.177515,2.84286,-0.0003912449,0.23717512,-21.522284,0.6876568,0.092436135,0.17160937,-23.732254,4.2727575,-0.00031542778,0.35617998,380.45847,1.0435889,-0.49991202,0.35653993,1.492699,0.6877066,4.2726684,1.0436174,a4,0.034339647740125656,0.03466584920254117,0.08818636304009055,-0.2574173756664766,34.557456922126086,18.850195322454393,6.753337367886395,
jin_5_4,0.001,2048,,,,,-3.863079164976874,0.0001810034693712,2.8614993,7.3313713e-06,0.23898886,-3058.9836,2.89636,-0.003991604,0.24195342,-15.845311,2.8615477,7.212162e-06,0.23899919,-3032.9893,2.8963892,-0.003995776,0.24197927,-15.836346,0.72402304,-0.0016782284,0.17999183,-23.398537,4.2842636,-0.00093615055,0.357145,-32.744434,1.0709578,-0.59114933,0.3649679,1.6402496,0.72403914,4.2842326,1.0709089,a4,6.023993046255782e-05,6.0432087095950176e-05,-0.4529409307131303,-0.5949000666641733,26.33533323862215,19.378324793065595,6.408304776092741,
jin_5_4,0.01,32,,,,,-12.08759021746061,0.4464529019998672,2.9692793,-0.091011286,0.25559908,3.8640904,2.8951097,-0.013394117,0.24192812,-22.921741,2.968423,-0.09216237,0.2558095,3.842168,2.8954916,-0.013398886,0.24273813,-22.940216,0.9352108,-0.6177136,0.23320326,-22.371027,4.2304,-0.003284216,0.35084558,-32.95999,1.3139815,-1.4244356,0.4426629,2.061861,0.93481547,4.23124,1.3141506,a4,-0.02581612765789032,-0.023588051727983568,-0.3379900281523656,0.478805380206319,21.991203819025095,21.99114219056179,6.448664687565541,
jin_5_4,0.01,128,,,,,-2.308699242756414,0.0015706740097049,3.082929,-0.010032058,0.2640434,10.047511,2.8662739,-0.0017466545,0.24151911,24.390186,3.0771706,-0.009921074,0.26404315,10.102986,2.8645263,-0.0017573833,0.2432623,24.315865,0.7452847,0.0010411739,0.17844066,91.061745,4.207418,-4.6133995e-05,0.34774396,143.36882,1.0432781,-0.6176841,0.3488218,1.6160032,0.7446911,4.2069354,1.0416093,a4,-0.0002528410986997187,-0.0003215850132385855,-0.6574454270375104,-0.7529864127071555,28.27466638844472,21.99154068146249,6.3801742845884775,
jin_5_4,0.01,512,,,,,-6.541508721299417,-0.0988022668379354,2.8828382,-0.006273389,0.24065666,-10.1623335,2.8415167,-0.0004132986,0.23816623,-21.512533,2.8827178,-0.0062601566,0.24125266,-10.177494,2.8428574,-0.00038933754,0.2371749,-21.522264,0.687738,0.092226505,0.17007063,-23.838722,4.273653,-0.00032174587,0.35320207,400.7582,1.0436136,-0.4988823,0.35056734,1.4933051,0.68766195,4.2726707,1.0435399,a4,0.03451066464185715,0.0343092085957627,0.15101362684463687,-0.25740687207517843,28.274217771906603,18.850189270511294,6.510432029213938,
jin_5_4,0.01,2048,,,,,-3.894108179960856,0.0001574619734744,2.861201,6.4969063e-06,0.23854317,-3314.8687,2.8962262,-0.0039510727,0.24173191,-15.927186,2.8615487,6.4969063e-06,0.23899928,-3032.9902,2.8963904,-0.00399673,0.24197938,-15.836352,0.72438574,-0.0018830299,0.17895882,-22.32396,4.284626,-0.00095522404,0.3548343,-32.40759,1.0717515,-0.58991015,0.35497078,1.6413866,0.72404754,4.2842317,1.0709221,a4,5.413091275840998e-05,5.506291119290564e-05,-0.45294180930557476,-0.5953742059503979,26.335448401188817,19.378374222640463,6.40832399805178,
jin_5_4,0.1,32,,,,,-2.662787274883743,-0.4246875377893495,2.9833133,-0.07925546,0.25322622,4.081278,2.903977,-0.012163281,0.22301857,-22.853407,2.9664912,-0.090741396,0.25564304,3.8396678,2.8939595,-0.012326837,0.2426097,-22.928078,0.96638215,-0.5025151,0.20832993,-25.137247,4.230804,-0.0029292107,0.32549596,-34.51445,1.3286569,-1.2096221,0.30953526,2.1050563,0.9237532,4.2302566,1.3003652,a4,-0.011424317955970764,-0.01830863120893582,-0.08665977223854139,0.4788232512043269,25.13274194095353,21.99115387335674,6.686686236010814,
jin_5_4,0.1,128,,,,,-2.306321199344253,0.0018520814431915,3.147044,-0.010959983,0.25928783,9.620213,2.896383,-0.0016477108,0.21899943,25.200935,3.0771782,-0.009926081,0.2640438,10.103011,2.8645422,-0.0017687082,0.24326366,24.316,0.8028838,0.0008184314,0.148141,-54.11388,4.2221975,-3.0517578e-05,0.31543577,174.30283,1.0959328,-0.5548625,0.26011515,1.6712154,0.7446149,4.2069345,1.0415094,a4,-0.0003541798214428127,-0.00036944868171623823,-0.642789397339967,-0.7530037804044398,25.13284292522519,21.9911560025673,6.25252125185446,
jin_5_4,0.1,512,,,,,-6.541302649367474,-0.1001549281316478,2.897468,-0.0062919855,0.23104744,-10.075049,2.8427503,-0.00061285496,0.22187114,-21.525614,2.882662,-0.006221175,0.241248,-10.177297,2.8428354,-0.00037384033,0.23717308,-21.522099,0.7431186,0.07833117,0.15733805,-26.934776,4.291321,-0.00038540363,0.30877328,858.67267,1.0788126,-0.4437573,0.25435904,1.549596,0.687217,4.272695,1.0427738,a4,0.03622278943657875,0.036163422826696115,-0.06890307261659913,-0.25739393657045395,21.991383007486817,21.990999098335152,6.512951739177443,
jin_5_4,0.1,2048,,,,,-3.862462788847778,2.825115143911209e-05,2.8717496,1.1324883e-06,0.224342,-20491.043,2.907928,-0.0035245419,0.22935164,-16.871132,2.8615565,1.0728836e-06,0.23899993,-3032.9985,2.8963985,-0.0040022135,0.24198005,-15.836396,0.77553105,-0.0037466288,0.15511103,-16.324938,4.296703,-0.001155138,0.3227264,-29.445211,1.1125946,-0.5260868,0.2705627,1.7031223,0.7240853,4.2842283,1.0709839,a4,9.429093552171253e-06,9.421635444973596e-06,-0.45294709308891773,-0.6003126156162657,26.336198845193376,19.378997493205357,6.40852850119845,
pagie_1_1,0.0001,32,4.319612326726349e-06,,,,,0.1569271890714437,0.42943773,3.695488e-06,0.29429513,0.2736535,0.47025537,-0.012792945,0.23586515,0.31011006,0.42948353,3.6358833e-06,0.29429385,0.27367362,0.47025618,-0.012794018,0.23586398,0.31011117,0.39752835,-0.39310896,0.39779717,0.22327459,0.39872935,-0.30210626,0.3990433,0.2263788,0.42849192,-1433548.6,222.42108,0.21448533,0.39752397,0.39873034,0.42848906,a0,1.47164785861969,1.4521787696786248,2.5657535760786004e-07,4.5157447165688324e-07,1.0548617208831063e-05,3.879664669439098e-06,1.0604123245857225e-06,
pagie_1_1,0.0001,128,7.235226169299835e-06,,,,,0.1499578144883239,0.47719455,6.7949295e-06,0.24350649,0.31821802,0.49616966,-5.3286552e-05,0.24851544,0.33002073,0.47720245,6.735325e-06,0.24348938,0.3182217,0.4961771,-5.3286552e-05,0.24851888,0.3300258,0.44397676,-0.5541887,0.4443978,0.25158736,0.43936947,-0.640805,0.43964896,0.24764875,0.4981514,-1755834.1,246.58006,0.24935788,0.4439771,0.43936095,0.49815202,a0,1.4508748054504395,1.4435499062215307,4.740988867997093e-08,2.800300675115484e-07,2.4682110366396298e-05,1.078859960420577e-05,2.3421564257084135e-06,
pagie_1_1,0.0001,512,2.378708446038047e-05,,,,,0.1511457158305592,0.48452964,2.3841858e-05,0.24350946,0.32056734,0.50017524,-0.002760172,0.2505171,0.33679205,0.4845378,2.3841858e-05,0.24351034,0.3205714,0.500174,-0.002760768,0.25054657,0.3367919,0.43109342,-0.47145367,0.43128183,0.24556781,0.43636328,-0.60949373,0.43670288,0.24514608,0.48627347,-1854422.8,251.43475,0.24341005,0.43108988,0.43636674,0.48627093,a0,1.4101285934448242,1.4163044063097985,2.488725858282814e-07,2.7933489843522806e-07,3.520860184826765e-05,6.71773296226585e-06,2.7847651916508686e-06,
pagie_1_1,0.0001,2048,1.806480917654341e-05,,,,,0.1487874757117383,0.4917318,1.8298626e-05,0.24627222,0.33048975,0.49276125,-0.0007485151,0.24686557,0.32817432,0.49173173,1.8119812e-05,0.24626528,0.33048898,0.49276215,-0.0007479191,0.24686867,0.32817602,0.4489862,-0.8327832,0.44924843,0.250754,0.44759482,-0.63194346,0.4478703,0.25339004,0.50986934,-1976245.5,239.66705,0.25522026,0.4489844,0.44760096,0.50987023,a0,1.3676800727844238,1.367515781780515,3.837389929965203e-07,2.671199110440542e-07,2.4182624960733538e-05,5.757248829176833e-06,2.1029971567021025e-06,
pagie_1_1,0.001,32,8.465980502685535e-06,,,,,0.15687996257629,0.42902815,7.1525574e-06,0.29430842,0.27347422,0.47019678,-0.012550712,0.23564975,0.31006634,0.4294831,5.6624413e-06,0.29429355,0.27367333,0.47020268,-0.012563705,0.23583716,0.31007588,0.39781973,-0.39503717,0.39610514,0.22343096,0.39894846,-0.30370283,0.39704177,0.22649957,0.4289886,-63724.1,42.95938,0.21473123,0.39777282,0.39895523,0.4289572,a0,1.47164785861969,1.4767339418242376,4.123158553079899e-07,4.54696712559968e-07,1.4710888039765556e-05,2.8287314807898603e-06,1.2810665669893444e-06,
pagie_1_1,0.001,128,4.814715186540752e-06,,,,,0.1499513095749457,0.47712636,4.4703484e-06,0.24324201,0.31818673,0.4961062,-5.8054924e-05,0.24831447,0.32997724,0.47720298,4.4703484e-06,0.24348965,0.31822205,0.49617824,-5.7935715e-05,0.24851945,0.33002657,0.44401675,-0.5547974,0.44194055,0.2516029,0.4394913,-0.64141965,0.43747845,0.24770506,0.49821568,-96578.38,47.740498,0.24939078,0.44401738,0.43940344,0.49821946,a0,1.4508748054504395,1.4481225885376592,9.117278252647998e-08,2.810617457689985e-07,2.2254319855085486e-05,2.449103087068629e-06,2.045955171861999e-06,
pagie_1_1,0.001,512,1.2123375933604136e-05,,,,,0.1511413281441415,0.48446167,1.2099743e-05,0.24333243,0.32053444,0.5001889,-0.0027554035,0.25009567,0.33679515,0.48454067,1.2040138e-05,0.24351177,0.32057327,0.5001743,-0.0027618408,0.25054672,0.33679208,0.43115917,-0.47188103,0.4288895,0.2455973,0.4363707,-0.60980844,0.434505,0.24515168,0.4863544,-93618.23,42.54168,0.24344777,0.43112135,0.4364025,0.48632646,a0,1.4101285934448242,1.405780049590355,3.560709411055447e-07,2.757382018946624e-07,1.7560066622943973e-05,3.1190420739250275e-06,1.3712578887124888e-06,
pagie_1_1,0.001,2048,1.657025317669536e-05,,,,,0.1487845133180486,0.49173498,1.6629696e-05,0.24610873,0.33049873,0.49275655,-0.0007585287,0.24637343,0.32816145,0.4917321,1.6629696e-05,0.24626546,0.33048922,0.49276337,-0.00075280666,0.24686928,0.32817683,0.44902554,-0.8334198,0.44701692,0.25076777,0.44756156,-0.63223016,0.44586915,0.25337315,0.5098948,-94178.766,52.062458,0.25523406,0.44900537,0.4476205,0.50990134,a0,1.3676800727844238,1.370403060363401,4.097279996658912e-07,2.495356090776134e-07,2.7437739550606466e-05,9.795171810533855e-06,2.3845163832859325e-06,
pagie_1_1,0.01,32,3.977966586404645e-06,,,,,0.1564116578452098,0.4252421,3.3974648e-06,0.2946572,0.2718731,0.46990323,-0.01028955,0.2290382,0.30982202,0.42951515,-0.0001436472,0.29431552,0.27369377,0.4697047,-0.010419846,0.23558737,0.3097475,0.40104032,-0.41378367,0.37598997,0.22516665,0.4014762,-0.31936622,0.3725375,0.22789823,0.4342497,-670.4702,4.222401,0.2173371,0.40028647,0.4012392,0.43364474,a0,1.47164785861969,1.4752534956141705,3.3457732001751335e-07,4.5672249039829984e-07,1.0291567815818426e-05,1.8790524266366134e-06,9.560838811439796e-07,
pagie_1_1,0.01,128,1.611070102573996e-06,,,,,0.1498846700950984,0.47667295,1.4901161e-06,0.24032223,0.3180262,0.49567807,-8.702278e-05,0.24381158,0.3296798,0.4772043,-9.536743e-07,0.24349032,0.3182229,0.4961848,-8.428097e-05,0.24852273,0.33003092,0.44466218,-0.55991924,0.4124424,0.25189716,0.44097602,-0.6462202,0.41310748,0.24841814,0.49907354,-1008.91327,5.1437,0.24982724,0.4444176,0.43982267,0.49888906,a0,1.4508748054504395,1.4349294119864187,-6.351149749369676e-08,2.8108506039751644e-07,1.89362282806359e-05,3.4732770227346966e-06,1.986123302551534e-06,
pagie_1_1,0.01,512,1.1829786611627924e-05,,,,,0.1510839302120404,0.48400933,1.1980534e-05,0.23929831,0.320356,0.5005289,-0.0025769472,0.24493454,0.33696306,0.48454112,1.013279e-05,0.24351199,0.32057357,0.5001445,-0.002642393,0.2505318,0.33677202,0.43207055,-0.4754498,0.40056872,0.24603686,0.43669635,-0.6117734,0.40642583,0.24534917,0.48740542,-972.7022,4.277677,0.2439459,0.43144664,0.43675622,0.4869007,a0,1.4101285934448242,1.4122100173707963,2.399458200166902e-07,2.7671620407176757e-07,1.7301192060463293e-05,4.3341186248824215e-06,1.5219219575591594e-06,
pagie_1_1,0.01,2048,8.930795457828822e-06,,,,,0.1487544570201598,0.4919813,8.940697e-06,0.23990208,0.33073232,0.49293348,-0.00085282326,0.23932506,0.32818165,0.4917341,8.523464e-06,0.24626645,0.33049056,0.49277377,-0.00079512596,0.2468745,0.32818374,0.4496235,-0.83837664,0.4216581,0.2510197,0.44747192,-0.6339452,0.42021033,0.25334167,0.5103784,-976.7798,5.434796,0.25548676,0.44921315,0.44781336,0.51020956,a0,1.3676800727844238,1.3713079881350065,-1.6019175637441728e-07,2.5398415841597804e-07,3.655235458133177e-05,6.821404752688134e-06,3.4537300568190396e-06,
pagie_1_1,0.1,32,2.0214410377831577e-06,,,,,0.1517249183213517,0.41947615,1.4305115e-06,0.2783491,0.2764712,0.49438033,-1.3113022e-05,0.18189654,0.32542756,0.43262967,-0.01470089,0.2964497,0.2756784,0.46727675,-1.0728836e-06,0.2343696,0.30814636,0.46028775,-0.5223142,0.26555786,0.25759503,0.4560653,-0.41607606,0.24232006,0.2584724,0.511569,-8.314836,0.49488994,0.2557102,0.42743823,0.42623526,0.48051402,a0,1.47164785861969,1.4937802602366101,6.768552791024173e-08,4.55234148450602e-07,1.6553358565674035e-05,8.345894538065409e-06,1.9745251298785632e-06,
pagie_1_1,0.1,128,2.972885075003262e-06,,,,,0.1492157027744957,0.49512708,2.503395e-06,0.22475904,0.33181918,0.5123105,-0.0005400181,0.18958895,0.3406112,0.47726128,-0.00023984909,0.2435194,0.3182609,0.49629158,-0.0005147457,0.24857622,0.33010194,0.47492054,-0.52182794,0.25924695,0.2682772,0.48135847,-0.5810642,0.24126391,0.26982364,0.52881056,-10.337828,0.5491689,0.2647877,0.44845057,0.44403967,0.50557745,a0,1.4508748054504395,1.4632989507323835,-1.087178022703731e-07,2.832399120389118e-07,1.9340974985420376e-05,9.596415020846175e-06,2.3045171644226086e-06,
pagie_1_1,0.1,512,3.955338424788124e-06,,,,,0.1505144369395009,0.5046906,3.6358833e-06,0.200323,0.33530974,0.5268682,-0.0010441542,0.19051793,0.354054,0.48458403,-0.000166893,0.24353357,0.32060197,0.49988562,-0.0016047955,0.25040212,0.3365977,0.4643267,-0.4399346,0.25069538,0.26355228,0.4646345,-0.53135526,0.25084767,0.26120034,0.5192075,-10.046064,0.45455536,0.25956526,0.43470567,0.4402947,0.49260354,a0,1.4101285934448242,1.4087004674978587,9.684547166107437e-08,2.7414284616113986e-07,1.4140001915878828e-05,4.563720891415102e-06,1.3593582392331338e-06,
pagie_1_1,0.1,2048,3.965979351569304e-06,,,,,0.1484487168887397,0.5154965,3.5762787e-06,0.17907967,0.34725487,0.51666355,-0.001811266,0.18009068,0.34296072,0.491747,-4.3988228e-05,0.2462729,0.33049923,0.49287122,-0.00119102,0.24692331,0.32824865,0.47551572,-0.7606152,0.2822699,0.26461083,0.47054416,-0.5508934,0.2709513,0.26660722,0.5377193,-9.854367,0.5729542,0.2692848,0.45128432,0.44972748,0.51327187,a0,1.3676800727844238,1.3629611173016087,1.4586571153650395e-07,2.507437258407128e-07,8.806795754668956e-06,5.269723707278665e-06,1.007208910225047e-06,
pagie_1_2,0.0001,32,,5.768933159572452,,,,0.1411613680999278,0.40922225,0.09193599,0.2804414,0.26077148,0.43713146,0.124860525,0.21925125,0.28826648,0.40926588,0.09193593,0.28044018,0.26079062,0.43713266,0.12485778,0.2192504,0.2882678,0.38944265,-0.33701372,0.389706,0.21873319,0.3630229,-0.079339266,0.36330873,0.20610644,0.41284597,-1330770.8,214.2996,0.20665362,0.38943842,0.36302355,0.4128431,a1,0.000138917937874794,-2.586863624069082e-05,93.37661588170299,7.92676140093106,477.57503832970735,385.99415579794174,128.99723431055932,
pagie_1_2,0.0001,128,,7.095900934758362,,,,0.1379481756257325,0.45303857,0.098685265,0.23118,0.30210957,0.46847233,0.10848105,0.23464274,0.3115982,0.4530462,0.09868467,0.23116381,0.30211315,0.46847978,0.10847932,0.2346462,0.31160328,0.43187836,-0.47063935,0.43228793,0.24473158,0.40960065,-0.42599642,0.40986118,0.23086967,0.47735107,-1612265.5,236.28412,0.23894595,0.43187898,0.409592,0.47735167,a1,-0.00039670566911809146,-0.0003182015136507066,184.79682774521822,9.141960564576257,804.1138947390857,692.9707861764098,227.84363167532064,
pagie_1_2,0.0001,512,,7.0959380071219655,,,,0.1390724502948481,0.4600574,0.09848493,0.23121047,0.30437636,0.47181767,0.107720196,0.23631397,0.31769755,0.46006587,0.09848213,0.23121166,0.30438069,0.4718159,0.107721806,0.23634148,0.317697,0.4200179,-0.39681673,0.42020145,0.23925875,0.40662885,-0.39762032,0.40694532,0.22844146,0.4661266,-1703944.0,241.01752,0.23332529,0.42001456,0.40663233,0.466124,a1,-0.0005314096924848855,-0.0006145133156065442,142.129551936674,9.10953526710667,914.889682439038,456.54481385062655,176.266139139248,
pagie_1_2,0.0001,2048,,7.91463383094469,,,,0.1380977662887373,0.4683828,0.0927282,0.23457843,0.31479707,0.4687726,0.0943169,0.23484762,0.3121981,0.468383,0.092727125,0.23457195,0.3147965,0.46877345,0.09431738,0.23485059,0.3121997,0.43613452,-0.7293626,0.43638924,0.24357645,0.42038685,-0.43957162,0.4206456,0.23798719,0.49045408,-1828604.4,230.5408,0.24550176,0.43613294,0.420393,0.49045494,a1,-0.00045962780131958425,-0.00044771932378789175,121.96941991953898,156.43356641910128,544.0355964128718,419.31967138937733,132.57300956270578,
pagie_1_2,0.001,32,,5.768929271313079,,,,0.1411134095967497,0.4088328,0.091935396,0.28045464,0.26060113,0.43707913,0.12506145,0.21905209,0.28822726,0.4092662,0.0919345,0.2804404,0.26079082,0.4370886,0.12503415,0.2192283,0.28823876,0.3897246,-0.3388406,0.38804492,0.21888444,0.36328843,-0.08105576,0.36155218,0.2062539,0.4133541,-59163.816,41.393723,0.20690534,0.38967934,0.36329162,0.41332257,a1,0.00014101120177656412,-3.252526071095111e-05,85.18080451127011,8.37971018251574,412.14492054035406,400.6842153781147,123.24585199248689,
pagie_1_2,0.001,128,,8.714164571669512,,,,0.1400969081441309,0.45790455,0.07895434,0.23344262,0.30536807,0.47412202,0.08661026,0.2373108,0.3153548,0.45797858,0.07895243,0.23368053,0.30540228,0.4741947,0.086595595,0.23750861,0.3154045,0.4345385,-0.48912656,0.43250662,0.24623202,0.41586825,-0.4697063,0.41396362,0.23439069,0.4820238,-90402.77,46.188946,0.24128565,0.4345412,0.41577932,0.4820275,a1,-0.00027985486667603254,-0.00015393076640348992,185.32680431229585,9.303666127920227,756.979173828812,648.5839726418486,220.59974710281475,
pagie_1_2,0.001,512,,6.889784709800292,,,,0.1387236046131284,0.45912683,0.10186577,0.2306074,0.30377215,0.47088122,0.11131126,0.23544176,0.31706125,0.45920888,0.101837635,0.23078097,0.3038137,0.4708613,0.11132896,0.23586328,0.3170542,0.4196633,-0.39443886,0.41745415,0.23904902,0.40559903,-0.39077497,0.40386486,0.22786427,0.46542513,-85734.17,40.710983,0.23297149,0.4196276,0.40563133,0.4653971,a1,-0.0005615243571810424,-0.0006409173862776461,147.03947715571493,9.037899373583336,693.1224707381127,504.71449996509256,172.83551074105085,
pagie_1_2,0.001,2048,,7.940016333175715,,,,0.138127355181496,0.468468,0.09240842,0.23446383,0.31486082,0.4688523,0.09398246,0.23442155,0.3122419,0.46846753,0.09239966,0.23461427,0.3148533,0.4688587,0.09398806,0.23489329,0.3122565,0.4362209,-0.73034525,0.43426958,0.24361674,0.42045447,-0.44050157,0.41886458,0.23802729,0.49055636,-87170.46,50.08792,0.24555399,0.43620303,0.42051288,0.4905629,a1,-0.00045646500075235963,-0.00041733777619274684,114.9561816010572,122.02012243124722,524.0456060049546,337.2955030796885,124.89363516752941,
pagie_1_2,0.01,32,,5.768930714426598,,,,0.1406447736183591,0.40525702,0.09178829,0.2808092,0.25909588,0.43686765,0.12676978,0.21293615,0.28804064,0.40929914,0.09178835,0.28046295,0.2608118,0.43668565,0.12664676,0.2190262,0.28797302,0.39280143,-0.3562913,0.36826572,0.22054087,0.3662366,-0.097916365,0.339838,0.20789444,0.41862598,-623.0223,4.0704846,0.20951761,0.3920574,0.36593506,0.41800898,a1,0.0001638293033465743,0.00012410439008783962,80.47248885532659,7.145674219384754,391.94972341428854,343.8294768295457,118.11306392094075,
pagie_1_2,0.01,128,,7.115674704195288,,,,0.1379043281368124,0.45263052,0.09833336,0.22820085,0.30198562,0.46807504,0.10819608,0.23023434,0.31132078,0.45312074,0.098388135,0.23120184,0.30216283,0.4685749,0.10811722,0.23469384,0.31166655,0.43257383,-0.47625768,0.40122995,0.24504921,0.41137984,-0.43266284,0.3853817,0.23174551,0.4783768,-926.88727,4.930389,0.23946682,0.432349,0.41019157,0.47818163,a1,-0.0003932183317374438,-0.00034982529385315194,208.85882057511,9.111196995836455,1007.2590111307047,735.1921413692318,251.4751006812436,
pagie_1_2,0.01,512,,7.095946604115877,,,,0.1390108057203813,0.45951906,0.09864801,0.22719012,0.3041464,0.47223687,0.10755962,0.23108982,0.31791648,0.46006635,0.098480284,0.2312119,0.304381,0.47178632,0.10783374,0.23632665,0.31767708,0.42095366,-0.40050197,0.39026237,0.23970649,0.4069926,-0.39996755,0.37878108,0.2286607,0.46725613,-893.86084,4.100838,0.2338612,0.42034355,0.40703842,0.46674064,a1,-0.0005310935084708035,-0.00037036476509809125,159.65887943978345,9.111204303855498,977.6498567459685,640.2205205723086,196.40306762642936,
pagie_1_2,0.01,2048,,7.096203119420143,,,,0.1368900912676221,0.46555665,0.10454452,0.22701678,0.31296846,0.46591008,0.10587603,0.22620487,0.3101902,0.4653235,0.10454112,0.2330397,0.31274024,0.4657334,0.10602623,0.23332755,0.31017506,0.43491027,-0.72002923,0.40785998,0.24280547,0.41668254,-0.416826,0.39129674,0.2359099,0.48814464,-893.44476,5.198038,0.2443569,0.4345193,0.41699904,0.48796389,a1,-0.0005772124859504402,-0.0005942761995462155,117.68267796547504,150.87333241791958,768.618233376093,386.72103678463856,137.9693219573375,
pagie_1_2,0.1,32,,5.768938887871443,,,,0.1359589298958484,0.4032398,0.075915694,0.26757523,0.26577002,0.46408764,0.1187821,0.17075099,0.3054873,0.41256583,0.077233255,0.28270137,0.2628934,0.435418,0.13170981,0.21839039,0.28713706,0.45130104,-0.4634509,0.2603731,0.25256574,0.4268752,-0.24060738,0.22681056,0.24192911,0.4968128,-7.7852116,0.4806148,0.24833424,0.41798595,0.3944592,0.46486765,a1,0.00039210228715091944,0.00033986963595762084,82.94077136825433,7.926769953112202,426.20098437805024,366.0968137713269,119.10079303018139,
pagie_1_2,0.1,128,,7.115671343413393,,,,0.1372367941855581,0.4726245,0.088832974,0.21454418,0.31673864,0.4859926,0.099617064,0.17984958,0.32311365,0.453181,0.09814823,0.2312326,0.30220303,0.4687088,0.107607484,0.23476091,0.31175563,0.46309197,-0.44696522,0.25279,0.26159537,0.4539806,-0.40632892,0.22754173,0.25447708,0.50906205,-9.506816,0.5286601,0.25489914,0.43616852,0.4146807,0.4848569,a1,-0.00037261878605932,-0.0002669690489602395,177.9036474309371,9.141967520271725,778.6503918318824,701.2979308471661,215.22507880985174,
pagie_1_2,0.1,512,,6.889786706159633,,,,0.1380965067731416,0.48054537,0.093397796,0.19073923,0.31926796,0.49958682,0.09994072,0.18065286,0.335721,0.45925257,0.10166675,0.23080292,0.3038426,0.47059876,0.11231953,0.23573178,0.31687742,0.45309073,-0.37108934,0.24462895,0.2571747,0.43602172,-0.348557,0.23540014,0.24511528,0.49928194,-9.214505,0.43711096,0.24960399,0.42299554,0.40979537,0.4716681,a1,-0.0005590959335677326,-0.0007086956178331749,144.5378480987241,9.111198895000472,640.6381811119753,517.3181790974502,175.49386866398424,
pagie_1_2,0.1,2048,,7.940018701375336,,,,0.1377906388184758,0.4931084,0.08497733,0.17130221,0.33217356,0.49398074,0.08422178,0.17218426,0.3279039,0.4684799,0.092351735,0.23462047,0.31486163,0.46896085,0.09359318,0.23494446,0.31232452,0.46303213,-0.6693865,0.27485955,0.25766408,0.4452284,-0.38850307,0.25637382,0.2522635,0.51932317,-9.124385,0.5533526,0.2600722,0.43839768,0.42273888,0.49393007,a1,-0.0004614573554135859,-0.000414747116057199,122.50369729506649,152.73884915372906,673.3641988148928,442.6694011805086,142.08683095100773,
vladislavleva_1_1,0.0001,32,-0.2094382411902517,,,,,0.838128969701502,0.17553784,0.499568,0.21685718,0.67883104,0.16891848,0.51618135,0.20281786,0.63823676,0.17554393,0.49956155,0.21686316,0.67886466,0.16891797,0.51618195,0.20282371,0.6382374,0.04950053,-1492350.2,170.126,2465.211,0.20828545,-3.9621067,0.73351973,2.0862348,0.048843756,-1705476.4,214.11678,6146.4326,0.049500432,0.20828465,0.04884244,a0,0.8393865823745728,0.8398847597644588,-0.01531894986856052,-1.554643850733678e-07,0.3379822813481565,0.2536448743693444,0.0541652488573061,
vladislavleva_1_1,0.0001,128,-0.275138565109601,,,,,0.6355328925545152,0.16442943,0.53636825,0.19928706,0.56811225,0.1716568,0.4895475,0.20624709,0.6291985,0.16442706,0.5363666,0.1992735,0.56810784,0.17165546,0.48955643,0.20624739,0.62918997,0.030363739,-547336.1,103.75751,1605.8326,0.25001907,-6.4685874,0.8742892,2.8274765,0.030436,-676514.1,142.63387,3170.3315,0.030363819,0.2500168,0.030436825,a0,0.6218330264091492,0.6178250727094381,-0.01060259183481012,8.429640345465336e-08,0.3517827413116903,0.19073667528110483,0.045408743007014245,
vladislavleva_1_1,0.0001,512,-0.2222409498127615,,,,,0.7601780793521777,0.1667895,0.4961676,0.20240556,0.6572445,0.17411791,0.48740888,0.20920211,0.6446266,0.16679023,0.49616146,0.20239992,0.6572504,0.17411698,0.48741513,0.20922218,0.6446198,0.046518963,-1399351.6,172.07893,2387.4504,0.2245091,-4.790047,0.7796855,2.3870265,0.0462736,-1735121.9,168.25047,4648.697,0.04651922,0.22451043,0.04627444,a0,0.8026554584503174,0.8029424408903529,-0.11462751805602706,5.690110908131577e-07,7.221603775552712,0.6611038159092392,0.7715544580113181,
vladislavleva_1_1,0.0001,2048,-0.9399416805056156,,,,,0.6074389276903639,0.1148703,0.77929896,0.13834071,0.43064776,0.11750017,0.7601641,0.14194356,0.4435898,0.11487045,0.7792977,0.13835245,0.43064842,0.1175007,0.76015997,0.1419484,0.4435938,4.2373787e-05,-0.056804657,0.15086366,2.0298796,0.1746107,-2.699143,0.6056066,1.858834,5.083607e-05,-0.94060695,0.2069489,5.988262,2.3628145e-05,0.1746132,3.661785e-05,a0,0.02563352882862091,0.025670952901596378,-0.023726157205276523,7.118884714221232e-08,1.0007620192449105,0.31777753956840143,0.10779660851761996,
vladislavleva_1_1,0.001,32,-0.267968603171,,,,,0.7782122137887095,0.1623673,0.5716285,0.20059942,0.62781465,0.15683073,0.58296555,0.18822257,0.59254336,0.16241905,0.5715965,0.20064896,0.628108,0.15682568,0.5829725,0.18830422,0.5925481,0.029036984,-6492.325,12.95809,1325.0803,0.20960905,-4.02402,0.7360538,2.099655,0.028584126,-5995.3594,13.164013,-23482.904,0.029033165,0.20960206,0.028568009,a0,0.5895137190818787,0.5866180175541358,-0.020104463186719105,-1.623196893551947e-07,0.3333589421037434,0.23812379009717421,0.06049140541247797,
vladislavleva_1_1,0.001,128,-0.2915831674719573,,,,,0.6364283627855831,0.15992326,0.56156003,0.19375065,0.55251044,0.16699477,0.5168898,0.20049766,0.61214113,0.15989867,0.5615522,0.19378541,0.5524619,0.16698107,0.516978,0.20063102,0.6120564,0.025668453,-4842.4355,9.65249,1149.407,0.24483809,-6.1616654,0.8539431,2.769561,0.025727127,-5056.056,11.992316,1416.5325,0.025666663,0.24481557,0.025732983,a0,0.5456749200820923,0.5487176095442248,-0.010398448592548078,1.14291553282616e-07,0.37163170424550956,0.18981214738797966,0.04643098495242444,
vladislavleva_1_1,0.001,512,-0.2255040189968555,,,,,0.759831811384617,0.16580212,0.5021318,0.20116675,0.653327,0.1731815,0.4929009,0.20780395,0.6411894,0.16580905,0.502072,0.20120926,0.653384,0.17317198,0.49296403,0.20808665,0.6411212,0.04501054,-16977.906,19.390491,1937.6086,0.22351135,-4.7404985,0.774386,2.3761728,0.044765804,-16940.072,16.745327,2308.8318,0.045011897,0.22352427,0.04477296,a0,0.7798541784286499,0.781252691862272,-0.11440801985999585,2.389899829236073e-07,7.227481790008442,0.6611563272893752,0.7717291830538183,
vladislavleva_1_1,0.001,2048,-0.939821063810232,,,,,0.6075844271223818,0.11487208,0.7792986,0.13818386,0.4306538,0.117495224,0.7602029,0.14176676,0.44355327,0.11487309,0.7792876,0.13835563,0.4306583,0.11749995,0.760163,0.1419475,0.44359097,0.00036136233,0.0034743547,0.13323964,10.218801,0.1745527,-2.6951327,0.60417014,1.8579512,0.00035597436,-0.0081774,0.15644057,117.25336,2.3670538e-05,0.17457734,3.666636e-05,a0,0.025633182376623154,0.02571243832259762,-0.026234632996376534,2.26748661394482e-08,1.000388237017539,0.3097649250548566,0.11005230073495952,
vladislavleva_1_1,0.01,32,-0.2005038408909742,,,,,0.8206382588447267,0.17893128,0.47724485,0.22120646,0.6909384,0.17247729,0.49591756,0.2059703,0.6514249,0.17950898,0.47669917,0.2217615,0.6941983,0.17239566,0.4960552,0.20699947,0.6513775,0.055299662,-234.5978,2.468849,1373.8768,0.21703854,-4.365105,0.7305092,2.1757612,0.05472029,-218.44795,2.517367,-589.30023,0.055174895,0.21692882,0.054466583,a0,0.935087263584137,0.9369314917934135,-0.010694400559571564,-3.3997068087495165e-07,0.2674199115819986,0.2567898244902508,0.04312804968359284,
vladislavleva_1_1,0.01,128,-0.4121755216381704,,,,,0.6431722370740242,0.13649325,0.6816217,0.16459915,0.47128376,0.14179815,0.6516952,0.16893922,0.520044,0.13617617,0.68199766,0.1650355,0.4704989,0.14161618,0.6525773,0.1701546,0.5190833,0.008416491,-4.208166,0.31936854,148.78816,0.21512133,-4.515705,0.72615486,2.4393709,0.008340288,-4.318674,0.38698825,80.365135,0.00756145,0.21487692,0.0075944825,a0,0.2287306785583496,0.2286925908576154,-0.01954648985383836,1.8872905142794057e-07,0.4837833335171444,0.27880537676189293,0.07156564393925116,
vladislavleva_1_1,0.01,512,-0.4253298341691476,,,,,0.8629229490185765,0.1309912,0.68941224,0.15834174,0.515947,0.14163333,0.6608447,0.16735879,0.5246273,0.13097546,0.68930805,0.1589387,0.51611936,0.14155364,0.6612139,0.17009348,0.5240631,0.0064230757,-2.4662197,0.27695677,105.84897,0.14915,-1.561125,0.5028281,1.583994,0.006349769,-2.4069993,0.2382084,55.82836,0.005429912,0.14919831,0.005402379,a0,0.13672441244125366,0.136956264041449,-0.04655420452813445,1.415625910144402e-07,3.0217158558463786,0.5015086830163912,0.30315249544036205,
vladislavleva_1_1,0.01,2048,-0.9433420665801222,,,,,0.6088197450262205,0.11494449,0.77912784,0.13612765,0.4309186,0.11750439,0.76040065,0.13997687,0.44340917,0.11490365,0.77917016,0.13839243,0.4307729,0.117499344,0.76016545,0.14194676,0.44358867,0.0036147498,-0.0013465881,0.13375773,20.055508,0.17375338,-2.6411846,0.5893778,1.8468063,0.0035424419,-0.0001538992,0.15692845,-68.78861,2.2237678e-05,0.17396758,3.50132e-05,a0,0.025231851264834404,0.025391896273097014,-0.025763341414705244,1.0591138810296229e-07,1.0047819255328454,0.32913015117896904,0.11161677164352336,
vladislavleva_1_1,0.1,32,-0.2996333105763766,,,,,0.8081231108119191,0.15461771,0.5996001,0.18167315,0.5891907,0.15451483,0.6055776,0.16073532,0.58148706,0.15412934,0.6142112,0.19040804,0.59604996,0.14971255,0.61994475,0.17976332,0.5656719,0.04154231,-0.32926166,0.18547311,185.76756,0.19618283,-2.7516208,0.44282702,1.9820502,0.04275025,-0.3391658,0.19656649,-42.358524,0.020478116,0.19228432,0.020125125,a0,0.4111314117908478,0.41173743058411927,-0.016051468521133937,1.0066762478938772e-07,0.3565902897979026,0.303479555230154,0.06314492292528527,
vladislavleva_1_1,0.1,128,-0.3748975716888774,,,,,0.6495177123359162,0.14874104,0.641117,0.16501026,0.51054585,0.15296726,0.6034571,0.15643035,0.5638747,0.14111908,0.658493,0.17102593,0.48757702,0.14700101,0.6256541,0.17662458,0.538821,0.03846869,-0.08778131,0.14610417,96.43276,0.22539923,-4.150563,0.49248937,2.62009,0.037565455,-0.07903206,0.1741821,39.132362,0.0109200785,0.22004926,0.0109604485,a0,0.28858792781829834,0.28947930839212654,-0.011785047402925878,-5.6610330745285663e-08,0.42776104933595416,0.25719242864179886,0.05750870279697304,
vladislavleva_1_1,0.1,512,-1.1647356536875213,,,,,0.6813877067255062,0.12092326,0.74202794,0.124953136,0.4743525,0.12800772,0.72795385,0.12986313,0.47635728,0.11615444,0.75564474,0.1409534,0.45771596,0.12309904,0.74379194,0.14791808,0.45574003,0.034502793,-0.00016021729,0.1487862,79.28082,0.14563952,-1.213826,0.31679225,1.5309227,0.03441886,-0.00094270706,0.1291579,32.555965,2.2099073e-05,0.14069356,6.6597577e-06,a0,0.009209146723151207,0.008388877239325819,-0.06426705499707958,1.285531365688226e-07,3.003381303740412,0.46920255251393767,0.31943004889712723,
vladislavleva_1_1,0.1,2048,-0.9394977987120684,,,,,0.6020569504684983,0.120160975,0.7643397,0.11579891,0.45040575,0.12257945,0.7469804,0.12759687,0.4607043,0.114781566,0.7796391,0.1382454,0.4303152,0.11754011,0.75999904,0.14199601,0.4437426,0.036154788,-0.0019162893,0.13383254,22.194675,0.17729978,-2.1898909,0.38838273,1.8580083,0.035424113,-0.00027012825,0.15705301,-59.35358,2.4035306e-05,0.17627497,3.708479e-05,a0,0.026122819632291794,0.02665555448068402,-0.020786118368450675,9.497307145891248e-08,1.0128865485505054,0.2674679410031463,0.10516528381918326,
vladislavleva_1_2,0.0001,32,,-2.005415894564942,,,,0.905467090325873,0.27477556,-0.22619557,0.33945417,1.0625982,0.2820517,-0.3489188,0.3386552,1.0656961,0.2747836,-0.2261982,0.33946168,1.062645,0.28205103,-0.34891844,0.3386652,1.0656979,0.0037491883,-8560.027,12.8854065,186.71599,0.1842477,-2.8828664,0.64886594,1.8454673,0.003664797,-9600.249,16.0654,461.17313,0.003748467,0.1842466,0.0036628596,a1,0.06016113609075546,0.06045675398905674,0.3361877290119895,-2.0055057909996927,19.574004106736883,19.35558476342642,5.878674122080999,
vladislavleva_1_2,0.0001,128,,-1.6629179950060464,,,,0.9561795787976198,0.21856518,0.18082613,0.26489913,0.75515413,0.2226073,0.1415556,0.26746455,0.8159547,0.21856058,0.18083417,0.26487935,0.7551432,0.22260806,0.14155155,0.26746792,0.81595284,0.00069488405,-285.66135,2.3745244,36.750004,0.13583553,-1.204545,0.4750019,1.5361699,0.0007086566,-365.75333,3.3210156,73.816414,0.00069354253,0.13583274,0.0007084252,a1,0.09267662465572357,0.09630535656040418,0.4174785712645883,-1.6633083623288363,19.574004106736883,19.35558476342642,5.800993175286137,
vladislavleva_1_2,0.0001,512,,-1.7284815860555716,,,,1.0354250247867287,0.2289423,0.05070597,0.2778304,0.90216154,0.2415341,0.013626993,0.29020244,0.89421767,0.22894081,0.05071515,0.27781966,0.9021598,0.24153417,0.013628066,0.2902319,0.89421326,0.00091625645,-541.8767,3.3893368,47.024197,0.13036157,-0.95215094,0.45272565,1.3860308,0.0009249382,-692.24866,3.3630686,92.92031,0.00091552513,0.1303629,0.00092467613,a1,0.05949060618877411,0.06248942894661307,0.5373727098473059,-1.7288665280311926,19.574004106736883,19.35558476342642,5.6929110146783675,
vladislavleva_1_2,0.0001,2048,,-1.6496674879320137,,,,0.9979218346135572,0.22613052,0.14472228,0.2723337,0.84776133,0.22312024,0.1352011,0.2695356,0.84232956,0.22613017,0.14472222,0.27235606,0.84776026,0.22311929,0.13520122,0.26954243,0.84232974,0.0006229106,-227.3766,2.2177525,29.839994,0.13296907,-1.1451645,0.46117988,1.4155341,0.00065935455,-325.46124,2.6841707,77.66902,0.0006235835,0.13297105,0.0006584549,a1,0.08568798750638962,0.08223964312181221,0.5665949449097227,-1.649945801724822,19.574004106736883,19.35558476342642,5.681335775005996,
vladislavleva_1_2,0.001,32,,-2.005400282849604,,,,0.9053365556872176,0.27469936,-0.22613609,0.33938196,1.0621614,0.28205708,-0.34891176,0.3385147,1.065678,0.27477974,-0.2261635,0.33945692,1.0626299,0.28205004,-0.34890914,0.33866403,1.0656941,0.0037714427,-108.54162,1.6830499,172.10687,0.18428095,-2.883222,0.6471128,1.8459433,0.003699082,-99.42126,1.7035596,-3038.931,0.0037487121,0.18426965,0.003663098,a1,0.06022286415100098,0.06722266086947479,0.33618957372053443,-2.005498260265179,19.574004106736883,19.35558476342642,5.878673383575068,
vladislavleva_1_2,0.001,128,,-1.6625746011647429,,,,0.9561759956895112,0.21854551,0.18121338,0.26477286,0.7550414,0.22253956,0.14206392,0.267186,0.81574786,0.21849915,0.18129456,0.2648049,0.754931,0.22254689,0.14202327,0.26739442,0.81572866,0.00078766345,-3.560742,0.2961968,35.27076,0.13582045,-1.203872,0.47371277,1.5363746,0.00078819133,-3.7465549,0.36740363,43.39772,0.0006923445,0.1357921,0.0007072237,a1,0.09276500344276428,0.08923452983942166,0.4174863741896466,-1.6632850134715633,19.574004106736883,19.35558476342642,5.800990363025497,
vladislavleva_1_2,0.001,512,,-1.7287556189605129,,,,1.0354705231803618,0.22900268,0.05023682,0.27784762,0.9023626,0.2415831,0.01321429,0.28988037,0.8944403,0.22898749,0.050327957,0.2778763,0.9023437,0.24158347,0.013225377,0.29029116,0.89439577,0.0009802466,-7.0528917,0.42228916,42.197544,0.13037324,-0.9531132,0.4516961,1.3860117,0.0009842009,-7.188713,0.36815524,50.76094,0.0009167041,0.13038595,0.00092584867,a1,0.05941987782716751,0.059584710855170954,0.5373779067222706,-1.7288868337362235,19.574004106736883,19.35558476342642,5.692908934777873,
vladislavleva_1_2,0.001,2048,,-1.6496675325464056,,,,0.9979203398993396,0.22613367,0.14472342,0.27202454,0.84777194,0.22312902,0.13520008,0.2692218,0.8423287,0.22613008,0.14472288,0.27235594,0.8477599,0.2231192,0.13520193,0.26954234,0.8423294,0.00070577714,-2.8013504,0.2602305,19.95835,0.13295186,-1.1437087,0.46017936,1.415149,0.000747234,-3.4423494,0.328388,246.12923,0.0006235846,0.13297133,0.00065845606,a1,0.08568599075078964,0.0890717766027557,0.5666082002081232,-1.6498740072832676,19.574004106736883,19.35558476342642,5.6813305773635285,
vladislavleva_1_2,0.01,32,,-2.005376787983349,,,,0.904083295385679,0.27398953,-0.22572696,0.33872363,1.0580033,0.28215322,-0.3489871,0.33694398,1.065657,0.27476823,-0.22606087,0.3394427,1.0625855,0.28206277,-0.34903073,0.3386793,1.0657423,0.0052422024,-1.1171606,0.2340377,130.23842,0.18464817,-2.8832424,0.6214896,1.8510554,0.005328428,-1.0808125,0.24513043,-57.38354,0.003753072,0.18450432,0.003667343,a1,0.06080007180571556,0.060066475822914384,0.3361859878594769,-2.0055146294258606,19.574004106736883,19.35558476342642,5.878674819158284,
vladislavleva_1_2,0.01,128,,-1.6628891460899802,,,,0.9555216360497484,0.21899545,0.18042004,0.26408973,0.75614727,0.22252226,0.14224118,0.26511443,0.8160993,0.21850246,0.1812697,0.2648089,0.7549424,0.22256708,0.14186758,0.26741868,0.81580263,0.0037600226,-0.03945005,0.1426762,66.47032,0.13627838,-1.2135429,0.46001577,1.5453303,0.0036730536,-0.031563044,0.1704292,35.392715,0.000693914,0.13594769,0.0007087976,a1,0.09272615611553192,0.09669554414835664,0.4174901164599121,-1.6633150101383247,19.574004106736883,19.35558476342642,5.800989013204791,
vladislavleva_1_2,0.01,512,,-1.72850955083467,,,,1.034940360472531,0.2290969,0.049967468,0.27693158,0.90236485,0.24153115,0.013688743,0.28540146,0.8946612,0.22891985,0.050888896,0.2777942,0.9020772,0.24151273,0.013803184,0.29020616,0.89413387,0.003571904,-0.0719378,0.15401702,58.863132,0.13035737,-0.95639014,0.4394727,1.3844137,0.0035542354,-0.06745255,0.13333535,31.249506,0.0009161056,0.13044308,0.0009252541,a1,0.05936671793460846,0.05948270758745021,0.5373766706430508,-1.7289121639490692,19.574004106736883,19.35558476342642,5.692909429481564,
vladislavleva_1_2,0.01,2048,,-1.649651345522012,,,,0.997921539103612,0.22618914,0.14472026,0.26787362,0.8479668,0.22324163,0.13517594,0.26593617,0.8424144,0.22612739,0.14474332,0.2723527,0.84774977,0.22311652,0.13522267,0.2695391,0.84231925,0.0036395884,-0.015155315,0.13467683,20.19332,0.13281672,-1.1275592,0.45051914,1.4116948,0.0036021294,-0.03414154,0.15957257,-69.947655,0.0006235324,0.13296936,0.00065840216,a1,0.08566871285438538,0.08910257146967515,0.5666075208670875,-1.6499366398639197,19.574004106736883,19.35558476342642,5.681330843764841,
vladislavleva_1_2,0.1,32,,-2.005419419581045,,,,0.8908253429558263,0.26948395,-0.2163018,0.316639,1.0269034,0.28520092,-0.34376407,0.2966826,1.0732993,0.2747234,-0.22566092,0.33938733,1.0624121,0.28226867,-0.35100102,0.33892652,1.0665202,0.0362906,-0.014419317,0.16202591,162.28313,0.19147836,-2.5738497,0.432208,1.9345205,0.03731787,-0.020447493,0.17158829,-36.97592,0.0038041852,0.18704525,0.0037171121,a1,0.0666988343000412,0.0602598028502367,0.3589887938722196,-2.005511561425849,19.574004106736883,19.35558476342642,5.865041117421483,
vladislavleva_1_2,0.1,128,,-1.6627323068345798,,,,0.9496283255647046,0.22579828,0.17294854,0.25049597,0.7750408,0.22461505,0.14499056,0.22970021,0.827986,0.21800299,0.18500847,0.26420358,0.7532167,0.22222157,0.14452982,0.26700357,0.8145362,0.036899783,-0.0008625984,0.14014547,92.499855,0.14480713,-1.1258361,0.31639847,1.6832697,0.036169413,-0.00032234192,0.167709,37.67809,0.000697607,0.13699506,0.00071250036,a1,0.09314700216054916,0.09340174286318703,0.4174863027899217,-1.663317312170208,19.574004106736883,19.35558476342642,5.800990388174433,
vladislavleva_1_2,0.1,512,,-1.7287505494198856,,,,1.030982364130784,0.23300111,0.042213023,0.2407661,0.91400665,0.24373241,0.013727844,0.24726517,0.9070055,0.22875209,0.052279472,0.27759063,0.9014161,0.2413412,0.015203536,0.29000005,0.89349884,0.03451709,-0.0009893179,0.14884785,79.313675,0.13430129,-0.88254464,0.29212955,1.4117382,0.034421135,-0.0010752678,0.12916644,32.55812,0.00092091603,0.13110189,0.0009300437,a1,0.058209870010614395,0.055111099638221625,0.537372777910588,-1.7289455846556692,19.574004106736883,19.35558476342642,5.692910986712245,
vladislavleva_1_2,0.1,2048,,-1.6496681873834569,,,,0.9977515163601212,0.22930314,0.14181751,0.220979,0.8595091,0.22703086,0.13206208,0.2363237,0.85327595,0.22611856,0.14481008,0.2723421,0.84771675,0.22310881,0.1352824,0.2695298,0.84229016,0.036131456,-0.000623703,0.13374618,22.180351,0.13565849,-0.8674687,0.2971657,1.4216294,0.0354294,-0.0005686283,0.15707645,-59.36244,0.00062369625,0.13300285,0.00065857137,a1,0.08546608686447144,0.0820728319623678,0.5666015640519833,-1.6499421717458589,19.574004106736883,19.35558476342642,5.681333179453758,
vladislavleva_1_3,0.0001,32,,,17.583597107822794,,,4.738614738332065,0.24679159,0.010845125,0.30488312,0.9543799,0.24088365,0.01611811,0.28922534,0.9101479,0.24679893,0.010842204,0.30489004,0.9544224,0.24088308,0.016118228,0.2892339,0.91014946,0.25216866,-38728756.0,866.66644,12558.431,0.15963486,-1.9147663,0.5621868,1.5989394,0.22963095,-37695430.0,1006.635,28896.451,0.2521689,0.15963341,0.2296299,a2,0.000387702661100775,0.0003893327947327354,11.700039271210777,29.426870946084684,204.94456709676336,190.31305242345462,57.32409486688472,
vladislavleva_1_3,0.0001,128,,,20.86351956967186,,,6.200082104131736,0.24096973,0.00427562,0.29205325,0.83256304,0.23859319,0.013835371,0.28667173,0.8745501,0.24096578,0.004276097,0.2920328,0.8325549,0.23859334,0.013836086,0.28667456,0.8745457,0.28196827,-47200316.0,963.5284,14912.322,0.19354387,-3.4755974,0.6768016,2.188796,0.2587839,-48907660.0,1212.7529,26955.934,0.28196874,0.1935416,0.2587849,a2,0.0003631471481639892,0.00036266717046354335,22.06036374396209,27.803489123633142,224.07968936597973,171.94036567220252,56.80062689446083,
vladislavleva_1_3,0.0001,512,,,24.460321661429163,,,6.385097503480055,0.23396009,0.008638203,0.2839197,0.9219344,0.24220999,0.00809896,0.29101452,0.89671993,0.23395965,0.008638561,0.28391,0.92193687,0.24221031,0.008097887,0.29104438,0.8967165,0.24920668,-40159330.0,921.8438,12789.808,0.16623661,-2.1744428,0.57731414,1.7674615,0.23184128,-43555716.0,842.9732,23291.031,0.24920715,0.16623841,0.23184231,a2,0.00019945952226407826,0.00019927458943168235,18.542015557482408,33.568528264419925,203.4125336122428,173.63934037911798,55.39301884039332,
vladislavleva_1_3,0.0001,2048,,,21.901874359395663,,,6.022787112991416,0.24276906,0.014230192,0.29237187,0.9101391,0.23812705,0.014958262,0.28766426,0.89898366,0.24276869,0.014230251,0.29239586,0.9101379,0.23812605,0.014958322,0.28767157,0.89898396,0.26217273,-40455280.0,933.41516,12559.158,0.17263521,-2.6159148,0.59875494,1.8378037,0.24108745,-43645836.0,981.4445,28399.025,0.26217434,0.17263542,0.24108684,a2,0.00027029879856854677,0.0002696728009653712,15.846936175841078,30.9327770215046,189.47265307301984,172.75245887795177,54.8059471852532,
vladislavleva_1_3,0.001,32,,,17.582775401994688,,,4.7390806120010485,0.2467254,0.010875225,0.30482104,0.9539964,0.24088791,0.016125739,0.28910497,0.9101312,0.24679866,0.0108444095,0.3048897,0.9544214,0.24088192,0.016127706,0.2892325,0.91014504,0.25220272,-489849.62,112.548386,11509.076,0.15967397,-1.91541,0.56070405,1.5994551,0.2296725,-387128.06,105.77241,-188684.36,0.25220478,0.15965916,0.22966163,a2,0.0003878336283378303,0.000380747653846439,12.582479858073325,29.00999750143934,233.67772873770082,192.79227755340128,58.36131102845062,
vladislavleva_1_3,0.001,128,,,20.86380789822193,,,6.200533264416747,0.24100552,0.0042715073,0.29198366,0.8326373,0.2385929,0.013821542,0.28645995,0.87459344,0.24096574,0.004276395,0.29203275,0.83255476,0.23859431,0.013828158,0.28667572,0.8745492,0.28198114,-584512.1,106.03755,12626.825,0.19357848,-3.4768262,0.6751605,2.1897223,0.2587908,-511696.03,120.63147,14248.989,0.28198555,0.19355546,0.2588006,a2,0.00036318262573331594,0.0003621124713903109,21.383583038983538,27.158983439135383,226.1423447595683,172.45975021823733,56.700998811642705,
vladislavleva_1_3,0.001,512,,,23.756128325094863,,,6.203816566173289,0.23393966,0.008844316,0.28383765,0.92181623,0.24217445,0.008377373,0.29058996,0.8966297,0.23393495,0.008847833,0.28388005,0.9218396,0.24217747,0.008366823,0.29100493,0.89659494,0.24899152,-519576.53,107.265274,10718.559,0.16566303,-2.1535645,0.57396245,1.7611812,0.23116419,-451739.72,86.47047,11922.477,0.24899603,0.16568086,0.23117436,a2,0.00021071417722851038,0.00021032400141289518,18.569106632957727,29.00558144852471,190.55894958573302,179.31760971302884,55.393329547244115,
vladislavleva_1_3,0.001,2048,,,21.897532649640677,,,6.0217097676071525,0.24277236,0.014232397,0.2920398,0.9101501,0.2381361,0.014959753,0.28732896,0.8989816,0.24276836,0.0142329335,0.29239547,0.9101367,0.23812573,0.014960945,0.28767118,0.8989827,0.26216114,-524491.56,96.6627,7413.535,0.17263271,-2.614291,0.59752464,1.8375148,0.24109185,-462448.75,105.95299,79412.54,0.2621772,0.17263435,0.24108565,a2,0.0002704160870052874,0.00027059826483946756,16.28897408705526,32.18029784809414,204.95996369545662,170.39491193937522,55.09755719792031,
vladislavleva_1_3,0.01,32,,,17.572299085661683,,,4.74328293644949,0.24609144,0.011176467,0.3042342,0.95027554,0.24095416,0.016200483,0.28774455,0.9100534,0.24679598,0.010865867,0.30488637,0.95441103,0.24087033,0.016222358,0.28921857,0.91010123,0.25257266,-4913.7217,11.276086,6274.9697,0.16010302,-1.919467,0.5388754,1.6049958,0.23011765,-3879.9194,10.586394,-2478.2104,0.25257012,0.15991935,0.22998215,a2,0.0003892840468324721,0.0003805562717191193,13.39852268886467,31.205664536303477,210.34812715439034,193.358364655681,56.876953005721994,
vladislavleva_1_3,0.01,128,,,20.85862235939853,,,6.202715841755096,0.24138978,0.0042303205,0.29109538,0.8334704,0.23861569,0.013683498,0.28428826,0.87512183,0.24096535,0.004279673,0.29203227,0.8325534,0.23860316,0.013754964,0.28668636,0.8745817,0.2821294,-5851.2036,10.705562,4987.5317,0.19394888,-3.4834118,0.654686,2.1992855,0.2588725,-5123.0464,12.01165,2494.437,0.2821516,0.1936854,0.2589478,a2,0.0003638147609308362,0.0003654293452839205,21.372708201292415,27.19531783298748,227.012996232234,183.17963803233084,56.91603396210746,
vladislavleva_1_3,0.01,512,,,23.745958453167862,,,6.204927690998584,0.23400548,0.008820951,0.28286505,0.92169875,0.24215746,0.008566916,0.28614154,0.8969811,0.23393387,0.008857071,0.2838787,0.9218353,0.24216573,0.0084629655,0.29099083,0.89655143,0.24911897,-5213.151,10.741767,4105.3516,0.16564187,-2.158818,0.5584271,1.7591401,0.23122488,-4516.782,8.674285,2032.9725,0.24914265,0.1657877,0.23130348,a2,0.00021123935584910214,0.00021270107570806515,18.018640374720736,33.67594848712773,186.73922241092657,178.0022418047588,54.789138959741756,
vladislavleva_1_3,0.01,2048,,,21.90216203097293,,,6.022958726596072,0.24283269,0.014222264,0.28758442,0.9103623,0.23825495,0.014943123,0.28382075,0.89906794,0.24276868,0.014230311,0.29239583,0.91013783,0.23812607,0.014958203,0.2876716,0.898984,0.26204038,-5261.1646,9.6963625,1453.8635,0.17265484,-2.5952883,0.5856515,1.83513,0.24117635,-4634.865,10.683994,-4683.263,0.26217854,0.17263891,0.24109094,a2,0.0002702998463064432,0.00026928336646517753,15.88386061152055,31.36580102678031,192.34325739196936,166.30743652536586,54.17754881060387,
vladislavleva_1_3,0.1,32,,,27.00729988901591,,,7.285780455442905,0.24315763,0.009735167,0.285706,0.92658347,0.2446469,0.011217713,0.25449595,0.92068195,0.24721274,0.007522404,0.30540124,0.9560227,0.24144234,0.011544347,0.2899054,0.9122625,0.26015165,-51.129353,1.1614938,1163.3378,0.1752765,-1.9946377,0.39563692,1.770832,0.24616396,-43.40235,1.1318667,-243.90834,0.25786725,0.17019801,0.24233031,a2,0.00017425008991267532,0.00017434930859869333,12.13103804982916,32.22534082540934,212.58238677541013,191.31915185032463,56.31453552295731,
vladislavleva_1_3,0.1,128,,,20.671873809427407,,,6.186080400603863,0.24781941,0.0037646294,0.27492577,0.8506272,0.24145909,0.011946797,0.24692558,0.89007723,0.2409664,0.0042710304,0.29203352,0.832557,0.23868829,0.013051033,0.28678864,0.8748937,0.28574198,-59.017094,1.0852487,716.29395,0.20073794,-3.0851574,0.43860534,2.3334217,0.26178762,-51.402897,1.213847,272.70715,0.28381556,0.19486743,0.26028407,a2,0.00037515765870921314,0.00037621058261824535,22.457626378042733,32.4088855136553,248.8889930962095,190.89706222270019,58.729084312797255,
vladislavleva_1_3,0.1,512,,,19.032862339922016,,,5.026375503511358,0.23688777,0.009993017,0.24478227,0.92925304,0.24387482,0.012574911,0.24740964,0.90753543,0.23372462,0.010629237,0.2836248,0.9210108,0.241761,0.0117746,0.2905045,0.895053,0.25104055,-51.947906,1.0825608,576.84314,0.16432549,-1.8183496,0.3574376,1.7273443,0.22889979,-43.269756,0.858954,216.51079,0.2491476,0.16248631,0.2273403,a2,0.0003264546685386449,0.00032712274645263544,18.932697344732983,35.5765036963014,185.43280180126953,169.85247313060557,53.29120998793203,
vladislavleva_1_3,0.1,2048,,,21.90470429754233,,,6.024520468888172,0.24580176,0.013880312,0.23687871,0.9213518,0.24191996,0.014487147,0.25182223,0.90923536,0.24276859,0.014231026,0.29239574,0.91013753,0.23812619,0.01495713,0.28767174,0.89898443,0.26307815,-52.048042,0.97382456,161.49823,0.17603897,-2.144684,0.38562086,1.8447956,0.24430406,-46.57521,1.0831234,-409.33475,0.2622174,0.17267124,0.24112892,a2,0.00027031495119445026,0.00027011189184623853,17.380271016577097,31.234699758297044,209.0514223788672,171.70530980598414,56.19264513583245,
vladislavleva_1_4,0.0001,32,,,,16.660473284957195,,94.97787308374764,0.24466947,0.027783155,0.3022615,0.94617337,0.24018648,0.021804929,0.28838825,0.90751374,0.24467687,0.027779281,0.30226848,0.946216,0.24018587,0.021805465,0.28839675,0.9075151,0.2730652,-45413410.0,938.4848,13599.115,0.14950341,-1.5565274,0.5265068,1.4974605,0.21674368,-33583100.0,950.141,27274.734,0.2730653,0.14950192,0.21674263,a3,0.0013724790187552571,0.0013827605016413004,19.56642929579581,48.7902186512902,145.66880443751222,143.31659853693006,51.35095932530315,
vladislavleva_1_4,0.0001,128,,,,23.909620520156924,,201.4977533909478,0.24077749,0.0058637857,0.29182026,0.83189887,0.23759367,0.02208066,0.28547078,0.8708864,0.24077353,0.005864382,0.29179978,0.83189064,0.23759381,0.022081375,0.28547361,0.870882,0.29694846,-52348784.0,1014.71796,15704.573,0.18890597,-3.2636695,0.6605834,2.1363459,0.2536104,-46971730.0,1188.508,26417.041,0.29694876,0.1889037,0.2536114,a3,0.0009509390220046043,0.0009516066165108922,10.998611345314147,37.85294738244227,148.4659844940272,143.51258592346625,53.03550265280949,
vladislavleva_1_4,0.0001,512,,,,19.87705485754946,,126.8070253269412,0.2323192,0.02249533,0.2819284,0.9154684,0.24186903,0.01088959,0.29060486,0.8954576,0.23231883,0.022495031,0.28191888,0.91547114,0.2418693,0.010888994,0.29063463,0.895454,0.26314652,-44777760.0,973.4089,13505.2295,0.15451196,-1.7424476,0.53659624,1.6428026,0.21737196,-38288704.0,790.36285,21837.426,0.26314682,0.15451382,0.21737298,a3,0.0009901921730488539,0.0009924232315979859,10.289596722896349,34.21154807956461,138.38035362091807,134.68070035211795,50.339149954464624,
vladislavleva_1_4,0.0001,2048,,,,18.25948974498213,,114.95694240616152,0.24153955,0.02418983,0.29089114,0.9055297,0.23679687,0.02593249,0.28605738,0.8939619,0.2415393,0.024188876,0.29091516,0.90552896,0.23679587,0.025932431,0.28606462,0.89396214,0.2765427,-45011612.0,984.57666,13247.539,0.1603481,-2.1195152,0.5561393,1.7070001,0.22632185,-38463304.0,921.3351,26659.703,0.27654424,0.16034818,0.22632124,a3,0.0012597849126905203,0.00126244449382573,13.835943027635553,38.04491919040679,151.2622746624835,134.83519740551122,48.96235660446707,
vladislavleva_1_4,0.001,32,,,,19.463108076915844,,125.08128931942352,0.244877,0.02564019,0.3025374,0.94684935,0.24036111,0.020424366,0.2884727,0.90814084,0.2449505,0.025603533,0.30260652,0.94727415,0.24035464,0.020430207,0.28859937,0.9081528,0.27138948,-567217.2,121.110695,12384.649,0.15373632,-1.7026162,0.5398537,1.5399777,0.22208034,-361956.8,102.27594,-182447.11,0.27139035,0.15372118,0.22206965,a3,0.0010528319980949163,0.0010553527741875468,22.14490459345664,44.35665035358474,150.17284653773902,143.63131532925132,48.59627551040489,
vladislavleva_1_4,0.001,128,,,,22.74203897430996,,183.8684841735719,0.24081603,0.0058366656,0.2917541,0.8319826,0.2374753,0.023038566,0.28511816,0.87049675,0.2407761,0.005843103,0.2918029,0.8318995,0.2374766,0.023045957,0.28533277,0.87045234,0.29709017,-648828.6,111.71923,13303.393,0.18738103,-3.1947618,0.6535451,2.119618,0.2518306,-484541.97,117.387085,13865.763,0.29709297,0.18735811,0.25184014,a3,0.0010378274600952864,0.0010386589789456722,11.403577589184106,42.56820865128001,145.23543179384438,139.21799406583082,51.89425072869652,
vladislavleva_1_4,0.001,512,,,,22.27345166464989,,155.5732887525867,0.23248978,0.021091938,0.2820785,0.9161031,0.24194446,0.010259926,0.290314,0.89577824,0.23248586,0.021088958,0.28212157,0.91612935,0.24194694,0.010253906,0.2907279,0.8957414,0.2622056,-576188.25,112.957886,11287.396,0.15721315,-1.8400643,0.5446867,1.6713496,0.22073701,-411905.3,82.57002,11384.687,0.26220846,0.15723138,0.2207472,a3,0.0008097299141809344,0.0008117038217786987,12.678519940127567,38.95656013390443,141.8402081657708,138.00581602496788,51.012528200694646,
vladislavleva_1_4,0.001,2048,,,,16.959479560649175,,100.97503288310672,0.24143575,0.025056958,0.29043198,0.9051392,0.23669429,0.026851475,0.2855893,0.89353865,0.24143313,0.025046647,0.29078728,0.9051309,0.23668407,0.026852012,0.28592956,0.8935401,0.27731207,-586866.75,102.24907,7841.9814,0.15830182,-2.0391262,0.54792184,1.6849757,0.22385219,-398676.94,98.37665,73734.016,0.2773274,0.15830196,0.22384593,a3,0.0014329556142911315,0.0014305855010591831,12.60813949991054,31.917448614963206,142.75840118991078,138.9729598427838,49.04783514420497,
vladislavleva_1_4,0.01,32,,,,15.297437357490924,,81.95122014299412,0.243816,0.029377878,0.30142117,0.94148904,0.24018258,0.022490978,0.28682315,0.90713924,0.2445279,0.028962791,0.30208445,0.9456399,0.24009283,0.02256322,0.28828502,0.90716356,0.27454707,-5806.1084,12.257132,6820.9067,0.14749674,-1.4778178,0.49644515,1.4786209,0.21406966,-3357.4976,9.848118,-2305.3845,0.27453262,0.14730515,0.21393356,a3,0.001588877523317933,0.0015885354416722308,19.932701018370576,45.0774006426831,147.30073285038975,143.23455024499953,48.99434773597402,
vladislavleva_1_4,0.01,128,,,,23.90038112982041,,201.46338649832825,0.24119832,0.005809307,0.29086447,0.8328093,0.23761402,0.021946907,0.28309485,0.8714482,0.24077266,0.0058714747,0.29179874,0.83188766,0.23760015,0.022029221,0.2854812,0.8709052,0.29710174,-6488.827,11.273695,5252.2153,0.18927509,-3.2699327,0.63890934,2.146287,0.25366232,-4918.8647,11.769897,2444.233,0.29710957,0.1890114,0.25373435,a3,0.0009524798369966447,0.0009535786852142551,14.118260613256234,40.843450358571765,149.14503841608047,138.62579416861143,51.076731561690686,
vladislavleva_1_4,0.01,512,,,,14.73844963153126,,74.86115518704557,0.23200068,0.025731742,0.28044167,0.9138022,0.24180155,0.011479199,0.28572097,0.8956628,0.23193835,0.02569437,0.28145716,0.9139718,0.2418037,0.011425376,0.2905558,0.89521116,0.26576737,-5933.3525,11.459629,4379.709,0.14613008,-1.4584627,0.49264714,1.5519222,0.20685354,-3614.614,7.7600064,1818.6952,0.26577076,0.14627841,0.20692927,a3,0.0016514488961547613,0.0016545884825490804,12.79525068718694,36.05709936329826,139.6004184959717,136.09682582995535,50.17081882417217,
vladislavleva_1_4,0.01,2048,,,,16.915486638038555,,100.39709765924596,0.24148649,0.025121748,0.28599012,0.90531546,0.23681213,0.026837587,0.282102,0.8936234,0.24143593,0.025023937,0.29079065,0.9051414,0.23668432,0.026849926,0.28592986,0.89354104,0.2768913,-5874.523,10.245895,1536.26,0.15804295,-2.012496,0.53608745,1.6798217,0.22357638,-3982.9438,9.904325,-4341.4995,0.2770234,0.15800866,0.2234885,a3,0.0014330241829156876,0.0014297972525440443,14.890036731938325,42.90125840813488,149.1377794066551,141.88886311005388,49.49548705745462,
vladislavleva_1_4,0.1,32,,,,16.72322157318148,,96.93771729683286,0.24043454,0.031790614,0.28250644,0.91620684,0.24334279,0.021731317,0.25313935,0.9157741,0.24462919,0.028158188,0.3022096,0.9460316,0.2400708,0.02274245,0.28825858,0.90708035,0.27905852,-58.98183,1.245907,1247.8848,0.15752956,-1.4189174,0.35557824,1.5915333,0.22400439,-35.768,1.0299766,-221.95181,0.27682236,0.15197898,0.21989655,a3,0.0013958723284304142,0.0013980524955158357,19.532696226848167,49.289379975799285,150.37363880845658,145.9056662536412,52.75963752569238,
vladislavleva_1_4,0.1,128,,,,23.907142019386857,,202.69455405978923,0.24763758,0.0052259564,0.27472407,0.85000306,0.24047649,0.019972086,0.24592075,0.8864552,0.24076968,0.005896151,0.29179513,0.83187735,0.23768207,0.021354675,0.28557965,0.8712055,0.300733,-65.47969,1.1421846,753.8732,0.19621232,-2.9030352,0.42871702,2.280815,0.2567443,-49.403263,1.1904624,267.45346,0.29876965,0.19026332,0.2551626,a3,0.000962538062594831,0.0009602670728133204,10.801557881842417,40.3179400976816,145.98804095422886,137.23441030784642,52.881176128492896,
vladislavleva_1_4,0.1,512,,,,17.199479517358494,,98.4749595164228,0.23518646,0.024162352,0.24302426,0.9225792,0.24389853,0.012382865,0.24743369,0.90762365,0.23210302,0.02431035,0.28165698,0.9146207,0.24171717,0.012132764,0.29045182,0.8948908,0.26740885,-59.0776,1.1531457,614.4544,0.15345193,-1.4577043,0.33378565,1.6130445,0.21519303,-38.126656,0.8075189,203.5459,0.26545253,0.15140039,0.21346916,a3,0.0012809955514967442,0.0012795562482034088,12.01326304318494,34.76183438307501,140.30166485684742,133.1769919384662,49.02332760232128,
vladislavleva_1_4,0.1,2048,,,,21.908612829689595,,159.17120069813924,0.24475218,0.022283852,0.23586723,0.9174176,0.24088033,0.022939324,0.25074005,0.905328,0.24181595,0.021952331,0.29124835,0.90656614,0.23708934,0.023516655,0.28641915,0.8950701,0.27591735,-57.352287,1.0213509,169.37994,0.1688333,-1.8925152,0.36983654,1.769284,0.23545523,-43.19122,1.0438921,-394.50842,0.2751122,0.1652351,0.23217611,a3,0.0009152407292276621,0.0009141266412123144,15.901300938071863,44.88977378233482,137.8328054716327,131.22471349964624,47.891747307299,
vladislavleva_8_1,0.0001,32,-3.1348294055102928,,,,,3.8620374259669608,1.761746,0.29248828,0.24719664,1.3569709,1.1599324,0.2928028,0.1485515,1.5214363,1.7617184,0.2924915,0.24720444,1.3569584,1.1599395,0.29279953,0.148548,1.5214351,6.414235,-1.1591012,0.44299445,0.94866186,0.992885,-223.38918,3.4436364,6.93601,2.3228436,-1252.9548,7.3352084,5.408575,6.414224,0.9928846,2.3228512,a0,-0.6942312717437744,-0.6152268520200613,228.5938473310089,-3.13480772250195,2529.9736272444607,2401.948308076412,754.5731439924103,
vladislavleva_8_1,0.0001,128,-3.016537214510157,,,,,4.016346829758966,1.2397573,0.2216515,0.18251577,1.6911373,1.1788845,0.18512481,0.151284,1.5760798,1.239762,0.22164387,0.1825231,1.6910983,1.1788758,0.18512905,0.15128605,1.5760893,6.5373535,-1.1648927,0.45288548,0.9509701,0.78341997,-163.32501,2.7641497,5.7428155,2.2067566,-1027.3983,7.0753922,5.132783,6.537355,0.7834135,2.206751,a0,-0.40772712230682373,-0.40719374315513135,279.46282226549596,-3.01651692108123,2423.1177209932084,2165.45767607411,623.3937248110304,
vladislavleva_8_1,0.0001,512,-3.05565868066141,,,,,4.101323341384802,1.1141808,0.17625529,0.14272062,1.6140215,1.212915,0.13601649,0.16398506,1.5431658,1.1141801,0.17625439,0.1427235,1.6140192,1.2129139,0.1360166,0.16398735,1.5431705,6.537197,-1.2909584,0.45057797,0.97833884,0.7315465,-123.5457,2.527039,5.1811957,1.9016013,-843.19385,6.3711214,4.423386,6.537199,0.7315525,1.9015982,a0,-0.2394530177116394,-0.2539585520645706,245.38012724819484,-3.0555769673939697,2064.109583526867,1882.8450766633023,571.5488128701818,
vladislavleva_8_1,0.0001,2048,-3.060019852183932,,,,,4.079224212537816,1.2084872,0.16777724,0.15606141,1.54431,1.2368248,0.17844605,0.16224097,1.601211,1.2084883,0.16777647,0.15606247,1.5443141,1.2368311,0.17844427,0.16224416,1.6012019,6.5892954,-1.2141056,0.4520241,0.9811423,0.7385519,-137.88043,2.5170379,5.3259935,1.9485594,-887.4606,6.2151494,4.519361,6.5892963,0.73855096,1.9485588,a0,-0.17899605631828308,-0.16353587641136577,160.78773432806435,-3.0599837797377027,1431.0183625116665,1356.3657876248658,407.6930638648784,
vladislavleva_8_1,0.001,32,-3.1348294194246566,,,,,3.861979091875053,1.7619605,0.29248917,0.24712172,1.3570571,1.1598538,0.29285347,0.14858107,1.5214286,1.7616811,0.29252148,0.24719921,1.3569297,1.1599213,0.29282165,0.14854567,1.5214112,6.4142523,-1.1589994,0.44294956,0.9486595,0.99295896,-222.8819,3.3557942,6.9374266,2.322938,-1251.9015,7.222515,5.4080334,6.414137,0.9929515,2.3230119,a0,-0.6946884989738464,-0.6049024038747318,270.1051664122964,-3.1348076809532173,2563.8645021043503,2388.891693028111,734.6626882247858,
vladislavleva_8_1,0.001,128,-3.016537221748816,,,,,4.0165872976299335,1.2397883,0.22162938,0.1824607,1.6915864,1.1790248,0.18500221,0.15127352,1.576078,1.239834,0.22155333,0.1825337,1.6911966,1.1789368,0.18504459,0.15129387,1.5761708,6.537706,-1.1651211,0.45288643,0.95102465,0.78325623,-162.8619,2.7385938,5.744673,2.2061698,-1027.3185,6.9910827,5.1318974,6.5377192,0.7831896,2.2061172,a0,-0.40780889987945557,-0.4095742117600135,287.404225341523,-3.0165168966331155,2428.4697685810534,2156.1975599635653,641.1927282668508,
vladislavleva_8_1,0.001,512,-3.055658608057162,,,,,4.1013313394845285,1.114189,0.17626,0.14269492,1.6140461,1.2129271,0.13601232,0.16396473,1.5431277,1.1141821,0.17625147,0.14272377,1.614022,1.2129158,0.13601387,0.1639876,1.5431728,6.5371943,-1.2909768,0.450576,0.9783389,0.73148704,-123.29496,2.5187454,5.179367,1.9016095,-842.0746,6.3338413,4.4236155,6.537209,0.7315454,1.9015799,a0,-0.2394607961177826,-0.23617132998856116,260.2261465343929,-3.0555768048636125,2062.2231562920547,1891.548733624033,550.7357065733522,
vladislavleva_8_1,0.001,2048,-3.0600194406799406,,,,,4.07921099009451,1.208473,0.16778862,0.15605134,1.5442694,1.2367644,0.1784671,0.16221191,1.6012886,1.208485,0.16778111,0.15606205,1.5443099,1.2368276,0.17844886,0.1622437,1.6011974,6.589271,-1.2140999,0.45208064,0.9811383,0.7385732,-137.82135,2.4957078,5.3261323,1.948597,-885.16205,6.2159863,4.5195293,6.589277,0.7385627,1.9485914,a0,-0.1789994239807129,-0.16192281797302427,185.88868983080437,-3.0599829159451044,1414.5084194487445,1377.5431333832425,410.0142507177629,
vladislavleva_8_1,0.01,32,-3.134829441455,,,,,3.8613969355555935,1.7642806,0.2924549,0.24583943,1.358053,1.1592904,0.29328,0.14812388,1.5216439,1.7613093,0.29282004,0.24714704,1.3566432,1.1597414,0.29304105,0.14852263,1.5211753,6.414469,-1.1579459,0.44250423,0.94864166,0.99395424,-195.74594,2.6582396,6.9534,2.3239858,-1110.6981,6.102178,5.402869,6.413267,0.9936201,2.3246148,a0,-0.6992658376693726,-0.6150918825262709,244.49758318663945,-3.134806626826027,2583.3122117302055,2300.988807692517,749.4215442307992,
vladislavleva_8_1,0.01,128,-3.016537582937,,,,,4.018995837480206,1.2401826,0.22138423,0.18192431,1.6962056,1.1805269,0.18374938,0.15118167,1.576193,1.2405552,0.22064745,0.18263988,1.6921804,1.1795483,0.1841991,0.15137234,1.5769882,6.54125,-1.1673939,0.45289722,0.9515734,0.78177196,-148.98495,2.3169975,5.7644825,2.2003555,-977.1993,6.07293,5.123152,6.5413704,0.7809495,2.1997724,a0,-0.4086220860481262,-0.3890105900584833,304.20127944327635,-3.0165168376324223,2259.3720121112315,2101.5203282677967,633.989220892034,
vladislavleva_8_1,0.01,512,-3.05565869953976,,,,,4.101409629558047,1.1143541,0.17628646,0.14244905,1.6144117,1.21312,0.13595754,0.16377144,1.5428354,1.114201,0.17622352,0.14272618,1.6140493,1.2129346,0.1359871,0.16399015,1.5431968,6.5371766,-1.2911484,0.45045373,0.97834134,0.73101324,-116.18693,2.1558592,5.1619883,1.901743,-796.97284,5.8033633,4.426029,6.5373125,0.7314761,1.901397,a0,-0.2395365983247757,-0.2243676346758323,247.60311088808444,-3.055576034712817,2184.0353188531762,1832.4465025255317,548.7061261205856,
vladislavleva_8_1,0.01,2048,-3.0600188674303745,,,,,4.079065299238609,1.2084165,0.16788745,0.15596166,1.5439723,1.2362385,0.17866343,0.16193174,1.6021653,1.2084469,0.16783369,0.15605712,1.5442611,1.236788,0.17850143,0.16223851,1.6011462,6.589031,-1.2140195,0.45198444,0.9810992,0.7389431,-130.20139,2.081742,5.328654,1.9490509,-823.74225,5.6425443,4.5214,6.589079,0.7386923,1.9489393,a0,-0.17900750041007996,-0.1947975667345304,187.74416318904687,-3.0599844343380322,1485.2019472649458,1392.3863990760128,433.8712868602985,
vladislavleva_8_1,0.1,32,-3.1348284307692045,,,,,3.855591528588748,1.804616,0.2881788,0.22061491,1.3810618,1.1759298,0.2895984,0.14025788,1.5532311,1.7575952,0.29579937,0.24662587,1.3537825,1.1579462,0.2952279,0.14829274,1.5188205,6.421135,-1.1440246,0.42294353,0.949129,1.0290384,-15.988335,0.6163931,7.293575,2.3454058,-88.377304,1.6717031,5.3770986,6.404575,1.000308,2.3406549,a0,-0.7453025579452515,-0.8413478985285835,253.72686376798015,-3.1348079028527835,2454.5376526054424,2327.622335511908,758.9940166908641,
vladislavleva_8_1,0.1,128,-3.0165388105384827,,,,,4.043406644579855,1.2524935,0.21658152,0.1779352,1.7553807,1.205276,0.16879714,0.14952162,1.5901622,1.2478043,0.21151268,0.18370712,1.7020686,1.18572,0.17563993,0.15216435,1.5852395,6.5784564,-1.18891,0.44659197,0.95731914,0.78254163,-18.449594,0.6183272,6.096535,2.1477764,-148.31528,1.8932179,5.0478663,6.5779824,0.7585483,2.1363306,a0,-0.41628023982048035,-0.41390132340905345,245.79870412322373,-3.016515692584651,2050.277171022457,1921.4473787373954,566.9312511140304,
vladislavleva_8_1,0.1,512,-3.055658328352571,,,,,4.102192866654997,1.1242062,0.17442971,0.1387471,1.6299608,1.2222221,0.13403249,0.1622799,1.5490156,1.11439,0.17594397,0.1427504,1.6143233,1.2131232,0.13571852,0.16401565,1.5434368,6.5384316,-1.2915695,0.44027674,0.97857976,0.7382601,-21.09781,0.74041855,5.075641,1.9079564,-141.50673,1.9998341,4.4617004,6.5383472,0.7307831,1.8995724,a0,-0.2402944713830948,-0.23844972281739038,261.4356099027068,-3.0555758782261138,1966.5558167789209,1865.9078075828916,550.7168652607043,
vladislavleva_8_1,0.1,2048,-3.060019730430998,,,,,4.077608819578744,1.2167569,0.16682655,0.15621339,1.552367,1.2390934,0.17866904,0.15583785,1.6216458,1.2080635,0.16836166,0.1560076,1.5437711,1.236391,0.17902893,0.16218641,1.6006321,6.588172,-1.2119813,0.43667504,0.9809365,0.7568657,-19.587242,0.67129713,5.4564037,1.9589097,-132.74051,1.9791691,4.552503,6.587107,0.7399882,1.9524069,a0,-0.17908166348934174,-0.17825876939310775,176.28805048068128,-3.0599844939245755,1479.8839561967893,1404.2287907122197,426.1949164149544,
vladislavleva_8_2,0.0001,32,,1018.2519781799924,,,,20.527039564227312,2.0971248,-0.0025258064,0.29425478,1.6152937,1.4818426,-0.15419543,0.18977825,1.9436729,2.0970964,-0.0025258064,0.2942647,1.6152823,1.4818456,-0.15419126,0.18977301,1.9436634,6.9975033,-1.5696237,0.48327744,1.0349269,1.1672678,-309.13083,4.048451,8.154199,0.88156164,-179.61229,2.783846,2.052653,6.9974923,1.1672654,0.8815684,a1,2.9077289582346566e-05,2.910965837506212e-05,779.462808203435,812.139935174763,1003.1866055963052,628.1261637123635,152.4880163709569,
vladislavleva_8_2,0.0001,128,,959.4967635040102,,,,20.921700637077578,1.4066455,-0.002005577,0.2070849,1.9187874,1.3071728,-0.0018774271,0.16774699,1.7475916,1.4066439,-0.0020054579,0.20709217,1.9187338,1.3071665,-0.0018771887,0.16774969,1.7476065,7.5830145,-1.9128373,0.5253253,1.1030794,0.6053442,-97.111336,2.1358428,4.437441,0.31634715,-20.133938,1.0142851,0.73580444,7.5830164,0.6053356,0.3163436,a1,1.0432082490297034e-05,1.0442162009898243e-05,682.2822285618578,732.5324943771386,964.4621710954705,910.5230676308579,191.6838152512646,
vladislavleva_8_2,0.0001,512,,760.9490754387791,,,,20.289571381478336,1.2290816,-0.0024039745,0.15743881,1.7804688,1.3098848,-0.0076528788,0.1770953,1.6665385,1.2290803,-0.0024040937,0.15744191,1.7804655,1.3098835,-0.007652402,0.17709775,1.6665432,7.38989,-1.9275882,0.50935006,1.1059505,0.5594935,-71.85091,1.9327025,3.962626,0.27487904,-16.63951,0.9209542,0.6394064,7.389892,0.5594971,0.27487606,a1,1.466208414058201e-05,1.4647346436919752e-05,571.5231679248083,611.7583072139978,765.7562802362419,588.293428082219,139.72631316507412,
vladislavleva_8_2,0.0001,2048,,626.7907779464455,,,,19.58512587868716,1.3266437,-0.0029150248,0.17131989,1.6953007,1.3664379,-0.0027660131,0.17924303,1.7690101,1.3266445,-0.0029150248,0.171321,1.6953046,1.3664434,-0.0027660131,0.17924635,1.768998,7.4084883,-1.79885,0.50822055,1.1031196,0.6561821,-108.62959,2.2363157,4.731992,0.3666144,-30.450672,1.1693578,0.8503014,7.4084888,0.65618217,0.36661214,a1,2.773602682282217e-05,2.7738946208975106e-05,431.1447159025418,441.84499787465035,631.4192865273374,283.4697766635026,76.89221080281224,
vladislavleva_8_2,0.001,32,,1066.830778602982,,,,20.66634098261047,2.0972602,-0.002409935,0.2941488,1.6153041,1.4817395,-0.15410864,0.18981569,1.9436595,2.0969765,-0.0024110079,0.2942479,1.6151899,1.4817663,-0.15406787,0.18976285,1.9435593,6.9973593,-1.5693829,0.4832172,1.0349002,1.1668692,-308.17242,3.9435394,8.152471,0.8810797,-179.24869,2.7394667,2.051242,6.997249,1.1668438,0.8811446,a1,2.649841917445883e-05,2.6233032577790242e-05,784.5761286648138,804.5118559724178,1051.8038010647904,601.4999073500214,136.4858985740704,
vladislavleva_8_2,0.001,128,,948.3103082869726,,,,20.88733720001637,1.4066763,-0.0020276308,0.20702176,1.9192909,1.3072494,-0.0019072294,0.16772524,1.7474842,1.4066596,-0.0020278692,0.20709449,1.9187553,1.3071848,-0.0019054413,0.16775204,1.7476311,7.583433,-1.913152,0.5253271,1.1031442,0.604992,-96.76186,2.1153069,4.437221,0.3159596,-20.091759,1.0012374,0.73497164,7.5834513,0.6049036,0.3159203,a1,1.0661205124051776e-05,1.0637259501161172e-05,681.4402288783422,732.5388846970606,953.2696642386767,902.0527331218693,200.16107753938994,
vladislavleva_8_2,0.001,512,,759.0845635591526,,,,20.28205731787437,1.229098,-0.002409935,0.15741138,1.7805065,1.3098909,-0.0076470375,0.17707239,1.6664883,1.2290843,-0.0024104118,0.15744242,1.7804711,1.3098778,-0.0076435804,0.17709698,1.666536,7.389779,-1.9275267,0.5093404,1.1059344,0.559611,-71.74661,1.9269209,3.9623818,0.27505472,-16.638494,0.9161465,0.6398455,7.389795,0.55964565,0.2750214,a1,1.474143300583819e-05,1.4743970803208558e-05,582.8752050224543,608.864418135211,763.888074965106,581.8366214737792,124.86530957178365,
vladislavleva_8_2,0.001,2048,,592.0316637464277,,,,19.414837004525687,1.3267508,-0.0030866861,0.17132466,1.6954129,1.3664994,-0.0029283762,0.17922772,1.7692617,1.3267579,-0.0030864477,0.17133564,1.6954495,1.3665532,-0.002927065,0.17926075,1.7691401,7.408643,-1.7989795,0.5082966,1.1031423,0.65687513,-108.808205,2.2196424,4.7369766,0.36732402,-30.489645,1.1717565,0.8519626,7.4086475,0.6568742,0.36729875,a1,3.1083003705134615e-05,3.1078909743589065e-05,432.63972389464294,454.2976492023707,596.6997156915933,357.8161843243977,89.71113665262529,
vladislavleva_8_2,0.01,32,,1077.6437897095009,,,,20.69609103226721,2.0999374,-0.0023781061,0.29261073,1.6164246,1.4818462,-0.15470004,0.1893372,1.9450192,2.0969524,-0.0023878813,0.2942445,1.6151714,1.4819367,-0.15433323,0.18978466,1.9437828,6.997943,-1.5683839,0.4827554,1.0349321,1.1677475,-270.56323,3.123034,8.169205,0.88121676,-158.83997,2.3138444,2.0486782,6.996798,1.1672721,0.8815718,a1,2.598868013592437e-05,2.5919799901314348e-05,769.5589183440768,797.0688430359647,1062.5185658586308,750.6255491014876,175.57692695226086,
vladislavleva_8_2,0.01,128,,959.3425395285724,,,,20.924055160670463,1.4068819,-0.001998663,0.2063777,1.9242014,1.3079258,-0.0019315481,0.16749676,1.746291,1.4066417,-0.0020024776,0.20709185,1.9187309,1.3071889,-0.0019116402,0.16775256,1.7476364,7.5845227,-1.913888,0.5251304,1.1033411,0.6043411,-88.62966,1.7911321,4.4561763,0.31507823,-19.057573,0.8696085,0.7336058,7.584689,0.60325617,0.31430402,a1,1.0375165402365383e-05,1.0386895986235011e-05,677.2893262660983,727.6501774330433,964.306875081258,881.9539575318969,181.8791882532286,
vladislavleva_8_2,0.01,512,,826.2723261906716,,,,20.53511930192548,1.2291782,-0.00221169,0.15712713,1.7807622,1.3099504,-0.0074818134,0.17684357,1.6659834,1.2289646,-0.002215147,0.15742709,1.7802978,1.3097509,-0.007448554,0.17707983,1.6663747,7.389264,-1.9273531,0.5091681,1.1058631,0.55902153,-67.53079,1.6486318,3.9474835,0.27526578,-15.718178,0.84000164,0.6406409,7.389409,0.559209,0.2745914,a1,1.2456861441023648e-05,1.2465418067368534e-05,569.021620155113,596.5920366191614,831.0747735424542,537.8184253802151,135.65409685380368,
vladislavleva_8_2,0.01,2048,,587.0452321837795,,,,19.389493921668198,1.3267856,-0.003113985,0.1712387,1.6952103,1.3661071,-0.002965808,0.17894289,1.770475,1.3267756,-0.0031131506,0.17133792,1.695472,1.3665708,-0.002952814,0.17926307,1.769163,7.4085746,-1.7990305,0.50820225,1.1031282,0.65723425,-102.790306,1.8515528,4.7394366,0.36802244,-28.404957,1.0654329,0.8537369,7.4086084,0.6570602,0.36748305,a1,3.1617964850738645e-05,3.160973191229945e-05,436.80862004601704,447.763626738246,591.6665396851744,399.4822897430577,92.64818275185416,
vladislavleva_8_2,0.1,32,,1013.3703344288964,,,,20.50645903051549,2.1415286,-0.0024183989,0.26180258,1.638899,1.5014921,-0.15820992,0.17908901,1.9832513,2.0971415,-0.0025687218,0.29427102,1.615317,1.484819,-0.1588279,0.19015379,1.9475634,7.006836,-1.5529959,0.46152216,1.0357034,1.201872,-22.174168,0.7199202,8.518577,0.9148893,-12.599669,0.65209323,2.0974834,6.991224,1.1754588,0.88975286,a1,2.971940193674527e-05,2.980885947066049e-05,761.745296776035,786.3645141711788,998.1684028157495,678.5386854134122,149.2037353147983,
vladislavleva_8_2,0.1,128,,899.3024156771526,,,,20.755279941607725,1.4165187,-0.0020455122,0.2012374,1.9852635,1.3239349,-0.0029221773,0.16424195,1.7467129,1.4068351,-0.002277851,0.20712033,1.9189947,1.3075838,-0.0025171041,0.16780324,1.7481644,7.598842,-1.920618,0.51586294,1.1058091,0.6169621,-11.089619,0.4874941,4.806557,0.34237084,-2.7941947,0.3017924,0.8046658,7.599044,0.5860178,0.29742244,a1,1.124198934121523e-05,1.1236563933397986e-05,629.0827131413455,681.9622965167484,904.2681434434267,729.7548517174196,187.88562245114437,
vladislavleva_8_2,0.1,512,,779.5730393285309,,,,20.362758697200917,1.2386934,-0.0022815466,0.15287685,1.795953,1.3186057,-0.007932186,0.17507719,1.67117,1.2290442,-0.0023450851,0.1574373,1.7804132,1.309898,-0.0076748133,0.17709972,1.6665618,7.3901887,-1.9274998,0.49763128,1.1060587,0.57248324,-12.2878895,0.574157,3.9359024,0.31237537,-2.8199003,0.32741782,0.73048073,7.3903627,0.55864346,0.2740405,a1,1.3943637895863503e-05,1.3950489498262789e-05,557.9142494331242,596.7439887560199,784.380885123461,609.1423874884545,145.4895693071342,
vladislavleva_8_2,0.1,2048,,615.3920417393317,,,,19.52850751944641,1.3349804,-0.0029459,0.17139152,1.7031993,1.3692757,-0.0029790401,0.17221057,1.79202,1.3266846,-0.002975583,0.17132618,1.6953558,1.3664927,-0.0028383732,0.17925282,1.7690619,7.4084272,-1.7970719,0.4910429,1.1030673,0.6757256,-15.409725,0.5993304,4.8714476,0.40083417,-4.599685,0.40497968,0.93153805,7.4073977,0.65784687,0.3682585,a1,2.8881368052680045e-05,2.885666246010208e-05,450.0156005824063,461.4621492851687,619.9550915524923,365.50643799777913,89.08196534098226,
vladislavleva_8_3,0.0001,32,,,8.484473017949522,,,3.8273535997750554,1.9989271,0.08916253,0.28047633,1.5396578,1.3228178,0.08023864,0.16941209,1.7350866,1.9989033,0.08915961,0.28048623,1.5396494,1.3228248,0.08023572,0.16940796,1.7350837,6.2764106,-1.0673118,0.4334757,0.92827773,1.6553088,-622.68036,5.7411304,11.563513,3.4839468,-2819.882,11.001807,8.112121,6.276399,1.6553072,3.4839542,a2,0.002254521707072854,0.0011352435466114494,8.486419568345092,8.486353519230658,0.008150986152347883,0.0025295253142587626,0.0007623800540827445,
vladislavleva_8_3,0.0001,128,,,7.172290440444295,,,4.183903322140525,1.3551239,0.07005173,0.19949992,1.8485074,1.2801216,0.039160132,0.16427556,1.7114263,1.3551277,0.07004434,0.19950774,1.848463,1.2801131,0.03916371,0.16427791,1.7114377,6.843955,-1.3727214,0.47412577,0.99557054,1.0272235,-281.51675,3.6243644,7.530003,2.241014,-1059.5757,7.18523,5.212464,6.843957,1.027216,2.241009,a2,0.0013457484310492873,0.0014254752612536683,7.184448283550313,7.184843625257563,0.015543092057542118,0.00595661336865394,0.0016716229330761673,
vladislavleva_8_3,0.0001,512,,,5.94291643171817,,,4.261885136941477,1.2079766,0.031725824,0.15473536,1.7498957,1.3024329,0.0037795901,0.17608781,1.6570576,1.2079766,0.03172356,0.15473859,1.7498943,1.3024316,0.0037799478,0.17609026,1.6570624,6.735022,-1.4317114,0.4642131,1.0079447,0.90285236,-188.7048,3.1187942,6.3944736,1.9826571,-916.69525,6.6426907,4.6119328,6.7350235,0.9028579,1.9826542,a2,0.0010062886867672205,0.0008563976600143567,5.951429787192861,5.951570191255335,0.011906067541182175,0.006795032494166797,0.0012863093853819245,
vladislavleva_8_3,0.0001,2048,,,5.1204575396114285,,,4.20573279698677,1.294736,0.04474795,0.1671994,1.6545264,1.321224,0.0624969,0.17331207,1.7104754,1.2947371,0.04474753,0.16720052,1.6545305,1.3212299,0.062496126,0.17331536,1.7104647,6.728363,-1.3085496,0.46156412,1.0018494,0.91713667,-213.16434,3.1256676,6.6138396,2.0864723,-1017.6761,6.655038,4.8392267,6.728364,0.91713625,2.0864718,a2,0.0011683328775689006,0.0006945952837881978,5.131857829729597,5.131505683396663,0.05943216844973165,0.0039934396246152915,0.005035447746174993,
vladislavleva_8_3,0.001,32,,,8.484535885942304,,,3.827297108358944,1.9991246,0.089205325,0.2803849,1.5397203,1.3227569,0.08026445,0.16944948,1.7351154,1.9988865,0.089174986,0.28048387,1.5396364,1.3228253,0.080235004,0.16940802,1.7350843,6.2764344,-1.0672188,0.43343225,0.92827636,1.6554338,-621.2716,5.5946875,11.5658865,3.4841068,-2817.5427,10.83284,8.111351,6.2763176,1.6554136,3.4841797,a2,0.002254776656627655,0.0012924094569725585,8.486428560287441,8.48635915072164,0.008090662735614984,0.0022964932852413966,0.0007464665935945461,
vladislavleva_8_3,0.001,128,,,7.172252404733891,,,4.184143149362411,1.3551254,0.07006973,0.19943497,1.8489542,1.2802271,0.039085925,0.16425817,1.7113616,1.3551632,0.06999564,0.19951297,1.8485116,1.2801418,0.039120615,0.16428159,1.7114761,6.8442354,-1.3729103,0.47412065,0.99561477,1.0270082,-280.7203,3.5908532,7.5324345,2.240418,-1059.493,7.099611,5.2115636,6.8442497,1.0269327,2.2403662,a2,0.0013451030245050788,0.0018043152200966875,7.184450059494996,7.184832940757869,0.015960131350943207,0.0060660950906843425,0.0016726056380798923,
vladislavleva_8_3,0.001,512,,,5.942997194641849,,,4.261895706534293,1.2079788,0.031742215,0.15470664,1.7499127,1.3024478,0.0037719607,0.17606623,1.6570189,1.2079786,0.0317204,0.15473884,1.7498971,1.3024335,0.0037770271,0.17609051,1.6570648,6.735021,-1.4317329,0.46421123,1.0079451,0.90279615,-188.3301,3.1086178,6.3923383,1.9826617,-915.4748,6.6038084,4.612163,6.7350364,0.90285033,1.9826324,a2,0.001006267499178648,0.001331257449178347,5.951446087461275,5.951585107543171,0.011806507196878258,0.00661680220107197,0.0012693491006390623,
vladislavleva_8_3,0.001,2048,,,5.116560770862267,,,4.205570670704772,1.2946713,0.044834018,0.1671822,1.6544195,1.321116,0.06258297,0.1732753,1.7105019,1.2946811,0.044830084,0.16719328,1.6544589,1.3211743,0.0625751,0.17330806,1.7103926,6.7281156,-1.3083909,0.46160656,1.0018121,0.9171318,-213.05856,3.0990741,6.6137867,2.0866969,-1015.2202,6.6565223,4.839835,6.728122,0.9171264,2.0866904,a2,0.0011687118094414473,0.0012013102844048787,5.131664097087748,5.131466024029745,0.06332893556878272,0.004669140330749499,0.005270697015351449,
vladislavleva_8_3,0.01,32,,,8.48520506690335,,,3.826725221641352,2.001253,0.089619815,0.27885976,1.5404623,1.3223444,0.08049929,0.16895747,1.7356628,1.9987155,0.08933073,0.28045988,1.5395048,1.3228309,0.080227256,0.16940874,1.7350917,6.2767034,-1.0662475,0.43300045,0.92826736,1.6568513,-545.6887,4.431097,11.590825,3.4858108,-2500.0793,9.152825,8.103913,6.275491,1.656495,3.4864666,a2,0.002257356885820627,0.0036594812311120423,8.486376472153156,8.486355810316965,0.0034205753200620137,0.002185668915116068,0.0004376511354738748,
vladislavleva_8_3,0.01,128,,,7.171676102743319,,,4.18653730464881,1.3552152,0.07024521,0.19879861,1.8535364,1.2813706,0.03834045,0.16409601,1.7108357,1.3555152,0.06951231,0.1995648,1.8489918,1.2804267,0.038692832,0.16431816,1.711857,6.847045,-1.3747761,0.47406957,0.99605817,1.0249732,-256.81754,3.0377917,7.5577536,2.2345212,-1007.81274,6.167226,5.2027006,6.8471675,1.0240993,2.2339504,a2,0.0013386777136474848,0.00123924482987097,7.184434577252571,7.184821229996432,0.018029118875044325,0.007815662853122518,0.0018809877391172927,
vladislavleva_8_3,0.01,512,,,5.942971455320528,,,4.261973114078486,1.2080667,0.03191924,0.15442842,1.7501771,1.3026531,0.0037116408,0.17585842,1.6567028,1.207988,0.03170532,0.15474005,1.7499108,1.3024434,0.003761828,0.17609185,1.6570774,6.734986,-1.4319022,0.46408406,1.0079451,0.90232384,-177.54741,2.6610777,6.3716836,1.9827844,-866.432,6.050669,4.614641,6.735123,0.9027675,1.9824444,a2,0.0010061117354780436,0.001157980619063325,5.951396530689467,5.951578658992517,0.01198361194570019,0.0066046354039901445,0.0013343841932452404,
vladislavleva_8_3,0.01,2048,,,5.116462902013778,,,4.20542360496355,1.2946438,0.044898927,0.1670904,1.6541433,1.3206418,0.06268263,0.1729875,1.7115519,1.2946573,0.04486513,0.16719022,1.6544286,1.3211491,0.062610865,0.17330477,1.71036,6.7278957,-1.3083241,0.46151006,1.001776,0.9174492,-201.24623,2.5846274,6.615894,2.087172,-944.7762,6.042408,4.8418126,6.727943,0.9172787,2.0870562,a2,0.0011690555838868022,0.0011281128011935637,5.131729221809044,5.131569622495639,0.06343194063080393,0.0046629382611005354,0.005286049114422289,
vladislavleva_8_3,0.1,32,,,8.484575939360914,,,3.8209025003872368,2.0375643,0.09254742,0.24909292,1.5593357,1.3376268,0.08079773,0.15954414,1.7668092,1.9968582,0.09102237,0.2801993,1.5380741,1.322761,0.08032435,0.16939978,1.735,6.2836714,-1.0532088,0.41388917,0.92881006,1.6859632,-44.601994,1.0098904,11.9496975,3.510101,-199.18452,2.501847,8.047289,6.2669053,1.6670258,3.509295,a2,0.00228379899635911,0.00014835730919466697,8.486329369901693,8.48635966424149,0.003940218285711339,0.0019400324273561864,0.0004085925022992014,
vladislavleva_8_3,0.1,128,,,7.180823310694811,,,4.211242078472343,1.3640033,0.070876,0.19377682,1.9116627,1.3020262,0.029996336,0.16152404,1.7178079,1.3593014,0.06430709,0.20012222,1.8541564,1.2835298,0.034027755,0.16471636,1.7160056,6.87752,-1.3924544,0.46689454,1.00084,1.0167896,-31.836575,0.8034188,7.921487,2.1806064,-152.91489,1.9221569,5.1250257,6.877142,0.99596864,2.169371,a2,0.0012741417158395052,0.0014605125065138569,7.184780690926322,7.184840918576364,0.011070893681282001,0.004032801334633795,0.001254477120680581,
vladislavleva_8_3,0.1,512,,,5.9429283015063605,,,4.262754822435987,1.2165251,0.033272207,0.1501409,1.7638118,1.311391,0.003067553,0.17411926,1.6620263,1.2080854,0.031549215,0.15475252,1.7500519,1.3025453,0.0036061406,0.17610563,1.657207,6.736027,-1.4321675,0.45358214,1.008153,0.90732837,-32.377934,0.90998113,6.2380095,1.9886813,-153.82065,2.0844464,4.6504736,6.7360015,0.90194106,1.9805572,a2,0.0010045398958027363,0.0006421105509454575,5.951422702698405,5.951587793767802,0.011943196951968993,0.006756077069055344,0.0013742209889795029,
vladislavleva_8_3,0.1,2048,,,5.115645640431703,,,4.203945741838406,1.3026841,0.044994354,0.16724515,1.6619948,1.3234974,0.06296402,0.16645315,1.7321084,1.2944202,0.04521489,0.1671596,1.6541256,1.3208965,0.06296927,0.17327163,1.710033,6.72718,-1.3063099,0.44588873,1.001634,0.93215334,-30.22736,0.8267674,6.7200894,2.0969334,-152.251,2.1186202,4.87327,6.726147,0.9188181,2.0907412,a2,0.0011725160293281078,0.0011452167041204676,5.131762889115356,5.1314856281826255,0.06428837031298151,0.0034483947443471052,0.005169718290233604,
vladislavleva_8_4,0.0001,32,,,,-1209.0085101562722,,6.85343552412295,2.0729384,0.020465434,0.29086113,1.5966644,1.464403,-0.12718809,0.18754478,1.9207981,2.07291,0.020465791,0.29087088,1.5966529,1.4644059,-0.12718391,0.18753958,1.9207885,6.9160075,-1.5101182,0.477649,1.0228738,1.182727,-317.39993,4.102068,8.262192,1.0013183,-232.01627,3.1620204,2.3314981,6.915996,1.1827246,1.0013252,a3,2.229520760010928e-06,2.2295037372748003e-06,-3253.6038169818617,-3225.3185971656403,4294.797204992157,1700.7516527672728,486.8624615797333,
vladislavleva_8_4,0.0001,128,,,,-467.6821442097528,,6.49041851527318,1.3834095,0.03082484,0.20366411,1.8870914,1.2860668,0.030214727,0.1650385,1.7193745,1.3834078,0.0308249,0.20367126,1.8870387,1.2860605,0.030214965,0.16504113,1.719389,7.457629,-1.817306,0.516639,1.0848399,0.641327,-109.12184,2.2628014,4.701211,0.5021572,-52.251507,1.6100367,1.1679875,7.457631,0.64131856,0.5021529,a3,4.60812361779972e-06,4.587578475676287e-06,-2457.695417126,-2458.7495542700444,2826.957194468103,1268.457494305649,398.6005677542949,
vladislavleva_8_4,0.0001,512,,,,-688.089422671766,,6.926384728094623,1.2154496,0.019708574,0.1556926,1.7607212,1.29597,0.013641834,0.17521402,1.648835,1.2154483,0.019708514,0.15569569,1.7607179,1.2959689,0.013642073,0.17521648,1.64884,7.3087,-1.8636127,0.503754,1.0937998,0.58083284,-77.51401,2.0064168,4.1137624,0.39119127,-34.72577,1.3106465,0.9099647,7.3087015,0.5808367,0.39118832,a3,1.9268532014393713e-06,1.9216879375415996e-06,-2048.737693290525,-2058.517138041443,2336.6999583210513,1913.252959626801,382.5250923070947,
vladislavleva_8_4,0.0001,2048,,,,-932.4604485869183,,7.101704610242226,1.3137729,0.016450644,0.16965778,1.6788533,1.3533133,0.016404629,0.17752141,1.7520188,1.3137738,0.016450524,0.16965888,1.6788572,1.3533187,0.016404748,0.17752469,1.7520068,7.3399696,-1.7473178,0.5035202,1.0929172,0.6680412,-112.628044,2.2767324,4.8175125,0.459768,-48.4639,1.4664817,1.0663557,7.33997,0.6680413,0.45976615,a3,1.3569622296927264e-06,1.3583328008068223e-06,-1591.4616302632057,-1567.6717662367657,1442.2636985908987,906.8634014038855,234.1128397558092,
vladislavleva_8_4,0.001,32,,,,-1267.9901773553283,,6.900211659245263,2.074175,0.019536316,0.290911,1.5975238,1.4651113,-0.12835085,0.18768555,1.9218476,2.073891,0.019538581,0.2910085,1.5974083,1.4651386,-0.12831223,0.18763341,1.9217495,6.919531,-1.5125446,0.47784263,1.0233895,1.1816622,-316.0612,3.9935338,8.255824,0.99540025,-229.05792,3.0949142,2.3173919,6.91942,1.1816372,0.99546635,a3,2.030403265962377e-06,2.030596155781674e-06,-3186.83039684729,-3130.2038128598206,3206.5421554440873,1665.9653022983662,473.66726777620687,
vladislavleva_8_4,0.001,128,,,,-932.2929025995855,,7.164197149818442,1.3940848,0.015830815,0.20516865,1.9021109,1.2958424,0.015501678,0.16626167,1.7322357,1.3940678,0.015831292,0.20524067,1.9015794,1.2957782,0.015503883,0.16628821,1.732381,7.517356,-1.8626068,0.5207497,1.0935321,0.62093484,-101.98225,2.1710498,4.5541515,0.40772206,-34.12191,1.2920214,0.9484255,7.5173745,0.62084734,0.40767905,a3,1.197532697005954e-06,1.197542937216927e-06,-2442.862297281425,-2490.36036406492,2361.5202671372626,1530.710585987235,406.91925975042795,
vladislavleva_8_4,0.001,512,,,,-150.11578161629436,,5.510424834945104,1.1791549,0.07739878,0.15101513,1.7081575,1.2606525,0.06668359,0.17041631,1.6038456,1.1791421,0.077397525,0.15104496,1.7081242,1.2606413,0.066684484,0.17044017,1.6038933,7.0878,-1.6931517,0.48852652,1.0607411,0.65164495,-97.64211,2.2438233,4.614037,0.763744,-134.99374,2.5438626,1.7766579,7.0878158,0.651688,0.7637139,a3,3.271416426287033e-05,3.27148432494123e-05,-2065.0805831340804,-2110.4329553415023,2798.5107486204843,1572.0567244576919,363.0115021728991,
vladislavleva_8_4,0.001,2048,,,,-1199.1463137897874,,7.349017368972936,1.3161486,0.012880564,0.1699556,1.6818647,1.3557233,0.012827396,0.17781433,1.7553093,1.3161564,0.012879968,0.16996658,1.6819019,1.3557767,0.012828529,0.17784712,1.755189,7.353844,-1.7577269,0.5045369,1.0949827,0.6634444,-111.015526,2.2418406,4.7843504,0.43729627,-43.62936,1.3949666,1.0142546,7.3538485,0.66344315,0.43727478,a3,8.274744800473854e-07,8.27571493899711e-07,-1612.7221300102763,-1601.205197511294,1187.073483616947,780.0525020658274,224.5072859611702,
vladislavleva_8_4,0.01,32,,,,-1217.4215229799502,,6.859613889902263,2.0760326,0.020313263,0.28927976,1.5980238,1.4647074,-0.12814426,0.18714735,1.9225235,2.0730422,0.02034098,0.2908894,1.5967546,1.4648015,-0.1277932,0.18759024,1.9213074,6.9169745,-1.509294,0.47716975,1.0229577,1.1838645,-278.111,3.1661372,8.281954,1.0009487,-205.22604,2.628229,2.3270345,6.915823,1.1833956,1.0013524,a3,2.202140876761405e-06,2.2020828480558145e-06,-3330.057175056776,-3366.3279643689484,3336.878509042269,1627.8120658187527,481.83864157836257,
vladislavleva_8_4,0.01,128,,,,-1026.9831274623102,,7.261847738532253,1.3953477,0.014363527,0.20468572,1.9084259,1.2974814,0.014006376,0.16615921,1.732346,1.3951051,0.01436615,0.20539339,1.9029944,1.2967459,0.014032781,0.1664124,1.7336748,7.5244355,-1.8679011,0.5209701,1.0946,0.6181956,-92.786285,1.8321937,4.558334,0.39758146,-30.936981,1.0973155,0.9257004,7.5246005,0.61712223,0.39685184,a3,9.85074734671798e-07,9.850536029502381e-07,-2427.189674372351,-2405.7617991859443,2404.3152439342525,1261.9011866290525,349.49493735743874,
vladislavleva_8_4,0.01,512,,,,-893.1658601474899,,7.182205708125782,1.2183881,0.015306473,0.15574782,1.7651302,1.2989438,0.009377301,0.17535767,1.6519853,1.2181741,0.015306592,0.15604486,1.7646666,1.2987487,0.009405971,0.17559233,1.6523768,7.325936,-1.8773918,0.5048043,1.0963855,0.5742964,-71.32707,1.6936796,4.0553455,0.36378556,-28.199497,1.1101289,0.84665775,7.326081,0.57450646,0.36320505,a3,1.1551685474842088e-06,1.1551034786334592e-06,-2088.953060891833,-2145.520701115511,1962.3372794005088,1705.5275508601724,372.2378659072807,
vladislavleva_8_4,0.01,2048,,,,-257.76461385883965,,5.890207387700907,1.2888548,0.0534212,0.16634326,1.6467469,1.3269631,0.05368805,0.17381552,1.7197443,1.2888573,0.053403854,0.16644122,1.6470168,1.3274158,0.05369687,0.17412682,1.718473,7.207319,-1.6490235,0.49439678,1.0731615,0.6993442,-116.51637,1.9701846,5.0430994,0.6848612,-100.83029,1.982688,1.5887381,7.207356,0.6991695,0.68456125,a3,1.5305970009649172e-05,1.5347143321227608e-05,-1592.3185904012028,-1586.6792514019576,2122.9870895526974,1057.3016336196004,283.69351841196385,
vladislavleva_8_4,0.1,32,,,,-1508.012186453225,,7.064572431573697,2.121597,0.01615405,0.25936595,1.6236455,1.4872304,-0.13631213,0.17738795,1.9644136,2.077013,0.016584337,0.2914466,1.5998131,1.4704137,-0.13645172,0.18830897,1.9286686,6.939698,-1.5043058,0.45709997,1.0257795,1.212453,-22.584003,0.7262583,8.593573,1.0070463,-15.477459,0.71777874,2.3087635,6.923985,1.1862823,0.98500454,a3,1.4615724239774863e-06,1.4616334715681824e-06,-3221.122620325697,-3207.718735384108,2699.4084925050065,1435.9621909523007,411.88488632724614,
vladislavleva_8_4,0.1,128,,,,-640.3425242383514,,6.822796335630591,1.3994966,0.021892548,0.19881915,1.9614068,1.3084478,0.02040428,0.16232069,1.7262803,1.3896948,0.021995902,0.20459686,1.8956144,1.2920063,0.021227062,0.16580416,1.7273382,7.5075483,-1.850862,0.5096653,1.0925237,0.64008313,-12.012732,0.5057633,4.9866858,0.46219763,-5.9148307,0.40741712,1.0862918,7.5077047,0.6100777,0.4282684,a3,2.3704149043624057e-06,2.375875904098617e-06,-2270.932925369397,-2287.183442232693,2576.4944396419005,1473.5508681058643,369.37593879894433,
vladislavleva_8_4,0.1,512,,,,-573.4095308912719,,6.749459067550886,1.222862,0.023174465,0.15092298,1.7729995,1.3023746,0.016729057,0.17292212,1.6505991,1.2131201,0.023460329,0.15539746,1.7573452,1.2936475,0.017172515,0.17490263,1.6458865,7.2942376,-1.8519747,0.49117026,1.091698,0.5983818,-13.517346,0.60013133,4.1139584,0.44176912,-6.639927,0.46304253,1.0330642,7.2943926,0.58559525,0.41457662,a3,2.7448859327705577e-06,2.7486840823173495e-06,-2033.1917011502267,-2079.033067316681,2194.7009005810905,1833.3036547165968,379.82144836471673,
vladislavleva_8_4,0.1,2048,,,,-1075.43145175552,,7.24059806293689,1.3235096,0.014215648,0.16991884,1.6885645,1.3576738,0.013945341,0.17075142,1.7768362,1.315183,0.014339328,0.16984087,1.6806581,1.3547795,0.01428026,0.1777163,1.7538979,7.348445,-1.7519624,0.4870672,1.0941364,0.6839678,-15.812485,0.6066408,4.9308677,0.47460878,-6.8506503,0.47951728,1.1029902,7.3474116,0.66628003,0.44740444,a3,1.027842131406942e-06,1.0273385967149332e-06,-1590.585723689411,-1522.905075755179,1733.118247492877,1076.095657810626,285.252659517381,
